﻿<DataObject comparison="Ordinal">
  <Section id="">
    <Subsections>
      <Section id="General">
        <Subsections />
        <Entries>
          <Entry key="ElapsedTime">
            <double>0</double>
          </Entry>
          <Entry key="StartedAt">
            <dateTime>2021-07-26T02:20:30.6700387+00:00</dateTime>
          </Entry>
          <Entry key="EndedAt">
            <dateTime>9999-12-31T23:59:59.9999999</dateTime>
          </Entry>
          <Entry key="ReplayStatus">
            <LastReplayRunStatus>NA</LastReplayRunStatus>
          </Entry>
          <Entry key="NumberOfReplayErrors">
            <int>0</int>
          </Entry>
          <Entry key="NumberOfReplayCriticalErrors">
            <int>0</int>
          </Entry>
          <Entry key="NumberOfCompilationErrors">
            <int>0</int>
          </Entry>
        </Entries>
      </Section>
    </Subsections>
    <Entries>
      <Entry key="Iterations">
        <int>126</int>
      </Entry>
    </Entries>
  </Section>
</DataObject>