﻿<?xml version="1.0"?>
<!DOCTYPE Report
[
<!ELEMENT Report (General ,(Doc|BPT)) >
<!ATTLIST Report ver CDATA #REQUIRED tmZone CDATA #REQUIRED>

<!ELEMENT General ( DocLocation ) >
<!ATTLIST General productName CDATA #REQUIRED productVer CDATA #REQUIRED os CDATA #REQUIRED host CDATA #REQUIRED qcserver CDATA #IMPLIED qcproject CDATA #IMPLIED SolManSolutionId CDATA #IMPLIED SolManProjectId CDATA #IMPLIED SolManTestPlanId CDATA #IMPLIED SolManTestPackageId CDATA #IMPLIED SolManUserInfoData CDATA #IMPLIED  >

<!ELEMENT BPT (DName,Res,DVer?,TSet?,TInst?,NodeArgs,AdditionalInfo*,Doc*) >
<!ATTLIST BPT rID ID #REQUIRED >

<!ELEMENT Doc (DName,ConfName?,Res,DVer?,TSet?,TInst?,RunType?,DT?,AdditionalInfo*,Step*,DIter*,Step*,Action*,Doc*,Summary?,TestMaintenanceSummary*,NodeArgs?) >
<!ATTLIST Doc rID ID #REQUIRED type (Test|BC|BPTWrapperTest|Flow|Group|Action) "Test" productName CDATA #REQUIRED BCIter CDATA #IMPLIED >

<!ELEMENT RunType ( #PCDATA )>
<!ATTLIST RunType fmStep (False|True) "False" batch (False|True) "False" upDesc (False|True) "False" upChk (False|True) "False" upAS (False|True) "False">

<!ELEMENT DName ( #PCDATA ) >

<!ELEMENT ConfName ( #PCDATA ) >

<!ELEMENT Res ( #PCDATA ) >

<!ELEMENT AdditionalInfo (AdditionalDataName,AdditionalDataValue ) >

<!ELEMENT AdditionalDataName ( #PCDATA ) >

<!ELEMENT AdditionalDataValue ( #PCDATA ) >

<!ELEMENT DVer ( #PCDATA ) >

<!ELEMENT TSet ( #PCDATA ) >

<!ELEMENT TInst ( #PCDATA ) >

<!ELEMENT DIter (Step*,Action+,Summary?,NodeArgs)>
<!ATTLIST DIter rID ID #REQUIRED iterID CDATA #REQUIRED>

<!ELEMENT DocLocation ( #PCDATA )>

<!ELEMENT Action (AName,AIter*,(Step|HtmlStep|Action)*, Summary,ActionMaintenanceSummary*, NodeArgs ) >
<!ATTLIST Action rID ID #REQUIRED>

<!ELEMENT AIter ((Step|HtmlStep|Action)*,DataMapping?, Summary?,NodeArgs) >
<!ATTLIST AIter rID ID #REQUIRED iterID CDATA #REQUIRED isCountable (False|True) "False" >

<!ELEMENT AName ( #PCDATA ) >

<!ELEMENT TestMaintenanceSummary (ActionMaintenanceSummary*) >
<!ATTLIST TestMaintenanceSummary ObjectsAdded CDATA #REQUIRED ObjectsUpdated CDATA #REQUIRED StepsUpdated CDATA #REQUIRED StepsComments CDATA #REQUIRED><!ELEMENT ActionMaintenanceSummary (ObjectChange* ) >
<!ATTLIST ActionMaintenanceSummary Action CDATA #REQUIRED Objects CDATA #REQUIRED Updated CDATA #REQUIRED LinesTotal CDATA #REQUIRED Added CDATA #REQUIRED LinesUpdated CDATA #REQUIRED>

<!ELEMENT ObjectChange  (Hierarchy, PropertyChangeList* ) >
<!ATTLIST ObjectChange Operation CDATA #IMPLIED OriginalRepository CDATA #IMPLIED>

<!ELEMENT PropertyChangeList (PropertyDef*) >

<!ELEMENT PropertyDef (OriginalValue, NewValue) >
<!ATTLIST PropertyDef PropName CDATA #REQUIRED OriginRegularExpression (True|False) "False" NewRegularExpression (True|False) "False" AddedProperty (True|False) "False" >

<!ELEMENT OriginalValue ( #PCDATA )>

<!ELEMENT NewValue ( #PCDATA )>

<!ELEMENT Hierarchy  (ObjectName, Hierarchy*) >
<!ATTLIST Hierarchy MicClass CDATA #REQUIRED>

<!ELEMENT ObjectName  ( #PCDATA ) >

<!ELEMENT Step (Obj,Details,Time,TimeTick* ,(Step|HtmlStep|Doc)*, DataMapping?, NodeArgs) >
<!ATTLIST Step rID ID #REQUIRED retval CDATA #IMPLIED>

<!ELEMENT HtmlStep (HTML,TimeTick*,(Step|HtmlStep|Doc)*,NodeArgs) >
<!ATTLIST HtmlStep rID ID #REQUIRED >

<!ELEMENT Obj ( #PCDATA ) >
<!ATTLIST Obj plainTxt (False|True) "True">

<!ELEMENT Details ( #PCDATA ) >
<!ATTLIST Details plainTxt (False|True) "True">

<!ELEMENT Time ( #PCDATA ) >

<!ELEMENT HTML ( #PCDATA ) >

<!ELEMENT Disp ( #PCDATA ) >

<!ELEMENT TimeTick ( #PCDATA ) >

<!ELEMENT DataMapping ( DataMappedItem* )>
<!ELEMENT DataMappedItem EMPTY >
<!ATTLIST DataMappedItem dsName CDATA #REQUIRED >
<!ATTLIST DataMappedItem rowId CDATA #REQUIRED >

<!ELEMENT NodeArgs (Disp,TopPane?,BtmPane?,ExtendedInfo? )>
<!ATTLIST NodeArgs eType CDATA #REQUIRED icon CDATA #REQUIRED nRep CDATA #REQUIRED UserNote CDATA #IMPLIED filter (False|True) "True">
<!ATTLIST NodeArgs status (Passed|Failed|Done|Warning|Information) "Done">
<!ATTLIST NodeArgs iconSel CDATA #IMPLIED nType CDATA #IMPLIED MovieMarker CDATA "">
<!ATTLIST NodeArgs Source CDATA #IMPLIED SourceLine CDATA #IMPLIED StepFlowItemKey CDATA #IMPLIED >

<!ELEMENT TopPane (Path)>

<!ELEMENT BtmPane ( (Path|WR)?,ASHilite?)>
<!ATTLIST BtmPane vType CDATA "HTML">

<!ELEMENT Path ( #PCDATA ) >

<!ELEMENT ASHilite ( #PCDATA ) >

<!ELEMENT WR ( #PCDATA ) >

<!ELEMENT ExtendedInfo ( StepData ) >

<!ATTLIST ExtendedInfo StepType CDATA #REQUIRED>
<!ELEMENT DT (NodeArgs) >
<!ATTLIST DT rID ID #REQUIRED>

<!ELEMENT Summary (Param*)>
<!ATTLIST Summary sTime CDATA #IMPLIED eTime CDATA #IMPLIED passed CDATA #IMPLIED failed CDATA #IMPLIED warnings CDATA #IMPLIED retval CDATA #IMPLIED stopped (False|True) "False" >

<!ELEMENT Param (ParamName,ParamVal)+ >
<!ATTLIST Param paramInOut (In|Out) "In">

<!ELEMENT ParamName ( #PCDATA ) >

<!ELEMENT ParamVal ( #PCDATA ) >

]
>
<Report ver="2.0" tmZone="Coordinated Universal Time">
<General productName="Vugen" productVer="2021" os="" host="VMNEWCON062"><DocLocation><![CDATA[S:\GMF_NewCon\Test_Scripts\ID500_AA_OfertarLance]]></DocLocation></General>
<Doc rID="T1"   productName= "Vugen"  >
<DName><![CDATA[ID500_AA_OfertarLance]]></DName>
<Res><![CDATA[result1]]></Res>
<Action rID="T2">
<AName><![CDATA[Init]]></AName>
<Summary sTime="7/26/2021 - 1:50:31" eTime="7/26/2021 - 1:50:31" passed="0" failed="0" warnings="0" ></Summary>
<NodeArgs eType="StartAction" icon="2" nRep="5" >
<Disp><![CDATA[Init Summary]]></Disp>
</NodeArgs>
</Action>
<DIter rID="T3" iterID="1" >
<Action rID="T4">
<AName><![CDATA[Action]]></AName>
<Step rID="T5">
<Obj plainTxt="False" ><![CDATA[Navigate]]></Obj>
<Details plainTxt="False" ><![CDATA[14: Navigate to https://prenewconcustome...oAtendimento.Web was finished]]></Details>
<Time><![CDATA[7/26/2021 - 1:50:35]]></Time>
<TimeTick>1627264235</TimeTick>
<NodeArgs eType="General" icon="0" nRep="9" status="Passed" >
<Disp><![CDATA[Navigate]]></Disp>
</NodeArgs>
</Step>
<Step rID="T6">
<Obj plainTxt="False" ><![CDATA[Click]]></Obj>
<Details plainTxt="False" ><![CDATA[15: Click on Grupo/Cota  was finished]]></Details>
<Time><![CDATA[7/26/2021 - 1:50:38]]></Time>
<TimeTick>1627264238</TimeTick>
<NodeArgs eType="General" icon="0" nRep="10" status="Passed" >
<Disp><![CDATA[Click]]></Disp>
</NodeArgs>
</Step>
<Step rID="T7">
<Obj plainTxt="False" ><![CDATA[Click]]></Obj>
<Details plainTxt="False" ><![CDATA[16.1: Click on Grupo textbox was finished]]></Details>
<Time><![CDATA[7/26/2021 - 1:50:40]]></Time>
<TimeTick>1627264240</TimeTick>
<NodeArgs eType="General" icon="0" nRep="11" status="Passed" >
<Disp><![CDATA[Click]]></Disp>
</NodeArgs>
</Step>
<Step rID="T8">
<Obj plainTxt="False" ><![CDATA[Type]]></Obj>
<Details plainTxt="False" ><![CDATA[16.2: Type 084744 in Grupo textbox was finished]]></Details>
<Time><![CDATA[7/26/2021 - 1:50:44]]></Time>
<TimeTick>1627264244</TimeTick>
<NodeArgs eType="General" icon="0" nRep="12" status="Passed" >
<Disp><![CDATA[Type]]></Disp>
</NodeArgs>
</Step>
<Step rID="T9">
<Obj plainTxt="False" ><![CDATA[Type]]></Obj>
<Details plainTxt="False" ><![CDATA[16.3: Type 0784 in Cota textbox was finished]]></Details>
<Time><![CDATA[7/26/2021 - 1:50:46]]></Time>
<TimeTick>1627264246</TimeTick>
<NodeArgs eType="General" icon="0" nRep="13" status="Passed" >
<Disp><![CDATA[Type]]></Disp>
</NodeArgs>
</Step>
<Step rID="T10">
<Obj plainTxt="False" ><![CDATA[Type]]></Obj>
<Details plainTxt="False" ><![CDATA[16.4: Type 00 in Versão textbox was finished]]></Details>
<Time><![CDATA[7/26/2021 - 1:50:47]]></Time>
<TimeTick>1627264247</TimeTick>
<NodeArgs eType="General" icon="0" nRep="14" status="Passed" >
<Disp><![CDATA[Type]]></Disp>
</NodeArgs>
</Step>
<Step rID="T11">
<Obj plainTxt="False" ><![CDATA[Type]]></Obj>
<Details plainTxt="False" ><![CDATA[16.5: Type ************ in Senha passwordbox was finished]]></Details>
<Time><![CDATA[7/26/2021 - 1:50:53]]></Time>
<TimeTick>1627264253</TimeTick>
<NodeArgs eType="General" icon="0" nRep="15" status="Passed" >
<Disp><![CDATA[Type]]></Disp>
</NodeArgs>
</Step>
<Step rID="T12">
<Obj plainTxt="False" ><![CDATA[Click]]></Obj>
<Details plainTxt="False" ><![CDATA[16.6: Click on Acessar button was finished]]></Details>
<Time><![CDATA[7/26/2021 - 1:50:54]]></Time>
<TimeTick>1627264254</TimeTick>
<NodeArgs eType="General" icon="0" nRep="16" status="Passed" >
<Disp><![CDATA[Click]]></Disp>
</NodeArgs>
</Step>
<Step rID="T13">
<Obj plainTxt="False" ><![CDATA[Click]]></Obj>
<Details plainTxt="False" ><![CDATA[18: Click on Lance Livre  was finished]]></Details>
<Time><![CDATA[7/26/2021 - 1:50:57]]></Time>
<TimeTick>1627264257</TimeTick>
<NodeArgs eType="General" icon="0" nRep="17" status="Passed" >
<Disp><![CDATA[Click]]></Disp>
</NodeArgs>
</Step>
<Step rID="T14">
<Obj plainTxt="False" ><![CDATA[Click]]></Obj>
<Details plainTxt="False" ><![CDATA[20: Click on ofertar um Lance Livre  was finished]]></Details>
<Time><![CDATA[7/26/2021 - 1:50:58]]></Time>
<TimeTick>1627264258</TimeTick>
<NodeArgs eType="General" icon="0" nRep="18" status="Passed" >
<Disp><![CDATA[Click]]></Disp>
</NodeArgs>
</Step>
<Step rID="T15">
<Obj plainTxt="False" ><![CDATA[Click]]></Obj>
<Details plainTxt="False" ><![CDATA[22: Click on Valor (%)  was finished]]></Details>
<Time><![CDATA[7/26/2021 - 1:51:01]]></Time>
<TimeTick>1627264261</TimeTick>
<NodeArgs eType="General" icon="0" nRep="19" status="Passed" >
<Disp><![CDATA[Click]]></Disp>
</NodeArgs>
</Step>
<Step rID="T16">
<Obj plainTxt="False" ><![CDATA[Get Property]]></Obj>
<Details plainTxt="False" ><![CDATA[24: Get Visible Text from Valor minimo  was finished]]></Details>
<Time><![CDATA[7/26/2021 - 1:51:01]]></Time>
<TimeTick>1627264261</TimeTick>
<NodeArgs eType="General" icon="0" nRep="20" status="Passed" >
<Disp><![CDATA[Get Property]]></Disp>
</NodeArgs>
</Step>
<Step rID="T17">
<Obj plainTxt="False" ><![CDATA[Click]]></Obj>
<Details plainTxt="False" ><![CDATA[27: Click on Valor textbox was finished]]></Details>
<Time><![CDATA[7/26/2021 - 1:51:04]]></Time>
<TimeTick>1627264264</TimeTick>
<NodeArgs eType="General" icon="0" nRep="21" status="Passed" >
<Disp><![CDATA[Click]]></Disp>
</NodeArgs>
</Step>
<Step rID="T18">
<Obj plainTxt="False" ><![CDATA[Type]]></Obj>
<Details plainTxt="False" ><![CDATA[28: Type 1,1905%  in Valor textbox was finished]]></Details>
<Time><![CDATA[7/26/2021 - 1:51:09]]></Time>
<TimeTick>1627264269</TimeTick>
<NodeArgs eType="General" icon="0" nRep="22" status="Passed" >
<Disp><![CDATA[Type]]></Disp>
</NodeArgs>
</Step>
<Step rID="T19">
<Obj plainTxt="False" ><![CDATA[Click]]></Obj>
<Details plainTxt="False" ><![CDATA[30: Click on CONTINUAR button was finished]]></Details>
<Time><![CDATA[7/26/2021 - 1:51:12]]></Time>
<TimeTick>1627264272</TimeTick>
<NodeArgs eType="General" icon="0" nRep="23" status="Passed" >
<Disp><![CDATA[Click]]></Disp>
</NodeArgs>
</Step>
<Step rID="T20">
<Obj plainTxt="False" ><![CDATA[Click]]></Obj>
<Details plainTxt="False" ><![CDATA[32: Click on Ant Radio radiogroup was finished]]></Details>
<Time><![CDATA[7/26/2021 - 1:51:15]]></Time>
<TimeTick>1627264275</TimeTick>
<NodeArgs eType="General" icon="0" nRep="24" status="Passed" >
<Disp><![CDATA[Click]]></Disp>
</NodeArgs>
</Step>
<Step rID="T21">
<Obj plainTxt="False" ><![CDATA[Click]]></Obj>
<Details plainTxt="False" ><![CDATA[34: Click on CONTINUAR button was finished]]></Details>
<Time><![CDATA[7/26/2021 - 1:51:17]]></Time>
<TimeTick>1627264277</TimeTick>
<NodeArgs eType="General" icon="0" nRep="25" status="Passed" >
<Disp><![CDATA[Click]]></Disp>
</NodeArgs>
</Step>
<Step rID="T22">
<Obj plainTxt="False" ><![CDATA[Click]]></Obj>
<Details plainTxt="False" ><![CDATA[36: Click on Reduzir Parcela  was finished]]></Details>
<Time><![CDATA[7/26/2021 - 1:51:21]]></Time>
<TimeTick>1627264281</TimeTick>
<NodeArgs eType="General" icon="0" nRep="26" status="Passed" >
<Disp><![CDATA[Click]]></Disp>
</NodeArgs>
</Step>
<Step rID="T23">
<Obj plainTxt="False" ><![CDATA[Click]]></Obj>
<Details plainTxt="False" ><![CDATA[38: Click on CONFIRMAR button was finished]]></Details>
<Time><![CDATA[7/26/2021 - 1:51:24]]></Time>
<TimeTick>1627264284</TimeTick>
<NodeArgs eType="General" icon="0" nRep="27" status="Passed" >
<Disp><![CDATA[Click]]></Disp>
</NodeArgs>
</Step>
<Step rID="T24">
<Obj plainTxt="False" ><![CDATA[Click]]></Obj>
<Details plainTxt="False" ><![CDATA[40: Click on IMPRIMIR COMPROVANTE button was finished]]></Details>
<Time><![CDATA[7/26/2021 - 1:51:27]]></Time>
<TimeTick>1627264287</TimeTick>
<NodeArgs eType="General" icon="0" nRep="28" status="Passed" >
<Disp><![CDATA[Click]]></Disp>
</NodeArgs>
</Step>
<Step rID="T25">
<Obj plainTxt="False" ><![CDATA[Click]]></Obj>
<Details plainTxt="False" ><![CDATA[42: Click on button (1) button was finished]]></Details>
<Time><![CDATA[7/26/2021 - 1:51:29]]></Time>
<TimeTick>1627264289</TimeTick>
<NodeArgs eType="General" icon="0" nRep="29" status="Passed" >
<Disp><![CDATA[Click]]></Disp>
</NodeArgs>
</Step>
<Step rID="T26">
<Obj plainTxt="False" ><![CDATA[Click]]></Obj>
<Details plainTxt="False" ><![CDATA[44: Click on button (2) button was finished]]></Details>
<Time><![CDATA[7/26/2021 - 1:51:32]]></Time>
<TimeTick>1627264292</TimeTick>
<NodeArgs eType="General" icon="0" nRep="30" status="Passed" >
<Disp><![CDATA[Click]]></Disp>
</NodeArgs>
</Step>
<Step rID="T27">
<Obj plainTxt="False" ><![CDATA[Click]]></Obj>
<Details plainTxt="False" ><![CDATA[46: Click on Sair button was finished]]></Details>
<Time><![CDATA[7/26/2021 - 1:51:35]]></Time>
<TimeTick>1627264295</TimeTick>
<NodeArgs eType="General" icon="0" nRep="31" status="Passed" >
<Disp><![CDATA[Click]]></Disp>
</NodeArgs>
</Step>
<Step rID="T28">
<Obj plainTxt="False" ><![CDATA[Click]]></Obj>
<Details plainTxt="False" ><![CDATA[47: Click on Sair  was finished]]></Details>
<Time><![CDATA[7/26/2021 - 1:51:35]]></Time>
<TimeTick>1627264295</TimeTick>
<NodeArgs eType="General" icon="0" nRep="32" status="Passed" >
<Disp><![CDATA[Click]]></Disp>
</NodeArgs>
</Step>
<Summary sTime="7/26/2021 - 1:50:32" eTime="7/26/2021 - 1:51:35" passed="24" failed="0" warnings="0" ></Summary>
<NodeArgs eType="StartAction" icon="2" nRep="8" status="Passed" >
<Disp><![CDATA[Action Summary]]></Disp>
</NodeArgs>
</Action>
<NodeArgs eType="StartIteration" icon="3" nRep="7" status="Passed" >
<Disp><![CDATA[ID500_AA_OfertarLance Iteration 1 (Row 1)]]></Disp>
</NodeArgs>
</DIter>
<DIter rID="T29" iterID="2" >
<Action rID="T30">
<AName><![CDATA[Action]]></AName>
<Step rID="T31">
<Obj plainTxt="False" ><![CDATA[Navigate]]></Obj>
<Details plainTxt="False" ><![CDATA[14: Navigate to https://prenewconcustome...oAtendimento.Web was finished]]></Details>
<Time><![CDATA[7/26/2021 - 1:51:39]]></Time>
<TimeTick>1627264299</TimeTick>
<NodeArgs eType="General" icon="0" nRep="37" status="Passed" >
<Disp><![CDATA[Navigate]]></Disp>
</NodeArgs>
</Step>
<Step rID="T32">
<Obj plainTxt="False" ><![CDATA[Click]]></Obj>
<Details plainTxt="False" ><![CDATA[15: Click on Grupo/Cota  was finished]]></Details>
<Time><![CDATA[7/26/2021 - 1:51:42]]></Time>
<TimeTick>1627264302</TimeTick>
<NodeArgs eType="General" icon="0" nRep="38" status="Passed" >
<Disp><![CDATA[Click]]></Disp>
</NodeArgs>
</Step>
<Step rID="T33">
<Obj plainTxt="False" ><![CDATA[Click]]></Obj>
<Details plainTxt="False" ><![CDATA[16.1: Click on Grupo textbox was finished]]></Details>
<Time><![CDATA[7/26/2021 - 1:51:45]]></Time>
<TimeTick>1627264305</TimeTick>
<NodeArgs eType="General" icon="0" nRep="39" status="Passed" >
<Disp><![CDATA[Click]]></Disp>
</NodeArgs>
</Step>
<Step rID="T34">
<Obj plainTxt="False" ><![CDATA[Type]]></Obj>
<Details plainTxt="False" ><![CDATA[16.2: Type 084744 in Grupo textbox was finished]]></Details>
<Time><![CDATA[7/26/2021 - 1:51:47]]></Time>
<TimeTick>1627264307</TimeTick>
<NodeArgs eType="General" icon="0" nRep="40" status="Passed" >
<Disp><![CDATA[Type]]></Disp>
</NodeArgs>
</Step>
<Step rID="T35">
<Obj plainTxt="False" ><![CDATA[Type]]></Obj>
<Details plainTxt="False" ><![CDATA[16.3: Type 0587 in Cota textbox was finished]]></Details>
<Time><![CDATA[7/26/2021 - 1:51:49]]></Time>
<TimeTick>1627264309</TimeTick>
<NodeArgs eType="General" icon="0" nRep="41" status="Passed" >
<Disp><![CDATA[Type]]></Disp>
</NodeArgs>
</Step>
<Step rID="T36">
<Obj plainTxt="False" ><![CDATA[Type]]></Obj>
<Details plainTxt="False" ><![CDATA[16.4: Type 00 in Versão textbox was finished]]></Details>
<Time><![CDATA[7/26/2021 - 1:51:50]]></Time>
<TimeTick>1627264310</TimeTick>
<NodeArgs eType="General" icon="0" nRep="42" status="Passed" >
<Disp><![CDATA[Type]]></Disp>
</NodeArgs>
</Step>
<Step rID="T37">
<Obj plainTxt="False" ><![CDATA[Type]]></Obj>
<Details plainTxt="False" ><![CDATA[16.5: Type ************ in Senha passwordbox was finished]]></Details>
<Time><![CDATA[7/26/2021 - 1:51:55]]></Time>
<TimeTick>1627264315</TimeTick>
<NodeArgs eType="General" icon="0" nRep="43" status="Passed" >
<Disp><![CDATA[Type]]></Disp>
</NodeArgs>
</Step>
<Step rID="T38">
<Obj plainTxt="False" ><![CDATA[Click]]></Obj>
<Details plainTxt="False" ><![CDATA[16.6: Click on Acessar button was finished]]></Details>
<Time><![CDATA[7/26/2021 - 1:51:57]]></Time>
<TimeTick>1627264317</TimeTick>
<NodeArgs eType="General" icon="0" nRep="44" status="Passed" >
<Disp><![CDATA[Click]]></Disp>
</NodeArgs>
</Step>
<Step rID="T39">
<Obj plainTxt="False" ><![CDATA[Click]]></Obj>
<Details plainTxt="False" ><![CDATA[18: Click on Lance Livre  was finished]]></Details>
<Time><![CDATA[7/26/2021 - 1:52:00]]></Time>
<TimeTick>1627264320</TimeTick>
<NodeArgs eType="General" icon="0" nRep="45" status="Passed" >
<Disp><![CDATA[Click]]></Disp>
</NodeArgs>
</Step>
<Step rID="T40">
<Obj plainTxt="False" ><![CDATA[Click]]></Obj>
<Details plainTxt="False" ><![CDATA[20: Click on ofertar um Lance Livre  was finished]]></Details>
<Time><![CDATA[7/26/2021 - 1:52:01]]></Time>
<TimeTick>1627264321</TimeTick>
<NodeArgs eType="General" icon="0" nRep="46" status="Passed" >
<Disp><![CDATA[Click]]></Disp>
</NodeArgs>
</Step>
<Step rID="T41">
<Obj plainTxt="False" ><![CDATA[Click]]></Obj>
<Details plainTxt="False" ><![CDATA[22: Click on Valor (%)  was finished]]></Details>
<Time><![CDATA[7/26/2021 - 1:52:04]]></Time>
<TimeTick>1627264324</TimeTick>
<NodeArgs eType="General" icon="0" nRep="47" status="Passed" >
<Disp><![CDATA[Click]]></Disp>
</NodeArgs>
</Step>
<Step rID="T42">
<Obj plainTxt="False" ><![CDATA[Get Property]]></Obj>
<Details plainTxt="False" ><![CDATA[24: Get Visible Text from Valor minimo  was finished]]></Details>
<Time><![CDATA[7/26/2021 - 1:52:04]]></Time>
<TimeTick>1627264324</TimeTick>
<NodeArgs eType="General" icon="0" nRep="48" status="Passed" >
<Disp><![CDATA[Get Property]]></Disp>
</NodeArgs>
</Step>
<Step rID="T43">
<Obj plainTxt="False" ><![CDATA[Click]]></Obj>
<Details plainTxt="False" ><![CDATA[27: Click on Valor textbox was finished]]></Details>
<Time><![CDATA[7/26/2021 - 1:52:07]]></Time>
<TimeTick>1627264327</TimeTick>
<NodeArgs eType="General" icon="0" nRep="49" status="Passed" >
<Disp><![CDATA[Click]]></Disp>
</NodeArgs>
</Step>
<Step rID="T44">
<Obj plainTxt="False" ><![CDATA[Type]]></Obj>
<Details plainTxt="False" ><![CDATA[28: Type 1,1905%  in Valor textbox was finished]]></Details>
<Time><![CDATA[7/26/2021 - 1:52:10]]></Time>
<TimeTick>1627264330</TimeTick>
<NodeArgs eType="General" icon="0" nRep="50" status="Passed" >
<Disp><![CDATA[Type]]></Disp>
</NodeArgs>
</Step>
<Step rID="T45">
<Obj plainTxt="False" ><![CDATA[Click]]></Obj>
<Details plainTxt="False" ><![CDATA[30: Click on CONTINUAR button was finished]]></Details>
<Time><![CDATA[7/26/2021 - 1:52:13]]></Time>
<TimeTick>1627264333</TimeTick>
<NodeArgs eType="General" icon="0" nRep="51" status="Passed" >
<Disp><![CDATA[Click]]></Disp>
</NodeArgs>
</Step>
<Step rID="T46">
<Obj plainTxt="False" ><![CDATA[Click]]></Obj>
<Details plainTxt="False" ><![CDATA[32: Click on Ant Radio radiogroup was finished]]></Details>
<Time><![CDATA[7/26/2021 - 1:52:15]]></Time>
<TimeTick>1627264335</TimeTick>
<NodeArgs eType="General" icon="0" nRep="52" status="Passed" >
<Disp><![CDATA[Click]]></Disp>
</NodeArgs>
</Step>
<Step rID="T47">
<Obj plainTxt="False" ><![CDATA[Click]]></Obj>
<Details plainTxt="False" ><![CDATA[34: Click on CONTINUAR button was finished]]></Details>
<Time><![CDATA[7/26/2021 - 1:52:18]]></Time>
<TimeTick>1627264338</TimeTick>
<NodeArgs eType="General" icon="0" nRep="53" status="Passed" >
<Disp><![CDATA[Click]]></Disp>
</NodeArgs>
</Step>
<Step rID="T48">
<Obj plainTxt="False" ><![CDATA[Click]]></Obj>
<Details plainTxt="False" ><![CDATA[36: Click on Reduzir Parcela  was finished]]></Details>
<Time><![CDATA[7/26/2021 - 1:52:21]]></Time>
<TimeTick>1627264341</TimeTick>
<NodeArgs eType="General" icon="0" nRep="54" status="Passed" >
<Disp><![CDATA[Click]]></Disp>
</NodeArgs>
</Step>
<Step rID="T49">
<Obj plainTxt="False" ><![CDATA[Click]]></Obj>
<Details plainTxt="False" ><![CDATA[38: Click on CONFIRMAR button was finished]]></Details>
<Time><![CDATA[7/26/2021 - 1:52:24]]></Time>
<TimeTick>1627264344</TimeTick>
<NodeArgs eType="General" icon="0" nRep="55" status="Passed" >
<Disp><![CDATA[Click]]></Disp>
</NodeArgs>
</Step>
<Step rID="T50">
<Obj plainTxt="False" ><![CDATA[Click]]></Obj>
<Details plainTxt="False" ><![CDATA[40: Click on IMPRIMIR COMPROVANTE button was finished]]></Details>
<Time><![CDATA[7/26/2021 - 1:52:26]]></Time>
<TimeTick>1627264346</TimeTick>
<NodeArgs eType="General" icon="0" nRep="56" status="Passed" >
<Disp><![CDATA[Click]]></Disp>
</NodeArgs>
</Step>
<Step rID="T51">
<Obj plainTxt="False" ><![CDATA[Click]]></Obj>
<Details plainTxt="False" ><![CDATA[42: Click on button (1) button was finished]]></Details>
<Time><![CDATA[7/26/2021 - 1:52:29]]></Time>
<TimeTick>1627264349</TimeTick>
<NodeArgs eType="General" icon="0" nRep="57" status="Passed" >
<Disp><![CDATA[Click]]></Disp>
</NodeArgs>
</Step>
<Step rID="T52">
<Obj plainTxt="False" ><![CDATA[Click]]></Obj>
<Details plainTxt="False" ><![CDATA[44: Click on button (2) button was finished]]></Details>
<Time><![CDATA[7/26/2021 - 1:52:31]]></Time>
<TimeTick>1627264351</TimeTick>
<NodeArgs eType="General" icon="0" nRep="58" status="Passed" >
<Disp><![CDATA[Click]]></Disp>
</NodeArgs>
</Step>
<Step rID="T53">
<Obj plainTxt="False" ><![CDATA[Click]]></Obj>
<Details plainTxt="False" ><![CDATA[46: Click on Sair button was finished]]></Details>
<Time><![CDATA[7/26/2021 - 1:52:34]]></Time>
<TimeTick>1627264354</TimeTick>
<NodeArgs eType="General" icon="0" nRep="59" status="Passed" >
<Disp><![CDATA[Click]]></Disp>
</NodeArgs>
</Step>
<Step rID="T54">
<Obj plainTxt="False" ><![CDATA[Click]]></Obj>
<Details plainTxt="False" ><![CDATA[47: Click on Sair  was finished]]></Details>
<Time><![CDATA[7/26/2021 - 1:52:35]]></Time>
<TimeTick>1627264355</TimeTick>
<NodeArgs eType="General" icon="0" nRep="60" status="Passed" >
<Disp><![CDATA[Click]]></Disp>
</NodeArgs>
</Step>
<Summary sTime="7/26/2021 - 1:51:37" eTime="7/26/2021 - 1:52:35" passed="24" failed="0" warnings="0" ></Summary>
<NodeArgs eType="StartAction" icon="2" nRep="36" status="Passed" >
<Disp><![CDATA[Action Summary]]></Disp>
</NodeArgs>
</Action>
<NodeArgs eType="StartIteration" icon="3" nRep="35" status="Passed" >
<Disp><![CDATA[ID500_AA_OfertarLance Iteration 2 (Row 2)]]></Disp>
</NodeArgs>
</DIter>
<DIter rID="T55" iterID="3" >
<Action rID="T56">
<AName><![CDATA[Action]]></AName>
<Step rID="T57">
<Obj plainTxt="False" ><![CDATA[Navigate]]></Obj>
<Details plainTxt="False" ><![CDATA[14: Navigate to https://prenewconcustome...oAtendimento.Web was finished]]></Details>
<Time><![CDATA[7/26/2021 - 1:52:39]]></Time>
<TimeTick>1627264359</TimeTick>
<NodeArgs eType="General" icon="0" nRep="65" status="Passed" >
<Disp><![CDATA[Navigate]]></Disp>
</NodeArgs>
</Step>
<Step rID="T58">
<Obj plainTxt="False" ><![CDATA[Click]]></Obj>
<Details plainTxt="False" ><![CDATA[15: Click on Grupo/Cota  was finished]]></Details>
<Time><![CDATA[7/26/2021 - 1:52:41]]></Time>
<TimeTick>1627264361</TimeTick>
<NodeArgs eType="General" icon="0" nRep="66" status="Passed" >
<Disp><![CDATA[Click]]></Disp>
</NodeArgs>
</Step>
<Step rID="T59">
<Obj plainTxt="False" ><![CDATA[Click]]></Obj>
<Details plainTxt="False" ><![CDATA[16.1: Click on Grupo textbox was finished]]></Details>
<Time><![CDATA[7/26/2021 - 1:52:44]]></Time>
<TimeTick>1627264364</TimeTick>
<NodeArgs eType="General" icon="0" nRep="67" status="Passed" >
<Disp><![CDATA[Click]]></Disp>
</NodeArgs>
</Step>
<Step rID="T60">
<Obj plainTxt="False" ><![CDATA[Type]]></Obj>
<Details plainTxt="False" ><![CDATA[16.2: Type 084744 in Grupo textbox was finished]]></Details>
<Time><![CDATA[7/26/2021 - 1:52:48]]></Time>
<TimeTick>1627264368</TimeTick>
<NodeArgs eType="General" icon="0" nRep="68" status="Passed" >
<Disp><![CDATA[Type]]></Disp>
</NodeArgs>
</Step>
<Step rID="T61">
<Obj plainTxt="False" ><![CDATA[Type]]></Obj>
<Details plainTxt="False" ><![CDATA[16.3: Type 0446 in Cota textbox was finished]]></Details>
<Time><![CDATA[7/26/2021 - 1:52:50]]></Time>
<TimeTick>1627264370</TimeTick>
<NodeArgs eType="General" icon="0" nRep="69" status="Passed" >
<Disp><![CDATA[Type]]></Disp>
</NodeArgs>
</Step>
<Step rID="T62">
<Obj plainTxt="False" ><![CDATA[Type]]></Obj>
<Details plainTxt="False" ><![CDATA[16.4: Type 00 in Versão textbox was finished]]></Details>
<Time><![CDATA[7/26/2021 - 1:52:51]]></Time>
<TimeTick>1627264371</TimeTick>
<NodeArgs eType="General" icon="0" nRep="70" status="Passed" >
<Disp><![CDATA[Type]]></Disp>
</NodeArgs>
</Step>
<Step rID="T63">
<Obj plainTxt="False" ><![CDATA[Type]]></Obj>
<Details plainTxt="False" ><![CDATA[16.5: Type ************ in Senha passwordbox was finished]]></Details>
<Time><![CDATA[7/26/2021 - 1:52:56]]></Time>
<TimeTick>1627264376</TimeTick>
<NodeArgs eType="General" icon="0" nRep="71" status="Passed" >
<Disp><![CDATA[Type]]></Disp>
</NodeArgs>
</Step>
<Step rID="T64">
<Obj plainTxt="False" ><![CDATA[Click]]></Obj>
<Details plainTxt="False" ><![CDATA[16.6: Click on Acessar button was finished]]></Details>
<Time><![CDATA[7/26/2021 - 1:52:58]]></Time>
<TimeTick>1627264378</TimeTick>
<NodeArgs eType="General" icon="0" nRep="72" status="Passed" >
<Disp><![CDATA[Click]]></Disp>
</NodeArgs>
</Step>
<Step rID="T65">
<Obj plainTxt="False" ><![CDATA[Click]]></Obj>
<Details plainTxt="False" ><![CDATA[18: Click on Lance Livre  was finished]]></Details>
<Time><![CDATA[7/26/2021 - 1:53:01]]></Time>
<TimeTick>1627264381</TimeTick>
<NodeArgs eType="General" icon="0" nRep="73" status="Passed" >
<Disp><![CDATA[Click]]></Disp>
</NodeArgs>
</Step>
<Step rID="T66">
<Obj plainTxt="False" ><![CDATA[Click]]></Obj>
<Details plainTxt="False" ><![CDATA[20: Click on ofertar um Lance Livre  was finished]]></Details>
<Time><![CDATA[7/26/2021 - 1:53:02]]></Time>
<TimeTick>1627264382</TimeTick>
<NodeArgs eType="General" icon="0" nRep="74" status="Passed" >
<Disp><![CDATA[Click]]></Disp>
</NodeArgs>
</Step>
<Step rID="T67">
<Obj plainTxt="False" ><![CDATA[Click]]></Obj>
<Details plainTxt="False" ><![CDATA[22: Click on Valor (%)  was finished]]></Details>
<Time><![CDATA[7/26/2021 - 1:53:05]]></Time>
<TimeTick>1627264385</TimeTick>
<NodeArgs eType="General" icon="0" nRep="75" status="Passed" >
<Disp><![CDATA[Click]]></Disp>
</NodeArgs>
</Step>
<Step rID="T68">
<Obj plainTxt="False" ><![CDATA[Get Property]]></Obj>
<Details plainTxt="False" ><![CDATA[24: Get Visible Text from Valor minimo  was finished]]></Details>
<Time><![CDATA[7/26/2021 - 1:53:05]]></Time>
<TimeTick>1627264385</TimeTick>
<NodeArgs eType="General" icon="0" nRep="76" status="Passed" >
<Disp><![CDATA[Get Property]]></Disp>
</NodeArgs>
</Step>
<Step rID="T69">
<Obj plainTxt="False" ><![CDATA[Click]]></Obj>
<Details plainTxt="False" ><![CDATA[27: Click on Valor textbox was finished]]></Details>
<Time><![CDATA[7/26/2021 - 1:53:08]]></Time>
<TimeTick>1627264388</TimeTick>
<NodeArgs eType="General" icon="0" nRep="77" status="Passed" >
<Disp><![CDATA[Click]]></Disp>
</NodeArgs>
</Step>
<Step rID="T70">
<Obj plainTxt="False" ><![CDATA[Type]]></Obj>
<Details plainTxt="False" ><![CDATA[28: Type 1,1905%  in Valor textbox was finished]]></Details>
<Time><![CDATA[7/26/2021 - 1:53:11]]></Time>
<TimeTick>1627264391</TimeTick>
<NodeArgs eType="General" icon="0" nRep="78" status="Passed" >
<Disp><![CDATA[Type]]></Disp>
</NodeArgs>
</Step>
<Step rID="T71">
<Obj plainTxt="False" ><![CDATA[Click]]></Obj>
<Details plainTxt="False" ><![CDATA[30: Click on CONTINUAR button was finished]]></Details>
<Time><![CDATA[7/26/2021 - 1:53:14]]></Time>
<TimeTick>1627264394</TimeTick>
<NodeArgs eType="General" icon="0" nRep="79" status="Passed" >
<Disp><![CDATA[Click]]></Disp>
</NodeArgs>
</Step>
<Step rID="T72">
<Obj plainTxt="False" ><![CDATA[Click]]></Obj>
<Details plainTxt="False" ><![CDATA[32: Click on Ant Radio radiogroup was finished]]></Details>
<Time><![CDATA[7/26/2021 - 1:53:16]]></Time>
<TimeTick>1627264396</TimeTick>
<NodeArgs eType="General" icon="0" nRep="80" status="Passed" >
<Disp><![CDATA[Click]]></Disp>
</NodeArgs>
</Step>
<Step rID="T73">
<Obj plainTxt="False" ><![CDATA[Click]]></Obj>
<Details plainTxt="False" ><![CDATA[34: Click on CONTINUAR button was finished]]></Details>
<Time><![CDATA[7/26/2021 - 1:53:19]]></Time>
<TimeTick>1627264399</TimeTick>
<NodeArgs eType="General" icon="0" nRep="81" status="Passed" >
<Disp><![CDATA[Click]]></Disp>
</NodeArgs>
</Step>
<Step rID="T74">
<Obj plainTxt="False" ><![CDATA[Click]]></Obj>
<Details plainTxt="False" ><![CDATA[36: Click on Reduzir Parcela  was finished]]></Details>
<Time><![CDATA[7/26/2021 - 1:53:22]]></Time>
<TimeTick>1627264402</TimeTick>
<NodeArgs eType="General" icon="0" nRep="82" status="Passed" >
<Disp><![CDATA[Click]]></Disp>
</NodeArgs>
</Step>
<Step rID="T75">
<Obj plainTxt="False" ><![CDATA[Click]]></Obj>
<Details plainTxt="False" ><![CDATA[38: Click on CONFIRMAR button was finished]]></Details>
<Time><![CDATA[7/26/2021 - 1:53:24]]></Time>
<TimeTick>1627264404</TimeTick>
<NodeArgs eType="General" icon="0" nRep="83" status="Passed" >
<Disp><![CDATA[Click]]></Disp>
</NodeArgs>
</Step>
<Step rID="T76">
<Obj plainTxt="False" ><![CDATA[Click]]></Obj>
<Details plainTxt="False" ><![CDATA[40: Click on IMPRIMIR COMPROVANTE button was finished]]></Details>
<Time><![CDATA[7/26/2021 - 1:53:27]]></Time>
<TimeTick>1627264407</TimeTick>
<NodeArgs eType="General" icon="0" nRep="84" status="Passed" >
<Disp><![CDATA[Click]]></Disp>
</NodeArgs>
</Step>
<Step rID="T77">
<Obj plainTxt="False" ><![CDATA[Click]]></Obj>
<Details plainTxt="False" ><![CDATA[42: Click on button (1) button was finished]]></Details>
<Time><![CDATA[7/26/2021 - 1:53:30]]></Time>
<TimeTick>1627264410</TimeTick>
<NodeArgs eType="General" icon="0" nRep="85" status="Passed" >
<Disp><![CDATA[Click]]></Disp>
</NodeArgs>
</Step>
<Step rID="T78">
<Obj plainTxt="False" ><![CDATA[Click]]></Obj>
<Details plainTxt="False" ><![CDATA[44: Click on button (2) button was finished]]></Details>
<Time><![CDATA[7/26/2021 - 1:53:32]]></Time>
<TimeTick>1627264412</TimeTick>
<NodeArgs eType="General" icon="0" nRep="86" status="Passed" >
<Disp><![CDATA[Click]]></Disp>
</NodeArgs>
</Step>
<Step rID="T79">
<Obj plainTxt="False" ><![CDATA[Click]]></Obj>
<Details plainTxt="False" ><![CDATA[46: Click on Sair button was finished]]></Details>
<Time><![CDATA[7/26/2021 - 1:53:35]]></Time>
<TimeTick>1627264415</TimeTick>
<NodeArgs eType="General" icon="0" nRep="87" status="Passed" >
<Disp><![CDATA[Click]]></Disp>
</NodeArgs>
</Step>
<Step rID="T80">
<Obj plainTxt="False" ><![CDATA[Click]]></Obj>
<Details plainTxt="False" ><![CDATA[47: Click on Sair  was finished]]></Details>
<Time><![CDATA[7/26/2021 - 1:53:36]]></Time>
<TimeTick>1627264416</TimeTick>
<NodeArgs eType="General" icon="0" nRep="88" status="Passed" >
<Disp><![CDATA[Click]]></Disp>
</NodeArgs>
</Step>
<Summary sTime="7/26/2021 - 1:52:36" eTime="7/26/2021 - 1:53:36" passed="24" failed="0" warnings="0" ></Summary>
<NodeArgs eType="StartAction" icon="2" nRep="64" status="Passed" >
<Disp><![CDATA[Action Summary]]></Disp>
</NodeArgs>
</Action>
<NodeArgs eType="StartIteration" icon="3" nRep="63" status="Passed" >
<Disp><![CDATA[ID500_AA_OfertarLance Iteration 3 (Row 3)]]></Disp>
</NodeArgs>
</DIter>
<DIter rID="T81" iterID="4" >
<Action rID="T82">
<AName><![CDATA[Action]]></AName>
<Step rID="T83">
<Obj plainTxt="False" ><![CDATA[Navigate]]></Obj>
<Details plainTxt="False" ><![CDATA[14: Navigate to https://prenewconcustome...oAtendimento.Web was finished]]></Details>
<Time><![CDATA[7/26/2021 - 1:53:40]]></Time>
<TimeTick>1627264420</TimeTick>
<NodeArgs eType="General" icon="0" nRep="93" status="Passed" >
<Disp><![CDATA[Navigate]]></Disp>
</NodeArgs>
</Step>
<Step rID="T84">
<Obj plainTxt="False" ><![CDATA[Click]]></Obj>
<Details plainTxt="False" ><![CDATA[15: Click on Grupo/Cota  was finished]]></Details>
<Time><![CDATA[7/26/2021 - 1:53:43]]></Time>
<TimeTick>1627264423</TimeTick>
<NodeArgs eType="General" icon="0" nRep="94" status="Passed" >
<Disp><![CDATA[Click]]></Disp>
</NodeArgs>
</Step>
<Step rID="T85">
<Obj plainTxt="False" ><![CDATA[Click]]></Obj>
<Details plainTxt="False" ><![CDATA[16.1: Click on Grupo textbox was finished]]></Details>
<Time><![CDATA[7/26/2021 - 1:53:45]]></Time>
<TimeTick>1627264425</TimeTick>
<NodeArgs eType="General" icon="0" nRep="95" status="Passed" >
<Disp><![CDATA[Click]]></Disp>
</NodeArgs>
</Step>
<Step rID="T86">
<Obj plainTxt="False" ><![CDATA[Type]]></Obj>
<Details plainTxt="False" ><![CDATA[16.2: Type 084744 in Grupo textbox was finished]]></Details>
<Time><![CDATA[7/26/2021 - 1:53:49]]></Time>
<TimeTick>1627264429</TimeTick>
<NodeArgs eType="General" icon="0" nRep="96" status="Passed" >
<Disp><![CDATA[Type]]></Disp>
</NodeArgs>
</Step>
<Step rID="T87">
<Obj plainTxt="False" ><![CDATA[Type]]></Obj>
<Details plainTxt="False" ><![CDATA[16.3: Type 0885 in Cota textbox was finished]]></Details>
<Time><![CDATA[7/26/2021 - 1:53:51]]></Time>
<TimeTick>1627264431</TimeTick>
<NodeArgs eType="General" icon="0" nRep="97" status="Passed" >
<Disp><![CDATA[Type]]></Disp>
</NodeArgs>
</Step>
<Step rID="T88">
<Obj plainTxt="False" ><![CDATA[Type]]></Obj>
<Details plainTxt="False" ><![CDATA[16.4: Type 00 in Versão textbox was finished]]></Details>
<Time><![CDATA[7/26/2021 - 1:53:52]]></Time>
<TimeTick>1627264432</TimeTick>
<NodeArgs eType="General" icon="0" nRep="98" status="Passed" >
<Disp><![CDATA[Type]]></Disp>
</NodeArgs>
</Step>
<Step rID="T89">
<Obj plainTxt="False" ><![CDATA[Type]]></Obj>
<Details plainTxt="False" ><![CDATA[16.5: Type ************ in Senha passwordbox was finished]]></Details>
<Time><![CDATA[7/26/2021 - 1:53:57]]></Time>
<TimeTick>1627264437</TimeTick>
<NodeArgs eType="General" icon="0" nRep="99" status="Passed" >
<Disp><![CDATA[Type]]></Disp>
</NodeArgs>
</Step>
<Step rID="T90">
<Obj plainTxt="False" ><![CDATA[Click]]></Obj>
<Details plainTxt="False" ><![CDATA[16.6: Click on Acessar button was finished]]></Details>
<Time><![CDATA[7/26/2021 - 1:53:59]]></Time>
<TimeTick>1627264439</TimeTick>
<NodeArgs eType="General" icon="0" nRep="100" status="Passed" >
<Disp><![CDATA[Click]]></Disp>
</NodeArgs>
</Step>
<Step rID="T91">
<Obj plainTxt="False" ><![CDATA[Click]]></Obj>
<Details plainTxt="False" ><![CDATA[18: Click on Lance Livre  was finished]]></Details>
<Time><![CDATA[7/26/2021 - 1:54:02]]></Time>
<TimeTick>1627264442</TimeTick>
<NodeArgs eType="General" icon="0" nRep="101" status="Passed" >
<Disp><![CDATA[Click]]></Disp>
</NodeArgs>
</Step>
<Step rID="T92">
<Obj plainTxt="False" ><![CDATA[Click]]></Obj>
<Details plainTxt="False" ><![CDATA[20: Click on ofertar um Lance Livre  was finished]]></Details>
<Time><![CDATA[7/26/2021 - 1:54:03]]></Time>
<TimeTick>1627264443</TimeTick>
<NodeArgs eType="General" icon="0" nRep="102" status="Passed" >
<Disp><![CDATA[Click]]></Disp>
</NodeArgs>
</Step>
<Step rID="T93">
<Obj plainTxt="False" ><![CDATA[Click]]></Obj>
<Details plainTxt="False" ><![CDATA[22: Click on Valor (%)  was finished]]></Details>
<Time><![CDATA[7/26/2021 - 1:54:06]]></Time>
<TimeTick>1627264446</TimeTick>
<NodeArgs eType="General" icon="0" nRep="103" status="Passed" >
<Disp><![CDATA[Click]]></Disp>
</NodeArgs>
</Step>
<Step rID="T94">
<Obj plainTxt="False" ><![CDATA[Get Property]]></Obj>
<Details plainTxt="False" ><![CDATA[24: Get Visible Text from Valor minimo  was finished]]></Details>
<Time><![CDATA[7/26/2021 - 1:54:06]]></Time>
<TimeTick>1627264446</TimeTick>
<NodeArgs eType="General" icon="0" nRep="104" status="Passed" >
<Disp><![CDATA[Get Property]]></Disp>
</NodeArgs>
</Step>
<Step rID="T95">
<Obj plainTxt="False" ><![CDATA[Click]]></Obj>
<Details plainTxt="False" ><![CDATA[27: Click on Valor textbox was finished]]></Details>
<Time><![CDATA[7/26/2021 - 1:54:09]]></Time>
<TimeTick>1627264449</TimeTick>
<NodeArgs eType="General" icon="0" nRep="105" status="Passed" >
<Disp><![CDATA[Click]]></Disp>
</NodeArgs>
</Step>
<Step rID="T96">
<Obj plainTxt="False" ><![CDATA[Type]]></Obj>
<Details plainTxt="False" ><![CDATA[28: Type 1,1905%  in Valor textbox was finished]]></Details>
<Time><![CDATA[7/26/2021 - 1:54:12]]></Time>
<TimeTick>1627264452</TimeTick>
<NodeArgs eType="General" icon="0" nRep="106" status="Passed" >
<Disp><![CDATA[Type]]></Disp>
</NodeArgs>
</Step>
<Step rID="T97">
<Obj plainTxt="False" ><![CDATA[Click]]></Obj>
<Details plainTxt="False" ><![CDATA[30: Click on CONTINUAR button was finished]]></Details>
<Time><![CDATA[7/26/2021 - 1:54:15]]></Time>
<TimeTick>1627264455</TimeTick>
<NodeArgs eType="General" icon="0" nRep="107" status="Passed" >
<Disp><![CDATA[Click]]></Disp>
</NodeArgs>
</Step>
<Step rID="T98">
<Obj plainTxt="False" ><![CDATA[Click]]></Obj>
<Details plainTxt="False" ><![CDATA[32: Click on Ant Radio radiogroup was finished]]></Details>
<Time><![CDATA[7/26/2021 - 1:54:17]]></Time>
<TimeTick>1627264457</TimeTick>
<NodeArgs eType="General" icon="0" nRep="108" status="Passed" >
<Disp><![CDATA[Click]]></Disp>
</NodeArgs>
</Step>
<Step rID="T99">
<Obj plainTxt="False" ><![CDATA[Click]]></Obj>
<Details plainTxt="False" ><![CDATA[34: Click on CONTINUAR button was finished]]></Details>
<Time><![CDATA[7/26/2021 - 1:54:20]]></Time>
<TimeTick>1627264460</TimeTick>
<NodeArgs eType="General" icon="0" nRep="109" status="Passed" >
<Disp><![CDATA[Click]]></Disp>
</NodeArgs>
</Step>
<Step rID="T100">
<Obj plainTxt="False" ><![CDATA[Click]]></Obj>
<Details plainTxt="False" ><![CDATA[36: Click on Reduzir Parcela  was finished]]></Details>
<Time><![CDATA[7/26/2021 - 1:54:23]]></Time>
<TimeTick>1627264463</TimeTick>
<NodeArgs eType="General" icon="0" nRep="110" status="Passed" >
<Disp><![CDATA[Click]]></Disp>
</NodeArgs>
</Step>
<Step rID="T101">
<Obj plainTxt="False" ><![CDATA[Click]]></Obj>
<Details plainTxt="False" ><![CDATA[38: Click on CONFIRMAR button was finished]]></Details>
<Time><![CDATA[7/26/2021 - 1:54:26]]></Time>
<TimeTick>1627264466</TimeTick>
<NodeArgs eType="General" icon="0" nRep="111" status="Passed" >
<Disp><![CDATA[Click]]></Disp>
</NodeArgs>
</Step>
<Step rID="T102">
<Obj plainTxt="False" ><![CDATA[Click]]></Obj>
<Details plainTxt="False" ><![CDATA[40: Click on IMPRIMIR COMPROVANTE button was finished]]></Details>
<Time><![CDATA[7/26/2021 - 1:54:28]]></Time>
<TimeTick>1627264468</TimeTick>
<NodeArgs eType="General" icon="0" nRep="112" status="Passed" >
<Disp><![CDATA[Click]]></Disp>
</NodeArgs>
</Step>
<Step rID="T103">
<Obj plainTxt="False" ><![CDATA[Click]]></Obj>
<Details plainTxt="False" ><![CDATA[42: Click on button (1) button was finished]]></Details>
<Time><![CDATA[7/26/2021 - 1:54:31]]></Time>
<TimeTick>1627264471</TimeTick>
<NodeArgs eType="General" icon="0" nRep="113" status="Passed" >
<Disp><![CDATA[Click]]></Disp>
</NodeArgs>
</Step>
<Step rID="T104">
<Obj plainTxt="False" ><![CDATA[Click]]></Obj>
<Details plainTxt="False" ><![CDATA[44: Click on button (2) button was finished]]></Details>
<Time><![CDATA[7/26/2021 - 1:54:34]]></Time>
<TimeTick>1627264474</TimeTick>
<NodeArgs eType="General" icon="0" nRep="114" status="Passed" >
<Disp><![CDATA[Click]]></Disp>
</NodeArgs>
</Step>
<Step rID="T105">
<Obj plainTxt="False" ><![CDATA[Click]]></Obj>
<Details plainTxt="False" ><![CDATA[46: Click on Sair button was finished]]></Details>
<Time><![CDATA[7/26/2021 - 1:54:36]]></Time>
<TimeTick>1627264476</TimeTick>
<NodeArgs eType="General" icon="0" nRep="115" status="Passed" >
<Disp><![CDATA[Click]]></Disp>
</NodeArgs>
</Step>
<Step rID="T106">
<Obj plainTxt="False" ><![CDATA[Click]]></Obj>
<Details plainTxt="False" ><![CDATA[47: Click on Sair  was finished]]></Details>
<Time><![CDATA[7/26/2021 - 1:54:37]]></Time>
<TimeTick>1627264477</TimeTick>
<NodeArgs eType="General" icon="0" nRep="116" status="Passed" >
<Disp><![CDATA[Click]]></Disp>
</NodeArgs>
</Step>
<Summary sTime="7/26/2021 - 1:53:37" eTime="7/26/2021 - 1:54:37" passed="24" failed="0" warnings="0" ></Summary>
<NodeArgs eType="StartAction" icon="2" nRep="92" status="Passed" >
<Disp><![CDATA[Action Summary]]></Disp>
</NodeArgs>
</Action>
<NodeArgs eType="StartIteration" icon="3" nRep="91" status="Passed" >
<Disp><![CDATA[ID500_AA_OfertarLance Iteration 4 (Row 4)]]></Disp>
</NodeArgs>
</DIter>
<DIter rID="T107" iterID="5" >
<Action rID="T108">
<AName><![CDATA[Action]]></AName>
<Step rID="T109">
<Obj plainTxt="False" ><![CDATA[Navigate]]></Obj>
<Details plainTxt="False" ><![CDATA[14: Navigate to https://prenewconcustome...oAtendimento.Web was finished]]></Details>
<Time><![CDATA[7/26/2021 - 1:54:41]]></Time>
<TimeTick>1627264481</TimeTick>
<NodeArgs eType="General" icon="0" nRep="121" status="Passed" >
<Disp><![CDATA[Navigate]]></Disp>
</NodeArgs>
</Step>
<Step rID="T110">
<Obj plainTxt="False" ><![CDATA[Click]]></Obj>
<Details plainTxt="False" ><![CDATA[15: Click on Grupo/Cota  was finished]]></Details>
<Time><![CDATA[7/26/2021 - 1:54:43]]></Time>
<TimeTick>1627264483</TimeTick>
<NodeArgs eType="General" icon="0" nRep="122" status="Passed" >
<Disp><![CDATA[Click]]></Disp>
</NodeArgs>
</Step>
<Step rID="T111">
<Obj plainTxt="False" ><![CDATA[Click]]></Obj>
<Details plainTxt="False" ><![CDATA[16.1: Click on Grupo textbox was finished]]></Details>
<Time><![CDATA[7/26/2021 - 1:54:46]]></Time>
<TimeTick>1627264486</TimeTick>
<NodeArgs eType="General" icon="0" nRep="123" status="Passed" >
<Disp><![CDATA[Click]]></Disp>
</NodeArgs>
</Step>
<Step rID="T112">
<Obj plainTxt="False" ><![CDATA[Type]]></Obj>
<Details plainTxt="False" ><![CDATA[16.2: Type 084744 in Grupo textbox was finished]]></Details>
<Time><![CDATA[7/26/2021 - 1:54:49]]></Time>
<TimeTick>1627264489</TimeTick>
<NodeArgs eType="General" icon="0" nRep="124" status="Passed" >
<Disp><![CDATA[Type]]></Disp>
</NodeArgs>
</Step>
<Step rID="T113">
<Obj plainTxt="False" ><![CDATA[Type]]></Obj>
<Details plainTxt="False" ><![CDATA[16.3: Type 0227 in Cota textbox was finished]]></Details>
<Time><![CDATA[7/26/2021 - 1:54:51]]></Time>
<TimeTick>1627264491</TimeTick>
<NodeArgs eType="General" icon="0" nRep="125" status="Passed" >
<Disp><![CDATA[Type]]></Disp>
</NodeArgs>
</Step>
<Step rID="T114">
<Obj plainTxt="False" ><![CDATA[Type]]></Obj>
<Details plainTxt="False" ><![CDATA[16.4: Type 00 in Versão textbox was finished]]></Details>
<Time><![CDATA[7/26/2021 - 1:54:52]]></Time>
<TimeTick>1627264492</TimeTick>
<NodeArgs eType="General" icon="0" nRep="126" status="Passed" >
<Disp><![CDATA[Type]]></Disp>
</NodeArgs>
</Step>
<Step rID="T115">
<Obj plainTxt="False" ><![CDATA[Type]]></Obj>
<Details plainTxt="False" ><![CDATA[16.5: Type ************ in Senha passwordbox was finished]]></Details>
<Time><![CDATA[7/26/2021 - 1:54:57]]></Time>
<TimeTick>1627264497</TimeTick>
<NodeArgs eType="General" icon="0" nRep="127" status="Passed" >
<Disp><![CDATA[Type]]></Disp>
</NodeArgs>
</Step>
<Step rID="T116">
<Obj plainTxt="False" ><![CDATA[Click]]></Obj>
<Details plainTxt="False" ><![CDATA[16.6: Click on Acessar button was finished]]></Details>
<Time><![CDATA[7/26/2021 - 1:54:58]]></Time>
<TimeTick>1627264498</TimeTick>
<NodeArgs eType="General" icon="0" nRep="128" status="Passed" >
<Disp><![CDATA[Click]]></Disp>
</NodeArgs>
</Step>
<Step rID="T117">
<Obj plainTxt="False" ><![CDATA[Click]]></Obj>
<Details plainTxt="False" ><![CDATA[18: Click on Lance Livre  was finished]]></Details>
<Time><![CDATA[7/26/2021 - 1:55:01]]></Time>
<TimeTick>1627264501</TimeTick>
<NodeArgs eType="General" icon="0" nRep="129" status="Passed" >
<Disp><![CDATA[Click]]></Disp>
</NodeArgs>
</Step>
<Step rID="T118">
<Obj plainTxt="False" ><![CDATA[Click]]></Obj>
<Details plainTxt="False" ><![CDATA[20: Click on ofertar um Lance Livre  was finished]]></Details>
<Time><![CDATA[7/26/2021 - 1:55:02]]></Time>
<TimeTick>1627264502</TimeTick>
<NodeArgs eType="General" icon="0" nRep="130" status="Passed" >
<Disp><![CDATA[Click]]></Disp>
</NodeArgs>
</Step>
<Step rID="T119">
<Obj plainTxt="False" ><![CDATA[Click]]></Obj>
<Details plainTxt="False" ><![CDATA[22: Click on Valor (%)  was finished]]></Details>
<Time><![CDATA[7/26/2021 - 1:55:05]]></Time>
<TimeTick>1627264505</TimeTick>
<NodeArgs eType="General" icon="0" nRep="131" status="Passed" >
<Disp><![CDATA[Click]]></Disp>
</NodeArgs>
</Step>
<Step rID="T120">
<Obj plainTxt="False" ><![CDATA[Get Property]]></Obj>
<Details plainTxt="False" ><![CDATA[24: Get Visible Text from Valor minimo  was finished]]></Details>
<Time><![CDATA[7/26/2021 - 1:55:05]]></Time>
<TimeTick>1627264505</TimeTick>
<NodeArgs eType="General" icon="0" nRep="132" status="Passed" >
<Disp><![CDATA[Get Property]]></Disp>
</NodeArgs>
</Step>
<Step rID="T121">
<Obj plainTxt="False" ><![CDATA[Click]]></Obj>
<Details plainTxt="False" ><![CDATA[27: Click on Valor textbox was finished]]></Details>
<Time><![CDATA[7/26/2021 - 1:55:08]]></Time>
<TimeTick>1627264508</TimeTick>
<NodeArgs eType="General" icon="0" nRep="133" status="Passed" >
<Disp><![CDATA[Click]]></Disp>
</NodeArgs>
</Step>
<Step rID="T122">
<Obj plainTxt="False" ><![CDATA[Type]]></Obj>
<Details plainTxt="False" ><![CDATA[28: Type 1,1905%  in Valor textbox was finished]]></Details>
<Time><![CDATA[7/26/2021 - 1:55:12]]></Time>
<TimeTick>1627264512</TimeTick>
<NodeArgs eType="General" icon="0" nRep="134" status="Passed" >
<Disp><![CDATA[Type]]></Disp>
</NodeArgs>
</Step>
<Step rID="T123">
<Obj plainTxt="False" ><![CDATA[Click]]></Obj>
<Details plainTxt="False" ><![CDATA[30: Click on CONTINUAR button was finished]]></Details>
<Time><![CDATA[7/26/2021 - 1:55:14]]></Time>
<TimeTick>1627264514</TimeTick>
<NodeArgs eType="General" icon="0" nRep="135" status="Passed" >
<Disp><![CDATA[Click]]></Disp>
</NodeArgs>
</Step>
<Step rID="T124">
<Obj plainTxt="False" ><![CDATA[Click]]></Obj>
<Details plainTxt="False" ><![CDATA[32: Click on Ant Radio radiogroup was finished]]></Details>
<Time><![CDATA[7/26/2021 - 1:55:17]]></Time>
<TimeTick>1627264517</TimeTick>
<NodeArgs eType="General" icon="0" nRep="136" status="Passed" >
<Disp><![CDATA[Click]]></Disp>
</NodeArgs>
</Step>
<Step rID="T125">
<Obj plainTxt="False" ><![CDATA[Click]]></Obj>
<Details plainTxt="False" ><![CDATA[34: Click on CONTINUAR button was finished]]></Details>
<Time><![CDATA[7/26/2021 - 1:55:20]]></Time>
<TimeTick>1627264520</TimeTick>
<NodeArgs eType="General" icon="0" nRep="137" status="Passed" >
<Disp><![CDATA[Click]]></Disp>
</NodeArgs>
</Step>
<Step rID="T126">
<Obj plainTxt="False" ><![CDATA[Click]]></Obj>
<Details plainTxt="False" ><![CDATA[36: Click on Reduzir Parcela  was finished]]></Details>
<Time><![CDATA[7/26/2021 - 1:55:23]]></Time>
<TimeTick>1627264523</TimeTick>
<NodeArgs eType="General" icon="0" nRep="138" status="Passed" >
<Disp><![CDATA[Click]]></Disp>
</NodeArgs>
</Step>
<Step rID="T127">
<Obj plainTxt="False" ><![CDATA[Click]]></Obj>
<Details plainTxt="False" ><![CDATA[38: Click on CONFIRMAR button was finished]]></Details>
<Time><![CDATA[7/26/2021 - 1:55:25]]></Time>
<TimeTick>1627264525</TimeTick>
<NodeArgs eType="General" icon="0" nRep="139" status="Passed" >
<Disp><![CDATA[Click]]></Disp>
</NodeArgs>
</Step>
<Step rID="T128">
<Obj plainTxt="False" ><![CDATA[Click]]></Obj>
<Details plainTxt="False" ><![CDATA[40: Click on IMPRIMIR COMPROVANTE button was finished]]></Details>
<Time><![CDATA[7/26/2021 - 1:55:28]]></Time>
<TimeTick>1627264528</TimeTick>
<NodeArgs eType="General" icon="0" nRep="140" status="Passed" >
<Disp><![CDATA[Click]]></Disp>
</NodeArgs>
</Step>
<Step rID="T129">
<Obj plainTxt="False" ><![CDATA[Click]]></Obj>
<Details plainTxt="False" ><![CDATA[42: Click on button (1) button was finished]]></Details>
<Time><![CDATA[7/26/2021 - 1:55:31]]></Time>
<TimeTick>1627264531</TimeTick>
<NodeArgs eType="General" icon="0" nRep="141" status="Passed" >
<Disp><![CDATA[Click]]></Disp>
</NodeArgs>
</Step>
<Step rID="T130">
<Obj plainTxt="False" ><![CDATA[Click]]></Obj>
<Details plainTxt="False" ><![CDATA[44: Click on button (2) button was finished]]></Details>
<Time><![CDATA[7/26/2021 - 1:55:33]]></Time>
<TimeTick>1627264533</TimeTick>
<NodeArgs eType="General" icon="0" nRep="142" status="Passed" >
<Disp><![CDATA[Click]]></Disp>
</NodeArgs>
</Step>
<Step rID="T131">
<Obj plainTxt="False" ><![CDATA[Click]]></Obj>
<Details plainTxt="False" ><![CDATA[46: Click on Sair button was finished]]></Details>
<Time><![CDATA[7/26/2021 - 1:55:36]]></Time>
<TimeTick>1627264536</TimeTick>
<NodeArgs eType="General" icon="0" nRep="143" status="Passed" >
<Disp><![CDATA[Click]]></Disp>
</NodeArgs>
</Step>
<Step rID="T132">
<Obj plainTxt="False" ><![CDATA[Click]]></Obj>
<Details plainTxt="False" ><![CDATA[47: Click on Sair  was finished]]></Details>
<Time><![CDATA[7/26/2021 - 1:55:37]]></Time>
<TimeTick>1627264537</TimeTick>
<NodeArgs eType="General" icon="0" nRep="144" status="Passed" >
<Disp><![CDATA[Click]]></Disp>
</NodeArgs>
</Step>
<Summary sTime="7/26/2021 - 1:54:38" eTime="7/26/2021 - 1:55:37" passed="24" failed="0" warnings="0" ></Summary>
<NodeArgs eType="StartAction" icon="2" nRep="120" status="Passed" >
<Disp><![CDATA[Action Summary]]></Disp>
</NodeArgs>
</Action>
<NodeArgs eType="StartIteration" icon="3" nRep="119" status="Passed" >
<Disp><![CDATA[ID500_AA_OfertarLance Iteration 5 (Row 5)]]></Disp>
</NodeArgs>
</DIter>
<DIter rID="T133" iterID="6" >
<Action rID="T134">
<AName><![CDATA[Action]]></AName>
<Step rID="T135">
<Obj plainTxt="False" ><![CDATA[Navigate]]></Obj>
<Details plainTxt="False" ><![CDATA[14: Navigate to https://prenewconcustome...oAtendimento.Web was finished]]></Details>
<Time><![CDATA[7/26/2021 - 1:55:40]]></Time>
<TimeTick>1627264540</TimeTick>
<NodeArgs eType="General" icon="0" nRep="149" status="Passed" >
<Disp><![CDATA[Navigate]]></Disp>
</NodeArgs>
</Step>
<Step rID="T136">
<Obj plainTxt="False" ><![CDATA[Click]]></Obj>
<Details plainTxt="False" ><![CDATA[15: Click on Grupo/Cota  was finished]]></Details>
<Time><![CDATA[7/26/2021 - 1:55:43]]></Time>
<TimeTick>1627264543</TimeTick>
<NodeArgs eType="General" icon="0" nRep="150" status="Passed" >
<Disp><![CDATA[Click]]></Disp>
</NodeArgs>
</Step>
<Step rID="T137">
<Obj plainTxt="False" ><![CDATA[Click]]></Obj>
<Details plainTxt="False" ><![CDATA[16.1: Click on Grupo textbox was finished]]></Details>
<Time><![CDATA[7/26/2021 - 1:55:46]]></Time>
<TimeTick>1627264546</TimeTick>
<NodeArgs eType="General" icon="0" nRep="151" status="Passed" >
<Disp><![CDATA[Click]]></Disp>
</NodeArgs>
</Step>
<Step rID="T138">
<Obj plainTxt="False" ><![CDATA[Type]]></Obj>
<Details plainTxt="False" ><![CDATA[16.2: Type 084744 in Grupo textbox was finished]]></Details>
<Time><![CDATA[7/26/2021 - 1:55:49]]></Time>
<TimeTick>1627264549</TimeTick>
<NodeArgs eType="General" icon="0" nRep="152" status="Passed" >
<Disp><![CDATA[Type]]></Disp>
</NodeArgs>
</Step>
<Step rID="T139">
<Obj plainTxt="False" ><![CDATA[Type]]></Obj>
<Details plainTxt="False" ><![CDATA[16.3: Type 0585 in Cota textbox was finished]]></Details>
<Time><![CDATA[7/26/2021 - 1:55:51]]></Time>
<TimeTick>1627264551</TimeTick>
<NodeArgs eType="General" icon="0" nRep="153" status="Passed" >
<Disp><![CDATA[Type]]></Disp>
</NodeArgs>
</Step>
<Step rID="T140">
<Obj plainTxt="False" ><![CDATA[Type]]></Obj>
<Details plainTxt="False" ><![CDATA[16.4: Type 00 in Versão textbox was finished]]></Details>
<Time><![CDATA[7/26/2021 - 1:55:52]]></Time>
<TimeTick>1627264552</TimeTick>
<NodeArgs eType="General" icon="0" nRep="154" status="Passed" >
<Disp><![CDATA[Type]]></Disp>
</NodeArgs>
</Step>
<Step rID="T141">
<Obj plainTxt="False" ><![CDATA[Type]]></Obj>
<Details plainTxt="False" ><![CDATA[16.5: Type ************ in Senha passwordbox was finished]]></Details>
<Time><![CDATA[7/26/2021 - 1:55:57]]></Time>
<TimeTick>1627264557</TimeTick>
<NodeArgs eType="General" icon="0" nRep="155" status="Passed" >
<Disp><![CDATA[Type]]></Disp>
</NodeArgs>
</Step>
<Step rID="T142">
<Obj plainTxt="False" ><![CDATA[Click]]></Obj>
<Details plainTxt="False" ><![CDATA[16.6: Click on Acessar button was finished]]></Details>
<Time><![CDATA[7/26/2021 - 1:55:58]]></Time>
<TimeTick>1627264558</TimeTick>
<NodeArgs eType="General" icon="0" nRep="156" status="Passed" >
<Disp><![CDATA[Click]]></Disp>
</NodeArgs>
</Step>
<Step rID="T143">
<Obj plainTxt="False" ><![CDATA[Click]]></Obj>
<Details plainTxt="False" ><![CDATA[18: Click on Lance Livre  was finished]]></Details>
<Time><![CDATA[7/26/2021 - 1:56:01]]></Time>
<TimeTick>1627264561</TimeTick>
<NodeArgs eType="General" icon="0" nRep="157" status="Passed" >
<Disp><![CDATA[Click]]></Disp>
</NodeArgs>
</Step>
<Step rID="T144">
<Obj plainTxt="False" ><![CDATA[Click]]></Obj>
<Details plainTxt="False" ><![CDATA[20: Click on ofertar um Lance Livre  was finished]]></Details>
<Time><![CDATA[7/26/2021 - 1:56:02]]></Time>
<TimeTick>1627264562</TimeTick>
<NodeArgs eType="General" icon="0" nRep="158" status="Passed" >
<Disp><![CDATA[Click]]></Disp>
</NodeArgs>
</Step>
<Step rID="T145">
<Obj plainTxt="False" ><![CDATA[Click]]></Obj>
<Details plainTxt="False" ><![CDATA[22: Click on Valor (%)  was finished]]></Details>
<Time><![CDATA[7/26/2021 - 1:56:05]]></Time>
<TimeTick>1627264565</TimeTick>
<NodeArgs eType="General" icon="0" nRep="159" status="Passed" >
<Disp><![CDATA[Click]]></Disp>
</NodeArgs>
</Step>
<Step rID="T146">
<Obj plainTxt="False" ><![CDATA[Get Property]]></Obj>
<Details plainTxt="False" ><![CDATA[24: Get Visible Text from Valor minimo  was finished]]></Details>
<Time><![CDATA[7/26/2021 - 1:56:05]]></Time>
<TimeTick>1627264565</TimeTick>
<NodeArgs eType="General" icon="0" nRep="160" status="Passed" >
<Disp><![CDATA[Get Property]]></Disp>
</NodeArgs>
</Step>
<Step rID="T147">
<Obj plainTxt="False" ><![CDATA[Click]]></Obj>
<Details plainTxt="False" ><![CDATA[27: Click on Valor textbox was finished]]></Details>
<Time><![CDATA[7/26/2021 - 1:56:08]]></Time>
<TimeTick>1627264568</TimeTick>
<NodeArgs eType="General" icon="0" nRep="161" status="Passed" >
<Disp><![CDATA[Click]]></Disp>
</NodeArgs>
</Step>
<Step rID="T148">
<Obj plainTxt="False" ><![CDATA[Type]]></Obj>
<Details plainTxt="False" ><![CDATA[28: Type 1,1905%  in Valor textbox was finished]]></Details>
<Time><![CDATA[7/26/2021 - 1:56:12]]></Time>
<TimeTick>1627264572</TimeTick>
<NodeArgs eType="General" icon="0" nRep="162" status="Passed" >
<Disp><![CDATA[Type]]></Disp>
</NodeArgs>
</Step>
<Step rID="T149">
<Obj plainTxt="False" ><![CDATA[Click]]></Obj>
<Details plainTxt="False" ><![CDATA[30: Click on CONTINUAR button was finished]]></Details>
<Time><![CDATA[7/26/2021 - 1:56:15]]></Time>
<TimeTick>1627264575</TimeTick>
<NodeArgs eType="General" icon="0" nRep="163" status="Passed" >
<Disp><![CDATA[Click]]></Disp>
</NodeArgs>
</Step>
<Step rID="T150">
<Obj plainTxt="False" ><![CDATA[Click]]></Obj>
<Details plainTxt="False" ><![CDATA[32: Click on Ant Radio radiogroup was finished]]></Details>
<Time><![CDATA[7/26/2021 - 1:56:18]]></Time>
<TimeTick>1627264578</TimeTick>
<NodeArgs eType="General" icon="0" nRep="164" status="Passed" >
<Disp><![CDATA[Click]]></Disp>
</NodeArgs>
</Step>
<Step rID="T151">
<Obj plainTxt="False" ><![CDATA[Click]]></Obj>
<Details plainTxt="False" ><![CDATA[34: Click on CONTINUAR button was finished]]></Details>
<Time><![CDATA[7/26/2021 - 1:56:21]]></Time>
<TimeTick>1627264581</TimeTick>
<NodeArgs eType="General" icon="0" nRep="165" status="Passed" >
<Disp><![CDATA[Click]]></Disp>
</NodeArgs>
</Step>
<Step rID="T152">
<Obj plainTxt="False" ><![CDATA[Click]]></Obj>
<Details plainTxt="False" ><![CDATA[36: Click on Reduzir Parcela  was finished]]></Details>
<Time><![CDATA[7/26/2021 - 1:56:23]]></Time>
<TimeTick>1627264583</TimeTick>
<NodeArgs eType="General" icon="0" nRep="166" status="Passed" >
<Disp><![CDATA[Click]]></Disp>
</NodeArgs>
</Step>
<Step rID="T153">
<Obj plainTxt="False" ><![CDATA[Click]]></Obj>
<Details plainTxt="False" ><![CDATA[38: Click on CONFIRMAR button was finished]]></Details>
<Time><![CDATA[7/26/2021 - 1:56:26]]></Time>
<TimeTick>1627264586</TimeTick>
<NodeArgs eType="General" icon="0" nRep="167" status="Passed" >
<Disp><![CDATA[Click]]></Disp>
</NodeArgs>
</Step>
<Step rID="T154">
<Obj plainTxt="False" ><![CDATA[Click]]></Obj>
<Details plainTxt="False" ><![CDATA[40: Click on IMPRIMIR COMPROVANTE button was finished]]></Details>
<Time><![CDATA[7/26/2021 - 1:56:29]]></Time>
<TimeTick>1627264589</TimeTick>
<NodeArgs eType="General" icon="0" nRep="168" status="Passed" >
<Disp><![CDATA[Click]]></Disp>
</NodeArgs>
</Step>
<Step rID="T155">
<Obj plainTxt="False" ><![CDATA[Click]]></Obj>
<Details plainTxt="False" ><![CDATA[42: Click on button (1) button was finished]]></Details>
<Time><![CDATA[7/26/2021 - 1:56:31]]></Time>
<TimeTick>1627264591</TimeTick>
<NodeArgs eType="General" icon="0" nRep="169" status="Passed" >
<Disp><![CDATA[Click]]></Disp>
</NodeArgs>
</Step>
<Step rID="T156">
<Obj plainTxt="False" ><![CDATA[Click]]></Obj>
<Details plainTxt="False" ><![CDATA[44: Click on button (2) button was finished]]></Details>
<Time><![CDATA[7/26/2021 - 1:56:34]]></Time>
<TimeTick>1627264594</TimeTick>
<NodeArgs eType="General" icon="0" nRep="170" status="Passed" >
<Disp><![CDATA[Click]]></Disp>
</NodeArgs>
</Step>
<Step rID="T157">
<Obj plainTxt="False" ><![CDATA[Click]]></Obj>
<Details plainTxt="False" ><![CDATA[46: Click on Sair button was finished]]></Details>
<Time><![CDATA[7/26/2021 - 1:56:37]]></Time>
<TimeTick>1627264597</TimeTick>
<NodeArgs eType="General" icon="0" nRep="171" status="Passed" >
<Disp><![CDATA[Click]]></Disp>
</NodeArgs>
</Step>
<Step rID="T158">
<Obj plainTxt="False" ><![CDATA[Click]]></Obj>
<Details plainTxt="False" ><![CDATA[47: Click on Sair  was finished]]></Details>
<Time><![CDATA[7/26/2021 - 1:56:37]]></Time>
<TimeTick>1627264597</TimeTick>
<NodeArgs eType="General" icon="0" nRep="172" status="Passed" >
<Disp><![CDATA[Click]]></Disp>
</NodeArgs>
</Step>
<Summary sTime="7/26/2021 - 1:55:38" eTime="7/26/2021 - 1:56:37" passed="24" failed="0" warnings="0" ></Summary>
<NodeArgs eType="StartAction" icon="2" nRep="148" status="Passed" >
<Disp><![CDATA[Action Summary]]></Disp>
</NodeArgs>
</Action>
<NodeArgs eType="StartIteration" icon="3" nRep="147" status="Passed" >
<Disp><![CDATA[ID500_AA_OfertarLance Iteration 6 (Row 6)]]></Disp>
</NodeArgs>
</DIter>
<DIter rID="T159" iterID="7" >
<Action rID="T160">
<AName><![CDATA[Action]]></AName>
<Step rID="T161">
<Obj plainTxt="False" ><![CDATA[Navigate]]></Obj>
<Details plainTxt="False" ><![CDATA[14: Navigate to https://prenewconcustome...oAtendimento.Web was finished]]></Details>
<Time><![CDATA[7/26/2021 - 1:56:41]]></Time>
<TimeTick>1627264601</TimeTick>
<NodeArgs eType="General" icon="0" nRep="177" status="Passed" >
<Disp><![CDATA[Navigate]]></Disp>
</NodeArgs>
</Step>
<Step rID="T162">
<Obj plainTxt="False" ><![CDATA[Click]]></Obj>
<Details plainTxt="False" ><![CDATA[15: Click on Grupo/Cota  was finished]]></Details>
<Time><![CDATA[7/26/2021 - 1:56:44]]></Time>
<TimeTick>1627264604</TimeTick>
<NodeArgs eType="General" icon="0" nRep="178" status="Passed" >
<Disp><![CDATA[Click]]></Disp>
</NodeArgs>
</Step>
<Step rID="T163">
<Obj plainTxt="False" ><![CDATA[Click]]></Obj>
<Details plainTxt="False" ><![CDATA[16.1: Click on Grupo textbox was finished]]></Details>
<Time><![CDATA[7/26/2021 - 1:56:47]]></Time>
<TimeTick>1627264607</TimeTick>
<NodeArgs eType="General" icon="0" nRep="179" status="Passed" >
<Disp><![CDATA[Click]]></Disp>
</NodeArgs>
</Step>
<Step rID="T164">
<Obj plainTxt="False" ><![CDATA[Type]]></Obj>
<Details plainTxt="False" ><![CDATA[16.2: Type 084744 in Grupo textbox was finished]]></Details>
<Time><![CDATA[7/26/2021 - 1:56:50]]></Time>
<TimeTick>1627264610</TimeTick>
<NodeArgs eType="General" icon="0" nRep="180" status="Passed" >
<Disp><![CDATA[Type]]></Disp>
</NodeArgs>
</Step>
<Step rID="T165">
<Obj plainTxt="False" ><![CDATA[Type]]></Obj>
<Details plainTxt="False" ><![CDATA[16.3: Type 0456 in Cota textbox was finished]]></Details>
<Time><![CDATA[7/26/2021 - 1:56:52]]></Time>
<TimeTick>1627264612</TimeTick>
<NodeArgs eType="General" icon="0" nRep="181" status="Passed" >
<Disp><![CDATA[Type]]></Disp>
</NodeArgs>
</Step>
<Step rID="T166">
<Obj plainTxt="False" ><![CDATA[Type]]></Obj>
<Details plainTxt="False" ><![CDATA[16.4: Type 00 in Versão textbox was finished]]></Details>
<Time><![CDATA[7/26/2021 - 1:56:53]]></Time>
<TimeTick>1627264613</TimeTick>
<NodeArgs eType="General" icon="0" nRep="182" status="Passed" >
<Disp><![CDATA[Type]]></Disp>
</NodeArgs>
</Step>
<Step rID="T167">
<Obj plainTxt="False" ><![CDATA[Type]]></Obj>
<Details plainTxt="False" ><![CDATA[16.5: Type ************ in Senha passwordbox was finished]]></Details>
<Time><![CDATA[7/26/2021 - 1:56:58]]></Time>
<TimeTick>1627264618</TimeTick>
<NodeArgs eType="General" icon="0" nRep="183" status="Passed" >
<Disp><![CDATA[Type]]></Disp>
</NodeArgs>
</Step>
<Step rID="T168">
<Obj plainTxt="False" ><![CDATA[Click]]></Obj>
<Details plainTxt="False" ><![CDATA[16.6: Click on Acessar button was finished]]></Details>
<Time><![CDATA[7/26/2021 - 1:56:59]]></Time>
<TimeTick>1627264619</TimeTick>
<NodeArgs eType="General" icon="0" nRep="184" status="Passed" >
<Disp><![CDATA[Click]]></Disp>
</NodeArgs>
</Step>
<Step rID="T169">
<Obj plainTxt="False" ><![CDATA[Click]]></Obj>
<Details plainTxt="False" ><![CDATA[18: Click on Lance Livre  was finished]]></Details>
<Time><![CDATA[7/26/2021 - 1:57:02]]></Time>
<TimeTick>1627264622</TimeTick>
<NodeArgs eType="General" icon="0" nRep="185" status="Passed" >
<Disp><![CDATA[Click]]></Disp>
</NodeArgs>
</Step>
<Step rID="T170">
<Obj plainTxt="False" ><![CDATA[Click]]></Obj>
<Details plainTxt="False" ><![CDATA[20: Click on ofertar um Lance Livre  was finished]]></Details>
<Time><![CDATA[7/26/2021 - 1:57:03]]></Time>
<TimeTick>1627264623</TimeTick>
<NodeArgs eType="General" icon="0" nRep="186" status="Passed" >
<Disp><![CDATA[Click]]></Disp>
</NodeArgs>
</Step>
<Step rID="T171">
<Obj plainTxt="False" ><![CDATA[Click]]></Obj>
<Details plainTxt="False" ><![CDATA[22: Click on Valor (%)  was finished]]></Details>
<Time><![CDATA[7/26/2021 - 1:57:06]]></Time>
<TimeTick>1627264626</TimeTick>
<NodeArgs eType="General" icon="0" nRep="187" status="Passed" >
<Disp><![CDATA[Click]]></Disp>
</NodeArgs>
</Step>
<Step rID="T172">
<Obj plainTxt="False" ><![CDATA[Get Property]]></Obj>
<Details plainTxt="False" ><![CDATA[24: Get Visible Text from Valor minimo  was finished]]></Details>
<Time><![CDATA[7/26/2021 - 1:57:06]]></Time>
<TimeTick>1627264626</TimeTick>
<NodeArgs eType="General" icon="0" nRep="188" status="Passed" >
<Disp><![CDATA[Get Property]]></Disp>
</NodeArgs>
</Step>
<Step rID="T173">
<Obj plainTxt="False" ><![CDATA[Click]]></Obj>
<Details plainTxt="False" ><![CDATA[27: Click on Valor textbox was finished]]></Details>
<Time><![CDATA[7/26/2021 - 1:57:09]]></Time>
<TimeTick>1627264629</TimeTick>
<NodeArgs eType="General" icon="0" nRep="189" status="Passed" >
<Disp><![CDATA[Click]]></Disp>
</NodeArgs>
</Step>
<Step rID="T174">
<Obj plainTxt="False" ><![CDATA[Type]]></Obj>
<Details plainTxt="False" ><![CDATA[28: Type 1,1905%  in Valor textbox was finished]]></Details>
<Time><![CDATA[7/26/2021 - 1:57:13]]></Time>
<TimeTick>1627264633</TimeTick>
<NodeArgs eType="General" icon="0" nRep="190" status="Passed" >
<Disp><![CDATA[Type]]></Disp>
</NodeArgs>
</Step>
<Step rID="T175">
<Obj plainTxt="False" ><![CDATA[Click]]></Obj>
<Details plainTxt="False" ><![CDATA[30: Click on CONTINUAR button was finished]]></Details>
<Time><![CDATA[7/26/2021 - 1:57:15]]></Time>
<TimeTick>1627264635</TimeTick>
<NodeArgs eType="General" icon="0" nRep="191" status="Passed" >
<Disp><![CDATA[Click]]></Disp>
</NodeArgs>
</Step>
<Step rID="T176">
<Obj plainTxt="False" ><![CDATA[Click]]></Obj>
<Details plainTxt="False" ><![CDATA[32: Click on Ant Radio radiogroup was finished]]></Details>
<Time><![CDATA[7/26/2021 - 1:57:18]]></Time>
<TimeTick>1627264638</TimeTick>
<NodeArgs eType="General" icon="0" nRep="192" status="Passed" >
<Disp><![CDATA[Click]]></Disp>
</NodeArgs>
</Step>
<Step rID="T177">
<Obj plainTxt="False" ><![CDATA[Click]]></Obj>
<Details plainTxt="False" ><![CDATA[34: Click on CONTINUAR button was finished]]></Details>
<Time><![CDATA[7/26/2021 - 1:57:21]]></Time>
<TimeTick>1627264641</TimeTick>
<NodeArgs eType="General" icon="0" nRep="193" status="Passed" >
<Disp><![CDATA[Click]]></Disp>
</NodeArgs>
</Step>
<Step rID="T178">
<Obj plainTxt="False" ><![CDATA[Click]]></Obj>
<Details plainTxt="False" ><![CDATA[36: Click on Reduzir Parcela  was finished]]></Details>
<Time><![CDATA[7/26/2021 - 1:57:24]]></Time>
<TimeTick>1627264644</TimeTick>
<NodeArgs eType="General" icon="0" nRep="194" status="Passed" >
<Disp><![CDATA[Click]]></Disp>
</NodeArgs>
</Step>
<Step rID="T179">
<Obj plainTxt="False" ><![CDATA[Click]]></Obj>
<Details plainTxt="False" ><![CDATA[38: Click on CONFIRMAR button was finished]]></Details>
<Time><![CDATA[7/26/2021 - 1:57:26]]></Time>
<TimeTick>1627264646</TimeTick>
<NodeArgs eType="General" icon="0" nRep="195" status="Passed" >
<Disp><![CDATA[Click]]></Disp>
</NodeArgs>
</Step>
<Step rID="T180">
<Obj plainTxt="False" ><![CDATA[Click]]></Obj>
<Details plainTxt="False" ><![CDATA[40: Click on IMPRIMIR COMPROVANTE button was finished]]></Details>
<Time><![CDATA[7/26/2021 - 1:57:29]]></Time>
<TimeTick>1627264649</TimeTick>
<NodeArgs eType="General" icon="0" nRep="196" status="Passed" >
<Disp><![CDATA[Click]]></Disp>
</NodeArgs>
</Step>
<Step rID="T181">
<Obj plainTxt="False" ><![CDATA[Click]]></Obj>
<Details plainTxt="False" ><![CDATA[42: Click on button (1) button was finished]]></Details>
<Time><![CDATA[7/26/2021 - 1:57:32]]></Time>
<TimeTick>1627264652</TimeTick>
<NodeArgs eType="General" icon="0" nRep="197" status="Passed" >
<Disp><![CDATA[Click]]></Disp>
</NodeArgs>
</Step>
<Step rID="T182">
<Obj plainTxt="False" ><![CDATA[Click]]></Obj>
<Details plainTxt="False" ><![CDATA[44: Click on button (2) button was finished]]></Details>
<Time><![CDATA[7/26/2021 - 1:57:34]]></Time>
<TimeTick>1627264654</TimeTick>
<NodeArgs eType="General" icon="0" nRep="198" status="Passed" >
<Disp><![CDATA[Click]]></Disp>
</NodeArgs>
</Step>
<Step rID="T183">
<Obj plainTxt="False" ><![CDATA[Click]]></Obj>
<Details plainTxt="False" ><![CDATA[46: Click on Sair button was finished]]></Details>
<Time><![CDATA[7/26/2021 - 1:57:37]]></Time>
<TimeTick>1627264657</TimeTick>
<NodeArgs eType="General" icon="0" nRep="199" status="Passed" >
<Disp><![CDATA[Click]]></Disp>
</NodeArgs>
</Step>
<Step rID="T184">
<Obj plainTxt="False" ><![CDATA[Click]]></Obj>
<Details plainTxt="False" ><![CDATA[47: Click on Sair  was finished]]></Details>
<Time><![CDATA[7/26/2021 - 1:57:38]]></Time>
<TimeTick>1627264658</TimeTick>
<NodeArgs eType="General" icon="0" nRep="200" status="Passed" >
<Disp><![CDATA[Click]]></Disp>
</NodeArgs>
</Step>
<Summary sTime="7/26/2021 - 1:56:39" eTime="7/26/2021 - 1:57:38" passed="24" failed="0" warnings="0" ></Summary>
<NodeArgs eType="StartAction" icon="2" nRep="176" status="Passed" >
<Disp><![CDATA[Action Summary]]></Disp>
</NodeArgs>
</Action>
<NodeArgs eType="StartIteration" icon="3" nRep="175" status="Passed" >
<Disp><![CDATA[ID500_AA_OfertarLance Iteration 7 (Row 7)]]></Disp>
</NodeArgs>
</DIter>
<DIter rID="T185" iterID="8" >
<Action rID="T186">
<AName><![CDATA[Action]]></AName>
<Step rID="T187">
<Obj plainTxt="False" ><![CDATA[Navigate]]></Obj>
<Details plainTxt="False" ><![CDATA[14: Navigate to https://prenewconcustome...oAtendimento.Web was finished]]></Details>
<Time><![CDATA[7/26/2021 - 1:57:41]]></Time>
<TimeTick>1627264661</TimeTick>
<NodeArgs eType="General" icon="0" nRep="205" status="Passed" >
<Disp><![CDATA[Navigate]]></Disp>
</NodeArgs>
</Step>
<Step rID="T188">
<Obj plainTxt="False" ><![CDATA[Click]]></Obj>
<Details plainTxt="False" ><![CDATA[15: Click on Grupo/Cota  was finished]]></Details>
<Time><![CDATA[7/26/2021 - 1:57:44]]></Time>
<TimeTick>1627264664</TimeTick>
<NodeArgs eType="General" icon="0" nRep="206" status="Passed" >
<Disp><![CDATA[Click]]></Disp>
</NodeArgs>
</Step>
<Step rID="T189">
<Obj plainTxt="False" ><![CDATA[Click]]></Obj>
<Details plainTxt="False" ><![CDATA[16.1: Click on Grupo textbox was finished]]></Details>
<Time><![CDATA[7/26/2021 - 1:57:47]]></Time>
<TimeTick>1627264667</TimeTick>
<NodeArgs eType="General" icon="0" nRep="207" status="Passed" >
<Disp><![CDATA[Click]]></Disp>
</NodeArgs>
</Step>
<Step rID="T190">
<Obj plainTxt="False" ><![CDATA[Type]]></Obj>
<Details plainTxt="False" ><![CDATA[16.2: Type 084744 in Grupo textbox was finished]]></Details>
<Time><![CDATA[7/26/2021 - 1:57:50]]></Time>
<TimeTick>1627264670</TimeTick>
<NodeArgs eType="General" icon="0" nRep="208" status="Passed" >
<Disp><![CDATA[Type]]></Disp>
</NodeArgs>
</Step>
<Step rID="T191">
<Obj plainTxt="False" ><![CDATA[Type]]></Obj>
<Details plainTxt="False" ><![CDATA[16.3: Type 0182 in Cota textbox was finished]]></Details>
<Time><![CDATA[7/26/2021 - 1:57:52]]></Time>
<TimeTick>1627264672</TimeTick>
<NodeArgs eType="General" icon="0" nRep="209" status="Passed" >
<Disp><![CDATA[Type]]></Disp>
</NodeArgs>
</Step>
<Step rID="T192">
<Obj plainTxt="False" ><![CDATA[Type]]></Obj>
<Details plainTxt="False" ><![CDATA[16.4: Type 00 in Versão textbox was finished]]></Details>
<Time><![CDATA[7/26/2021 - 1:57:54]]></Time>
<TimeTick>1627264674</TimeTick>
<NodeArgs eType="General" icon="0" nRep="210" status="Passed" >
<Disp><![CDATA[Type]]></Disp>
</NodeArgs>
</Step>
<Step rID="T193">
<Obj plainTxt="False" ><![CDATA[Type]]></Obj>
<Details plainTxt="False" ><![CDATA[16.5: Type ************ in Senha passwordbox was finished]]></Details>
<Time><![CDATA[7/26/2021 - 1:57:58]]></Time>
<TimeTick>1627264678</TimeTick>
<NodeArgs eType="General" icon="0" nRep="211" status="Passed" >
<Disp><![CDATA[Type]]></Disp>
</NodeArgs>
</Step>
<Step rID="T194">
<Obj plainTxt="False" ><![CDATA[Click]]></Obj>
<Details plainTxt="False" ><![CDATA[16.6: Click on Acessar button was finished]]></Details>
<Time><![CDATA[7/26/2021 - 1:58:00]]></Time>
<TimeTick>1627264680</TimeTick>
<NodeArgs eType="General" icon="0" nRep="212" status="Passed" >
<Disp><![CDATA[Click]]></Disp>
</NodeArgs>
</Step>
<Step rID="T195">
<Obj plainTxt="False" ><![CDATA[Click]]></Obj>
<Details plainTxt="False" ><![CDATA[18: Click on Lance Livre  was finished]]></Details>
<Time><![CDATA[7/26/2021 - 1:58:03]]></Time>
<TimeTick>1627264683</TimeTick>
<NodeArgs eType="General" icon="0" nRep="213" status="Passed" >
<Disp><![CDATA[Click]]></Disp>
</NodeArgs>
</Step>
<Step rID="T196">
<Obj plainTxt="False" ><![CDATA[Click]]></Obj>
<Details plainTxt="False" ><![CDATA[20: Click on ofertar um Lance Livre  was finished]]></Details>
<Time><![CDATA[7/26/2021 - 1:58:04]]></Time>
<TimeTick>1627264684</TimeTick>
<NodeArgs eType="General" icon="0" nRep="214" status="Passed" >
<Disp><![CDATA[Click]]></Disp>
</NodeArgs>
</Step>
<Step rID="T197">
<Obj plainTxt="False" ><![CDATA[Click]]></Obj>
<Details plainTxt="False" ><![CDATA[22: Click on Valor (%)  was finished]]></Details>
<Time><![CDATA[7/26/2021 - 1:58:07]]></Time>
<TimeTick>1627264687</TimeTick>
<NodeArgs eType="General" icon="0" nRep="215" status="Passed" >
<Disp><![CDATA[Click]]></Disp>
</NodeArgs>
</Step>
<Step rID="T198">
<Obj plainTxt="False" ><![CDATA[Get Property]]></Obj>
<Details plainTxt="False" ><![CDATA[24: Get Visible Text from Valor minimo  was finished]]></Details>
<Time><![CDATA[7/26/2021 - 1:58:07]]></Time>
<TimeTick>1627264687</TimeTick>
<NodeArgs eType="General" icon="0" nRep="216" status="Passed" >
<Disp><![CDATA[Get Property]]></Disp>
</NodeArgs>
</Step>
<Step rID="T199">
<Obj plainTxt="False" ><![CDATA[Click]]></Obj>
<Details plainTxt="False" ><![CDATA[27: Click on Valor textbox was finished]]></Details>
<Time><![CDATA[7/26/2021 - 1:58:10]]></Time>
<TimeTick>1627264690</TimeTick>
<NodeArgs eType="General" icon="0" nRep="217" status="Passed" >
<Disp><![CDATA[Click]]></Disp>
</NodeArgs>
</Step>
<Step rID="T200">
<Obj plainTxt="False" ><![CDATA[Type]]></Obj>
<Details plainTxt="False" ><![CDATA[28: Type 1,1905%  in Valor textbox was finished]]></Details>
<Time><![CDATA[7/26/2021 - 1:58:13]]></Time>
<TimeTick>1627264693</TimeTick>
<NodeArgs eType="General" icon="0" nRep="218" status="Passed" >
<Disp><![CDATA[Type]]></Disp>
</NodeArgs>
</Step>
<Step rID="T201">
<Obj plainTxt="False" ><![CDATA[Click]]></Obj>
<Details plainTxt="False" ><![CDATA[30: Click on CONTINUAR button was finished]]></Details>
<Time><![CDATA[7/26/2021 - 1:58:16]]></Time>
<TimeTick>1627264696</TimeTick>
<NodeArgs eType="General" icon="0" nRep="219" status="Passed" >
<Disp><![CDATA[Click]]></Disp>
</NodeArgs>
</Step>
<Step rID="T202">
<Obj plainTxt="False" ><![CDATA[Click]]></Obj>
<Details plainTxt="False" ><![CDATA[32: Click on Ant Radio radiogroup was finished]]></Details>
<Time><![CDATA[7/26/2021 - 1:58:19]]></Time>
<TimeTick>1627264699</TimeTick>
<NodeArgs eType="General" icon="0" nRep="220" status="Passed" >
<Disp><![CDATA[Click]]></Disp>
</NodeArgs>
</Step>
<Step rID="T203">
<Obj plainTxt="False" ><![CDATA[Click]]></Obj>
<Details plainTxt="False" ><![CDATA[34: Click on CONTINUAR button was finished]]></Details>
<Time><![CDATA[7/26/2021 - 1:58:21]]></Time>
<TimeTick>1627264701</TimeTick>
<NodeArgs eType="General" icon="0" nRep="221" status="Passed" >
<Disp><![CDATA[Click]]></Disp>
</NodeArgs>
</Step>
<Step rID="T204">
<Obj plainTxt="False" ><![CDATA[Click]]></Obj>
<Details plainTxt="False" ><![CDATA[36: Click on Reduzir Parcela  was finished]]></Details>
<Time><![CDATA[7/26/2021 - 1:58:24]]></Time>
<TimeTick>1627264704</TimeTick>
<NodeArgs eType="General" icon="0" nRep="222" status="Passed" >
<Disp><![CDATA[Click]]></Disp>
</NodeArgs>
</Step>
<Step rID="T205">
<Obj plainTxt="False" ><![CDATA[Click]]></Obj>
<Details plainTxt="False" ><![CDATA[38: Click on CONFIRMAR button was finished]]></Details>
<Time><![CDATA[7/26/2021 - 1:58:27]]></Time>
<TimeTick>1627264707</TimeTick>
<NodeArgs eType="General" icon="0" nRep="223" status="Passed" >
<Disp><![CDATA[Click]]></Disp>
</NodeArgs>
</Step>
<Step rID="T206">
<Obj plainTxt="False" ><![CDATA[Click]]></Obj>
<Details plainTxt="False" ><![CDATA[40: Click on IMPRIMIR COMPROVANTE button was finished]]></Details>
<Time><![CDATA[7/26/2021 - 1:58:29]]></Time>
<TimeTick>1627264709</TimeTick>
<NodeArgs eType="General" icon="0" nRep="224" status="Passed" >
<Disp><![CDATA[Click]]></Disp>
</NodeArgs>
</Step>
<Step rID="T207">
<Obj plainTxt="False" ><![CDATA[Click]]></Obj>
<Details plainTxt="False" ><![CDATA[42: Click on button (1) button was finished]]></Details>
<Time><![CDATA[7/26/2021 - 1:58:32]]></Time>
<TimeTick>1627264712</TimeTick>
<NodeArgs eType="General" icon="0" nRep="225" status="Passed" >
<Disp><![CDATA[Click]]></Disp>
</NodeArgs>
</Step>
<Step rID="T208">
<Obj plainTxt="False" ><![CDATA[Click]]></Obj>
<Details plainTxt="False" ><![CDATA[44: Click on button (2) button was finished]]></Details>
<Time><![CDATA[7/26/2021 - 1:58:35]]></Time>
<TimeTick>1627264715</TimeTick>
<NodeArgs eType="General" icon="0" nRep="226" status="Passed" >
<Disp><![CDATA[Click]]></Disp>
</NodeArgs>
</Step>
<Step rID="T209">
<Obj plainTxt="False" ><![CDATA[Click]]></Obj>
<Details plainTxt="False" ><![CDATA[46: Click on Sair button was finished]]></Details>
<Time><![CDATA[7/26/2021 - 1:58:37]]></Time>
<TimeTick>1627264717</TimeTick>
<NodeArgs eType="General" icon="0" nRep="227" status="Passed" >
<Disp><![CDATA[Click]]></Disp>
</NodeArgs>
</Step>
<Step rID="T210">
<Obj plainTxt="False" ><![CDATA[Click]]></Obj>
<Details plainTxt="False" ><![CDATA[47: Click on Sair  was finished]]></Details>
<Time><![CDATA[7/26/2021 - 1:58:38]]></Time>
<TimeTick>1627264718</TimeTick>
<NodeArgs eType="General" icon="0" nRep="228" status="Passed" >
<Disp><![CDATA[Click]]></Disp>
</NodeArgs>
</Step>
<Summary sTime="7/26/2021 - 1:57:39" eTime="7/26/2021 - 1:58:38" passed="24" failed="0" warnings="0" ></Summary>
<NodeArgs eType="StartAction" icon="2" nRep="204" status="Passed" >
<Disp><![CDATA[Action Summary]]></Disp>
</NodeArgs>
</Action>
<NodeArgs eType="StartIteration" icon="3" nRep="203" status="Passed" >
<Disp><![CDATA[ID500_AA_OfertarLance Iteration 8 (Row 8)]]></Disp>
</NodeArgs>
</DIter>
<DIter rID="T211" iterID="9" >
<Action rID="T212">
<AName><![CDATA[Action]]></AName>
<Step rID="T213">
<Obj plainTxt="False" ><![CDATA[Navigate]]></Obj>
<Details plainTxt="False" ><![CDATA[14: Navigate to https://prenewconcustome...oAtendimento.Web was finished]]></Details>
<Time><![CDATA[7/26/2021 - 1:58:42]]></Time>
<TimeTick>1627264722</TimeTick>
<NodeArgs eType="General" icon="0" nRep="233" status="Passed" >
<Disp><![CDATA[Navigate]]></Disp>
</NodeArgs>
</Step>
<Step rID="T214">
<Obj plainTxt="False" ><![CDATA[Click]]></Obj>
<Details plainTxt="False" ><![CDATA[15: Click on Grupo/Cota  was finished]]></Details>
<Time><![CDATA[7/26/2021 - 1:58:44]]></Time>
<TimeTick>1627264724</TimeTick>
<NodeArgs eType="General" icon="0" nRep="234" status="Passed" >
<Disp><![CDATA[Click]]></Disp>
</NodeArgs>
</Step>
<Step rID="T215">
<Obj plainTxt="False" ><![CDATA[Click]]></Obj>
<Details plainTxt="False" ><![CDATA[16.1: Click on Grupo textbox was finished]]></Details>
<Time><![CDATA[7/26/2021 - 1:58:47]]></Time>
<TimeTick>1627264727</TimeTick>
<NodeArgs eType="General" icon="0" nRep="235" status="Passed" >
<Disp><![CDATA[Click]]></Disp>
</NodeArgs>
</Step>
<Step rID="T216">
<Obj plainTxt="False" ><![CDATA[Type]]></Obj>
<Details plainTxt="False" ><![CDATA[16.2: Type 084744 in Grupo textbox was finished]]></Details>
<Time><![CDATA[7/26/2021 - 1:58:50]]></Time>
<TimeTick>1627264730</TimeTick>
<NodeArgs eType="General" icon="0" nRep="236" status="Passed" >
<Disp><![CDATA[Type]]></Disp>
</NodeArgs>
</Step>
<Step rID="T217">
<Obj plainTxt="False" ><![CDATA[Type]]></Obj>
<Details plainTxt="False" ><![CDATA[16.3: Type 0819 in Cota textbox was finished]]></Details>
<Time><![CDATA[7/26/2021 - 1:58:53]]></Time>
<TimeTick>1627264733</TimeTick>
<NodeArgs eType="General" icon="0" nRep="237" status="Passed" >
<Disp><![CDATA[Type]]></Disp>
</NodeArgs>
</Step>
<Step rID="T218">
<Obj plainTxt="False" ><![CDATA[Type]]></Obj>
<Details plainTxt="False" ><![CDATA[16.4: Type 00 in Versão textbox was finished]]></Details>
<Time><![CDATA[7/26/2021 - 1:58:54]]></Time>
<TimeTick>1627264734</TimeTick>
<NodeArgs eType="General" icon="0" nRep="238" status="Passed" >
<Disp><![CDATA[Type]]></Disp>
</NodeArgs>
</Step>
<Step rID="T219">
<Obj plainTxt="False" ><![CDATA[Type]]></Obj>
<Details plainTxt="False" ><![CDATA[16.5: Type ************ in Senha passwordbox was finished]]></Details>
<Time><![CDATA[7/26/2021 - 1:59:00]]></Time>
<TimeTick>1627264740</TimeTick>
<NodeArgs eType="General" icon="0" nRep="239" status="Passed" >
<Disp><![CDATA[Type]]></Disp>
</NodeArgs>
</Step>
<Step rID="T220">
<Obj plainTxt="False" ><![CDATA[Click]]></Obj>
<Details plainTxt="False" ><![CDATA[16.6: Click on Acessar button was finished]]></Details>
<Time><![CDATA[7/26/2021 - 1:59:01]]></Time>
<TimeTick>1627264741</TimeTick>
<NodeArgs eType="General" icon="0" nRep="240" status="Passed" >
<Disp><![CDATA[Click]]></Disp>
</NodeArgs>
</Step>
<Step rID="T221">
<Obj plainTxt="False" ><![CDATA[Click]]></Obj>
<Details plainTxt="False" ><![CDATA[18: Click on Lance Livre  was finished]]></Details>
<Time><![CDATA[7/26/2021 - 1:59:04]]></Time>
<TimeTick>1627264744</TimeTick>
<NodeArgs eType="General" icon="0" nRep="241" status="Passed" >
<Disp><![CDATA[Click]]></Disp>
</NodeArgs>
</Step>
<Step rID="T222">
<Obj plainTxt="False" ><![CDATA[Click]]></Obj>
<Details plainTxt="False" ><![CDATA[20: Click on ofertar um Lance Livre  was finished]]></Details>
<Time><![CDATA[7/26/2021 - 1:59:06]]></Time>
<TimeTick>1627264746</TimeTick>
<NodeArgs eType="General" icon="0" nRep="242" status="Passed" >
<Disp><![CDATA[Click]]></Disp>
</NodeArgs>
</Step>
<Step rID="T223">
<Obj plainTxt="False" ><![CDATA[Click]]></Obj>
<Details plainTxt="False" ><![CDATA[22: Click on Valor (%)  was finished]]></Details>
<Time><![CDATA[7/26/2021 - 1:59:08]]></Time>
<TimeTick>1627264748</TimeTick>
<NodeArgs eType="General" icon="0" nRep="243" status="Passed" >
<Disp><![CDATA[Click]]></Disp>
</NodeArgs>
</Step>
<Step rID="T224">
<Obj plainTxt="False" ><![CDATA[Get Property]]></Obj>
<Details plainTxt="False" ><![CDATA[24: Get Visible Text from Valor minimo  was finished]]></Details>
<Time><![CDATA[7/26/2021 - 1:59:08]]></Time>
<TimeTick>1627264748</TimeTick>
<NodeArgs eType="General" icon="0" nRep="244" status="Passed" >
<Disp><![CDATA[Get Property]]></Disp>
</NodeArgs>
</Step>
<Step rID="T225">
<Obj plainTxt="False" ><![CDATA[Click]]></Obj>
<Details plainTxt="False" ><![CDATA[27: Click on Valor textbox was finished]]></Details>
<Time><![CDATA[7/26/2021 - 1:59:11]]></Time>
<TimeTick>1627264751</TimeTick>
<NodeArgs eType="General" icon="0" nRep="245" status="Passed" >
<Disp><![CDATA[Click]]></Disp>
</NodeArgs>
</Step>
<Step rID="T226">
<Obj plainTxt="False" ><![CDATA[Type]]></Obj>
<Details plainTxt="False" ><![CDATA[28: Type 1,1905%  in Valor textbox was finished]]></Details>
<Time><![CDATA[7/26/2021 - 1:59:15]]></Time>
<TimeTick>1627264755</TimeTick>
<NodeArgs eType="General" icon="0" nRep="246" status="Passed" >
<Disp><![CDATA[Type]]></Disp>
</NodeArgs>
</Step>
<Step rID="T227">
<Obj plainTxt="False" ><![CDATA[Click]]></Obj>
<Details plainTxt="False" ><![CDATA[30: Click on CONTINUAR button was finished]]></Details>
<Time><![CDATA[7/26/2021 - 1:59:17]]></Time>
<TimeTick>1627264757</TimeTick>
<NodeArgs eType="General" icon="0" nRep="247" status="Passed" >
<Disp><![CDATA[Click]]></Disp>
</NodeArgs>
</Step>
<Step rID="T228">
<Obj plainTxt="False" ><![CDATA[Click]]></Obj>
<Details plainTxt="False" ><![CDATA[32: Click on Ant Radio radiogroup was finished]]></Details>
<Time><![CDATA[7/26/2021 - 1:59:20]]></Time>
<TimeTick>1627264760</TimeTick>
<NodeArgs eType="General" icon="0" nRep="248" status="Passed" >
<Disp><![CDATA[Click]]></Disp>
</NodeArgs>
</Step>
<Step rID="T229">
<Obj plainTxt="False" ><![CDATA[Click]]></Obj>
<Details plainTxt="False" ><![CDATA[34: Click on CONTINUAR button was finished]]></Details>
<Time><![CDATA[7/26/2021 - 1:59:23]]></Time>
<TimeTick>1627264763</TimeTick>
<NodeArgs eType="General" icon="0" nRep="249" status="Passed" >
<Disp><![CDATA[Click]]></Disp>
</NodeArgs>
</Step>
<Step rID="T230">
<Obj plainTxt="False" ><![CDATA[Click]]></Obj>
<Details plainTxt="False" ><![CDATA[36: Click on Reduzir Parcela  was finished]]></Details>
<Time><![CDATA[7/26/2021 - 1:59:26]]></Time>
<TimeTick>1627264766</TimeTick>
<NodeArgs eType="General" icon="0" nRep="250" status="Passed" >
<Disp><![CDATA[Click]]></Disp>
</NodeArgs>
</Step>
<Step rID="T231">
<Obj plainTxt="False" ><![CDATA[Click]]></Obj>
<Details plainTxt="False" ><![CDATA[38: Click on CONFIRMAR button was finished]]></Details>
<Time><![CDATA[7/26/2021 - 1:59:28]]></Time>
<TimeTick>1627264768</TimeTick>
<NodeArgs eType="General" icon="0" nRep="251" status="Passed" >
<Disp><![CDATA[Click]]></Disp>
</NodeArgs>
</Step>
<Step rID="T232">
<Obj plainTxt="False" ><![CDATA[Click]]></Obj>
<Details plainTxt="False" ><![CDATA[40: Click on IMPRIMIR COMPROVANTE button was finished]]></Details>
<Time><![CDATA[7/26/2021 - 1:59:31]]></Time>
<TimeTick>1627264771</TimeTick>
<NodeArgs eType="General" icon="0" nRep="252" status="Passed" >
<Disp><![CDATA[Click]]></Disp>
</NodeArgs>
</Step>
<Step rID="T233">
<Obj plainTxt="False" ><![CDATA[Click]]></Obj>
<Details plainTxt="False" ><![CDATA[42: Click on button (1) button was finished]]></Details>
<Time><![CDATA[7/26/2021 - 1:59:34]]></Time>
<TimeTick>1627264774</TimeTick>
<NodeArgs eType="General" icon="0" nRep="253" status="Passed" >
<Disp><![CDATA[Click]]></Disp>
</NodeArgs>
</Step>
<Step rID="T234">
<Obj plainTxt="False" ><![CDATA[Click]]></Obj>
<Details plainTxt="False" ><![CDATA[44: Click on button (2) button was finished]]></Details>
<Time><![CDATA[7/26/2021 - 1:59:36]]></Time>
<TimeTick>1627264776</TimeTick>
<NodeArgs eType="General" icon="0" nRep="254" status="Passed" >
<Disp><![CDATA[Click]]></Disp>
</NodeArgs>
</Step>
<Step rID="T235">
<Obj plainTxt="False" ><![CDATA[Click]]></Obj>
<Details plainTxt="False" ><![CDATA[46: Click on Sair button was finished]]></Details>
<Time><![CDATA[7/26/2021 - 1:59:39]]></Time>
<TimeTick>1627264779</TimeTick>
<NodeArgs eType="General" icon="0" nRep="255" status="Passed" >
<Disp><![CDATA[Click]]></Disp>
</NodeArgs>
</Step>
<Step rID="T236">
<Obj plainTxt="False" ><![CDATA[Click]]></Obj>
<Details plainTxt="False" ><![CDATA[47: Click on Sair  was finished]]></Details>
<Time><![CDATA[7/26/2021 - 1:59:40]]></Time>
<TimeTick>1627264780</TimeTick>
<NodeArgs eType="General" icon="0" nRep="256" status="Passed" >
<Disp><![CDATA[Click]]></Disp>
</NodeArgs>
</Step>
<Summary sTime="7/26/2021 - 1:58:39" eTime="7/26/2021 - 1:59:40" passed="24" failed="0" warnings="0" ></Summary>
<NodeArgs eType="StartAction" icon="2" nRep="232" status="Passed" >
<Disp><![CDATA[Action Summary]]></Disp>
</NodeArgs>
</Action>
<NodeArgs eType="StartIteration" icon="3" nRep="231" status="Passed" >
<Disp><![CDATA[ID500_AA_OfertarLance Iteration 9 (Row 9)]]></Disp>
</NodeArgs>
</DIter>
<DIter rID="T237" iterID="10" >
<Action rID="T238">
<AName><![CDATA[Action]]></AName>
<Step rID="T239">
<Obj plainTxt="False" ><![CDATA[Navigate]]></Obj>
<Details plainTxt="False" ><![CDATA[14: Navigate to https://prenewconcustome...oAtendimento.Web was finished]]></Details>
<Time><![CDATA[7/26/2021 - 1:59:43]]></Time>
<TimeTick>1627264783</TimeTick>
<NodeArgs eType="General" icon="0" nRep="261" status="Passed" >
<Disp><![CDATA[Navigate]]></Disp>
</NodeArgs>
</Step>
<Step rID="T240">
<Obj plainTxt="False" ><![CDATA[Click]]></Obj>
<Details plainTxt="False" ><![CDATA[15: Click on Grupo/Cota  was finished]]></Details>
<Time><![CDATA[7/26/2021 - 1:59:46]]></Time>
<TimeTick>1627264786</TimeTick>
<NodeArgs eType="General" icon="0" nRep="262" status="Passed" >
<Disp><![CDATA[Click]]></Disp>
</NodeArgs>
</Step>
<Step rID="T241">
<Obj plainTxt="False" ><![CDATA[Click]]></Obj>
<Details plainTxt="False" ><![CDATA[16.1: Click on Grupo textbox was finished]]></Details>
<Time><![CDATA[7/26/2021 - 1:59:49]]></Time>
<TimeTick>1627264789</TimeTick>
<NodeArgs eType="General" icon="0" nRep="263" status="Passed" >
<Disp><![CDATA[Click]]></Disp>
</NodeArgs>
</Step>
<Step rID="T242">
<Obj plainTxt="False" ><![CDATA[Type]]></Obj>
<Details plainTxt="False" ><![CDATA[16.2: Type 084744 in Grupo textbox was finished]]></Details>
<Time><![CDATA[7/26/2021 - 1:59:52]]></Time>
<TimeTick>1627264792</TimeTick>
<NodeArgs eType="General" icon="0" nRep="264" status="Passed" >
<Disp><![CDATA[Type]]></Disp>
</NodeArgs>
</Step>
<Step rID="T243">
<Obj plainTxt="False" ><![CDATA[Type]]></Obj>
<Details plainTxt="False" ><![CDATA[16.3: Type 0642 in Cota textbox was finished]]></Details>
<Time><![CDATA[7/26/2021 - 1:59:54]]></Time>
<TimeTick>1627264794</TimeTick>
<NodeArgs eType="General" icon="0" nRep="265" status="Passed" >
<Disp><![CDATA[Type]]></Disp>
</NodeArgs>
</Step>
<Step rID="T244">
<Obj plainTxt="False" ><![CDATA[Type]]></Obj>
<Details plainTxt="False" ><![CDATA[16.4: Type 00 in Versão textbox was finished]]></Details>
<Time><![CDATA[7/26/2021 - 1:59:55]]></Time>
<TimeTick>1627264795</TimeTick>
<NodeArgs eType="General" icon="0" nRep="266" status="Passed" >
<Disp><![CDATA[Type]]></Disp>
</NodeArgs>
</Step>
<Step rID="T245">
<Obj plainTxt="False" ><![CDATA[Type]]></Obj>
<Details plainTxt="False" ><![CDATA[16.5: Type ************ in Senha passwordbox was finished]]></Details>
<Time><![CDATA[7/26/2021 - 2:00:00]]></Time>
<TimeTick>1627264800</TimeTick>
<NodeArgs eType="General" icon="0" nRep="267" status="Passed" >
<Disp><![CDATA[Type]]></Disp>
</NodeArgs>
</Step>
<Step rID="T246">
<Obj plainTxt="False" ><![CDATA[Click]]></Obj>
<Details plainTxt="False" ><![CDATA[16.6: Click on Acessar button was finished]]></Details>
<Time><![CDATA[7/26/2021 - 2:00:02]]></Time>
<TimeTick>1627264802</TimeTick>
<NodeArgs eType="General" icon="0" nRep="268" status="Passed" >
<Disp><![CDATA[Click]]></Disp>
</NodeArgs>
</Step>
<Step rID="T247">
<Obj plainTxt="False" ><![CDATA[Click]]></Obj>
<Details plainTxt="False" ><![CDATA[18: Click on Lance Livre  was finished]]></Details>
<Time><![CDATA[7/26/2021 - 2:00:04]]></Time>
<TimeTick>1627264804</TimeTick>
<NodeArgs eType="General" icon="0" nRep="269" status="Passed" >
<Disp><![CDATA[Click]]></Disp>
</NodeArgs>
</Step>
<Step rID="T248">
<Obj plainTxt="False" ><![CDATA[Click]]></Obj>
<Details plainTxt="False" ><![CDATA[20: Click on ofertar um Lance Livre  was finished]]></Details>
<Time><![CDATA[7/26/2021 - 2:00:06]]></Time>
<TimeTick>1627264806</TimeTick>
<NodeArgs eType="General" icon="0" nRep="270" status="Passed" >
<Disp><![CDATA[Click]]></Disp>
</NodeArgs>
</Step>
<Step rID="T249">
<Obj plainTxt="False" ><![CDATA[Click]]></Obj>
<Details plainTxt="False" ><![CDATA[22: Click on Valor (%)  was finished]]></Details>
<Time><![CDATA[7/26/2021 - 2:00:09]]></Time>
<TimeTick>1627264809</TimeTick>
<NodeArgs eType="General" icon="0" nRep="271" status="Passed" >
<Disp><![CDATA[Click]]></Disp>
</NodeArgs>
</Step>
<Step rID="T250">
<Obj plainTxt="False" ><![CDATA[Get Property]]></Obj>
<Details plainTxt="False" ><![CDATA[24: Get Visible Text from Valor minimo  was finished]]></Details>
<Time><![CDATA[7/26/2021 - 2:00:09]]></Time>
<TimeTick>1627264809</TimeTick>
<NodeArgs eType="General" icon="0" nRep="272" status="Passed" >
<Disp><![CDATA[Get Property]]></Disp>
</NodeArgs>
</Step>
<Step rID="T251">
<Obj plainTxt="False" ><![CDATA[Click]]></Obj>
<Details plainTxt="False" ><![CDATA[27: Click on Valor textbox was finished]]></Details>
<Time><![CDATA[7/26/2021 - 2:00:11]]></Time>
<TimeTick>1627264811</TimeTick>
<NodeArgs eType="General" icon="0" nRep="273" status="Passed" >
<Disp><![CDATA[Click]]></Disp>
</NodeArgs>
</Step>
<Step rID="T252">
<Obj plainTxt="False" ><![CDATA[Type]]></Obj>
<Details plainTxt="False" ><![CDATA[28: Type 1,1905%  in Valor textbox was finished]]></Details>
<Time><![CDATA[7/26/2021 - 2:00:15]]></Time>
<TimeTick>1627264815</TimeTick>
<NodeArgs eType="General" icon="0" nRep="274" status="Passed" >
<Disp><![CDATA[Type]]></Disp>
</NodeArgs>
</Step>
<Step rID="T253">
<Obj plainTxt="False" ><![CDATA[Click]]></Obj>
<Details plainTxt="False" ><![CDATA[30: Click on CONTINUAR button was finished]]></Details>
<Time><![CDATA[7/26/2021 - 2:00:18]]></Time>
<TimeTick>1627264818</TimeTick>
<NodeArgs eType="General" icon="0" nRep="275" status="Passed" >
<Disp><![CDATA[Click]]></Disp>
</NodeArgs>
</Step>
<Step rID="T254">
<Obj plainTxt="False" ><![CDATA[Click]]></Obj>
<Details plainTxt="False" ><![CDATA[32: Click on Ant Radio radiogroup was finished]]></Details>
<Time><![CDATA[7/26/2021 - 2:00:20]]></Time>
<TimeTick>1627264820</TimeTick>
<NodeArgs eType="General" icon="0" nRep="276" status="Passed" >
<Disp><![CDATA[Click]]></Disp>
</NodeArgs>
</Step>
<Step rID="T255">
<Obj plainTxt="False" ><![CDATA[Click]]></Obj>
<Details plainTxt="False" ><![CDATA[34: Click on CONTINUAR button was finished]]></Details>
<Time><![CDATA[7/26/2021 - 2:00:23]]></Time>
<TimeTick>1627264823</TimeTick>
<NodeArgs eType="General" icon="0" nRep="277" status="Passed" >
<Disp><![CDATA[Click]]></Disp>
</NodeArgs>
</Step>
<Step rID="T256">
<Obj plainTxt="False" ><![CDATA[Click]]></Obj>
<Details plainTxt="False" ><![CDATA[36: Click on Reduzir Parcela  was finished]]></Details>
<Time><![CDATA[7/26/2021 - 2:00:26]]></Time>
<TimeTick>1627264826</TimeTick>
<NodeArgs eType="General" icon="0" nRep="278" status="Passed" >
<Disp><![CDATA[Click]]></Disp>
</NodeArgs>
</Step>
<Step rID="T257">
<Obj plainTxt="False" ><![CDATA[Click]]></Obj>
<Details plainTxt="False" ><![CDATA[38: Click on CONFIRMAR button was finished]]></Details>
<Time><![CDATA[7/26/2021 - 2:00:28]]></Time>
<TimeTick>1627264828</TimeTick>
<NodeArgs eType="General" icon="0" nRep="279" status="Passed" >
<Disp><![CDATA[Click]]></Disp>
</NodeArgs>
</Step>
<Step rID="T258">
<Obj plainTxt="False" ><![CDATA[Click]]></Obj>
<Details plainTxt="False" ><![CDATA[40: Click on IMPRIMIR COMPROVANTE button was finished]]></Details>
<Time><![CDATA[7/26/2021 - 2:00:31]]></Time>
<TimeTick>1627264831</TimeTick>
<NodeArgs eType="General" icon="0" nRep="280" status="Passed" >
<Disp><![CDATA[Click]]></Disp>
</NodeArgs>
</Step>
<Step rID="T259">
<Obj plainTxt="False" ><![CDATA[Click]]></Obj>
<Details plainTxt="False" ><![CDATA[42: Click on button (1) button was finished]]></Details>
<Time><![CDATA[7/26/2021 - 2:00:34]]></Time>
<TimeTick>1627264834</TimeTick>
<NodeArgs eType="General" icon="0" nRep="281" status="Passed" >
<Disp><![CDATA[Click]]></Disp>
</NodeArgs>
</Step>
<Step rID="T260">
<Obj plainTxt="False" ><![CDATA[Click]]></Obj>
<Details plainTxt="False" ><![CDATA[44: Click on button (2) button was finished]]></Details>
<Time><![CDATA[7/26/2021 - 2:00:36]]></Time>
<TimeTick>1627264836</TimeTick>
<NodeArgs eType="General" icon="0" nRep="282" status="Passed" >
<Disp><![CDATA[Click]]></Disp>
</NodeArgs>
</Step>
<Step rID="T261">
<Obj plainTxt="False" ><![CDATA[Click]]></Obj>
<Details plainTxt="False" ><![CDATA[46: Click on Sair button was finished]]></Details>
<Time><![CDATA[7/26/2021 - 2:00:39]]></Time>
<TimeTick>1627264839</TimeTick>
<NodeArgs eType="General" icon="0" nRep="283" status="Passed" >
<Disp><![CDATA[Click]]></Disp>
</NodeArgs>
</Step>
<Step rID="T262">
<Obj plainTxt="False" ><![CDATA[Click]]></Obj>
<Details plainTxt="False" ><![CDATA[47: Click on Sair  was finished]]></Details>
<Time><![CDATA[7/26/2021 - 2:00:40]]></Time>
<TimeTick>1627264840</TimeTick>
<NodeArgs eType="General" icon="0" nRep="284" status="Passed" >
<Disp><![CDATA[Click]]></Disp>
</NodeArgs>
</Step>
<Summary sTime="7/26/2021 - 1:59:41" eTime="7/26/2021 - 2:00:40" passed="24" failed="0" warnings="0" ></Summary>
<NodeArgs eType="StartAction" icon="2" nRep="260" status="Passed" >
<Disp><![CDATA[Action Summary]]></Disp>
</NodeArgs>
</Action>
<NodeArgs eType="StartIteration" icon="3" nRep="259" status="Passed" >
<Disp><![CDATA[ID500_AA_OfertarLance Iteration 10 (Row 10)]]></Disp>
</NodeArgs>
</DIter>
<Action rID="T263">
<AName><![CDATA[End]]></AName>
<Summary sTime="7/26/2021 - 2:00:40" eTime="7/26/2021 - 2:00:40" passed="0" failed="0" warnings="0" ></Summary>
<NodeArgs eType="StartAction" icon="2" nRep="287" >
<Disp><![CDATA[End Summary]]></Disp>
</NodeArgs>
</Action>
<Summary sTime="7/26/2021 - 1:50:04" eTime="7/26/2021 - 2:00:40" passed="240" failed="0" warnings="0" ></Summary>
<NodeArgs eType="StartTest" icon="1" nRep="4" status="Passed" >
<Disp><![CDATA[Test ID500_AA_OfertarLance Summary]]></Disp>
</NodeArgs>
</Doc>
</Report>