﻿<?xml version="1.0"?>
<!DOCTYPE Report
[
<!ELEMENT Report (General ,(Doc|BPT)) >
<!ATTLIST Report ver CDATA #REQUIRED tmZone CDATA #REQUIRED>

<!ELEMENT General ( DocLocation ) >
<!ATTLIST General productName CDATA #REQUIRED productVer CDATA #REQUIRED os CDATA #REQUIRED host CDATA #REQUIRED qcserver CDATA #IMPLIED qcproject CDATA #IMPLIED SolManSolutionId CDATA #IMPLIED SolManProjectId CDATA #IMPLIED SolManTestPlanId CDATA #IMPLIED SolManTestPackageId CDATA #IMPLIED SolManUserInfoData CDATA #IMPLIED  >

<!ELEMENT BPT (DName,Res,DVer?,TSet?,TInst?,NodeArgs,AdditionalInfo*,Doc*) >
<!ATTLIST BPT rID ID #REQUIRED >

<!ELEMENT Doc (DName,ConfName?,Res,DVer?,TSet?,TInst?,RunType?,DT?,AdditionalInfo*,Step*,DIter*,Step*,Action*,Doc*,Summary?,TestMaintenanceSummary*,NodeArgs?) >
<!ATTLIST Doc rID ID #REQUIRED type (Test|BC|BPTWrapperTest|Flow|Group|Action) "Test" productName CDATA #REQUIRED BCIter CDATA #IMPLIED >

<!ELEMENT RunType ( #PCDATA )>
<!ATTLIST RunType fmStep (False|True) "False" batch (False|True) "False" upDesc (False|True) "False" upChk (False|True) "False" upAS (False|True) "False">

<!ELEMENT DName ( #PCDATA ) >

<!ELEMENT ConfName ( #PCDATA ) >

<!ELEMENT Res ( #PCDATA ) >

<!ELEMENT AdditionalInfo (AdditionalDataName,AdditionalDataValue ) >

<!ELEMENT AdditionalDataName ( #PCDATA ) >

<!ELEMENT AdditionalDataValue ( #PCDATA ) >

<!ELEMENT DVer ( #PCDATA ) >

<!ELEMENT TSet ( #PCDATA ) >

<!ELEMENT TInst ( #PCDATA ) >

<!ELEMENT DIter (Step*,Action+,Summary?,NodeArgs)>
<!ATTLIST DIter rID ID #REQUIRED iterID CDATA #REQUIRED>

<!ELEMENT DocLocation ( #PCDATA )>

<!ELEMENT Action (AName,AIter*,(Step|HtmlStep|Action)*, Summary,ActionMaintenanceSummary*, NodeArgs ) >
<!ATTLIST Action rID ID #REQUIRED>

<!ELEMENT AIter ((Step|HtmlStep|Action)*,DataMapping?, Summary?,NodeArgs) >
<!ATTLIST AIter rID ID #REQUIRED iterID CDATA #REQUIRED isCountable (False|True) "False" >

<!ELEMENT AName ( #PCDATA ) >

<!ELEMENT TestMaintenanceSummary (ActionMaintenanceSummary*) >
<!ATTLIST TestMaintenanceSummary ObjectsAdded CDATA #REQUIRED ObjectsUpdated CDATA #REQUIRED StepsUpdated CDATA #REQUIRED StepsComments CDATA #REQUIRED><!ELEMENT ActionMaintenanceSummary (ObjectChange* ) >
<!ATTLIST ActionMaintenanceSummary Action CDATA #REQUIRED Objects CDATA #REQUIRED Updated CDATA #REQUIRED LinesTotal CDATA #REQUIRED Added CDATA #REQUIRED LinesUpdated CDATA #REQUIRED>

<!ELEMENT ObjectChange  (Hierarchy, PropertyChangeList* ) >
<!ATTLIST ObjectChange Operation CDATA #IMPLIED OriginalRepository CDATA #IMPLIED>

<!ELEMENT PropertyChangeList (PropertyDef*) >

<!ELEMENT PropertyDef (OriginalValue, NewValue) >
<!ATTLIST PropertyDef PropName CDATA #REQUIRED OriginRegularExpression (True|False) "False" NewRegularExpression (True|False) "False" AddedProperty (True|False) "False" >

<!ELEMENT OriginalValue ( #PCDATA )>

<!ELEMENT NewValue ( #PCDATA )>

<!ELEMENT Hierarchy  (ObjectName, Hierarchy*) >
<!ATTLIST Hierarchy MicClass CDATA #REQUIRED>

<!ELEMENT ObjectName  ( #PCDATA ) >

<!ELEMENT Step (Obj,Details,Time,TimeTick* ,(Step|HtmlStep|Doc)*, DataMapping?, NodeArgs) >
<!ATTLIST Step rID ID #REQUIRED retval CDATA #IMPLIED>

<!ELEMENT HtmlStep (HTML,TimeTick*,(Step|HtmlStep|Doc)*,NodeArgs) >
<!ATTLIST HtmlStep rID ID #REQUIRED >

<!ELEMENT Obj ( #PCDATA ) >
<!ATTLIST Obj plainTxt (False|True) "True">

<!ELEMENT Details ( #PCDATA ) >
<!ATTLIST Details plainTxt (False|True) "True">

<!ELEMENT Time ( #PCDATA ) >

<!ELEMENT HTML ( #PCDATA ) >

<!ELEMENT Disp ( #PCDATA ) >

<!ELEMENT TimeTick ( #PCDATA ) >

<!ELEMENT DataMapping ( DataMappedItem* )>
<!ELEMENT DataMappedItem EMPTY >
<!ATTLIST DataMappedItem dsName CDATA #REQUIRED >
<!ATTLIST DataMappedItem rowId CDATA #REQUIRED >

<!ELEMENT NodeArgs (Disp,TopPane?,BtmPane?,ExtendedInfo? )>
<!ATTLIST NodeArgs eType CDATA #REQUIRED icon CDATA #REQUIRED nRep CDATA #REQUIRED UserNote CDATA #IMPLIED filter (False|True) "True">
<!ATTLIST NodeArgs status (Passed|Failed|Done|Warning|Information) "Done">
<!ATTLIST NodeArgs iconSel CDATA #IMPLIED nType CDATA #IMPLIED MovieMarker CDATA "">
<!ATTLIST NodeArgs Source CDATA #IMPLIED SourceLine CDATA #IMPLIED StepFlowItemKey CDATA #IMPLIED >

<!ELEMENT TopPane (Path)>

<!ELEMENT BtmPane ( (Path|WR)?,ASHilite?)>
<!ATTLIST BtmPane vType CDATA "HTML">

<!ELEMENT Path ( #PCDATA ) >

<!ELEMENT ASHilite ( #PCDATA ) >

<!ELEMENT WR ( #PCDATA ) >

<!ELEMENT ExtendedInfo ( StepData ) >

<!ATTLIST ExtendedInfo StepType CDATA #REQUIRED>
<!ELEMENT DT (NodeArgs) >
<!ATTLIST DT rID ID #REQUIRED>

<!ELEMENT Summary (Param*)>
<!ATTLIST Summary sTime CDATA #IMPLIED eTime CDATA #IMPLIED passed CDATA #IMPLIED failed CDATA #IMPLIED warnings CDATA #IMPLIED retval CDATA #IMPLIED stopped (False|True) "False" >

<!ELEMENT Param (ParamName,ParamVal)+ >
<!ATTLIST Param paramInOut (In|Out) "In">

<!ELEMENT ParamName ( #PCDATA ) >

<!ELEMENT ParamVal ( #PCDATA ) >

]
>
<Report ver="2.0" tmZone="Coordinated Universal Time">
<General productName="Vugen" productVer="2021" os="" host="VMNEWCON060"><DocLocation><![CDATA[S:\GMF_NewCon\Test_Scripts\ID1005_AA_EmitirBoleto]]></DocLocation></General>
<Doc rID="T1"   productName= "Vugen"  >
<DName><![CDATA[ID1005_AA_EmitirBoleto]]></DName>
<Res><![CDATA[result1]]></Res>
<Action rID="T2">
<AName><![CDATA[Init]]></AName>
<Summary sTime="7/26/2021 - 15:31:10" eTime="7/26/2021 - 15:31:10" passed="0" failed="0" warnings="0" ></Summary>
<NodeArgs eType="StartAction" icon="2" nRep="5" >
<Disp><![CDATA[Init Summary]]></Disp>
</NodeArgs>
</Action>
<DIter rID="T3" iterID="1" >
<Action rID="T4">
<AName><![CDATA[Action]]></AName>
<Step rID="T5">
<Obj plainTxt="False" ><![CDATA[Navigate]]></Obj>
<Details plainTxt="False" ><![CDATA[1: Navigate to https://prodnewconcustom...oAtendimento.Web was finished]]></Details>
<Time><![CDATA[7/26/2021 - 15:31:15]]></Time>
<TimeTick>1627313475</TimeTick>
<NodeArgs eType="General" icon="0" nRep="9" status="Passed" >
<Disp><![CDATA[Navigate]]></Disp>
</NodeArgs>
</Step>
<Step rID="T6">
<Obj plainTxt="False" ><![CDATA[Click]]></Obj>
<Details plainTxt="False" ><![CDATA[2: Click on CPF/CNPJ textbox was finished]]></Details>
<Time><![CDATA[7/26/2021 - 15:31:18]]></Time>
<TimeTick>1627313478</TimeTick>
<NodeArgs eType="General" icon="0" nRep="10" status="Passed" >
<Disp><![CDATA[Click]]></Disp>
</NodeArgs>
</Step>
<Step rID="T7">
<Obj plainTxt="False" ><![CDATA[Type]]></Obj>
<Details plainTxt="False" ><![CDATA[3: Type 004.782.865-03 in CPF/CNPJ textbox was finished]]></Details>
<Time><![CDATA[7/26/2021 - 15:31:23]]></Time>
<TimeTick>1627313483</TimeTick>
<NodeArgs eType="General" icon="0" nRep="11" status="Passed" >
<Disp><![CDATA[Type]]></Disp>
</NodeArgs>
</Step>
<Step rID="T8">
<Obj plainTxt="False" ><![CDATA[Click]]></Obj>
<Details plainTxt="False" ><![CDATA[4: Click on Senha passwordbox was finished]]></Details>
<Time><![CDATA[7/26/2021 - 15:31:26]]></Time>
<TimeTick>1627313486</TimeTick>
<NodeArgs eType="General" icon="0" nRep="12" status="Passed" >
<Disp><![CDATA[Click]]></Disp>
</NodeArgs>
</Step>
<Step rID="T9">
<Obj plainTxt="False" ><![CDATA[Type]]></Obj>
<Details plainTxt="False" ><![CDATA[5: Type ************ in Senha passwordbox was finished]]></Details>
<Time><![CDATA[7/26/2021 - 15:31:31]]></Time>
<TimeTick>1627313491</TimeTick>
<NodeArgs eType="General" icon="0" nRep="13" status="Passed" >
<Disp><![CDATA[Type]]></Disp>
</NodeArgs>
</Step>
<Step rID="T10">
<Obj plainTxt="False" ><![CDATA[Click]]></Obj>
<Details plainTxt="False" ><![CDATA[6: Click on Acessar button was finished]]></Details>
<Time><![CDATA[7/26/2021 - 15:31:33]]></Time>
<TimeTick>1627313493</TimeTick>
<NodeArgs eType="General" icon="0" nRep="14" status="Passed" >
<Disp><![CDATA[Click]]></Disp>
</NodeArgs>
</Step>
<Step rID="T11">
<Obj plainTxt="False" ><![CDATA[Click]]></Obj>
<Details plainTxt="False" ><![CDATA[7: Click on Grupo/Cota  was finished]]></Details>
<Time><![CDATA[7/26/2021 - 15:31:36]]></Time>
<TimeTick>1627313496</TimeTick>
<NodeArgs eType="General" icon="0" nRep="15" status="Passed" >
<Disp><![CDATA[Click]]></Disp>
</NodeArgs>
</Step>
<Step rID="T12">
<Obj plainTxt="False" ><![CDATA[Click]]></Obj>
<Details plainTxt="False" ><![CDATA[8: Click on button (1) button was finished]]></Details>
<Time><![CDATA[7/26/2021 - 15:31:39]]></Time>
<TimeTick>1627313499</TimeTick>
<NodeArgs eType="General" icon="0" nRep="16" status="Passed" >
<Disp><![CDATA[Click]]></Disp>
</NodeArgs>
</Step>
<Step rID="T13">
<Obj plainTxt="False" ><![CDATA[Click]]></Obj>
<Details plainTxt="False" ><![CDATA[9: Click on Serviços  was finished]]></Details>
<Time><![CDATA[7/26/2021 - 15:31:41]]></Time>
<TimeTick>1627313501</TimeTick>
<NodeArgs eType="General" icon="0" nRep="17" status="Passed" >
<Disp><![CDATA[Click]]></Disp>
</NodeArgs>
</Step>
<Step rID="T14">
<Obj plainTxt="False" ><![CDATA[Click]]></Obj>
<Details plainTxt="False" ><![CDATA[10: Click on 2ª Via de Boletos link was finished]]></Details>
<Time><![CDATA[7/26/2021 - 15:31:42]]></Time>
<TimeTick>1627313502</TimeTick>
<NodeArgs eType="General" icon="0" nRep="18" status="Passed" >
<Disp><![CDATA[Click]]></Disp>
</NodeArgs>
</Step>
<Step rID="T15">
<Obj plainTxt="False" ><![CDATA[Click]]></Obj>
<Details plainTxt="False" ><![CDATA[12: Click on / label was finished]]></Details>
<Time><![CDATA[7/26/2021 - 15:31:45]]></Time>
<TimeTick>1627313505</TimeTick>
<NodeArgs eType="General" icon="0" nRep="19" status="Passed" >
<Disp><![CDATA[Click]]></Disp>
</NodeArgs>
</Step>
<Step rID="T16">
<Obj plainTxt="False" ><![CDATA[Click]]></Obj>
<Details plainTxt="False" ><![CDATA[14: Click on Gerar Boleto button was finished]]></Details>
<Time><![CDATA[7/26/2021 - 15:31:48]]></Time>
<TimeTick>1627313508</TimeTick>
<NodeArgs eType="General" icon="0" nRep="20" status="Passed" >
<Disp><![CDATA[Click]]></Disp>
</NodeArgs>
</Step>
<Step rID="T17">
<Obj plainTxt="False" ><![CDATA[Mouse Over]]></Obj>
<Details plainTxt="False" ><![CDATA[15.1: Move mouse over Boleto Bancário  was finished]]></Details>
<Time><![CDATA[7/26/2021 - 15:31:50]]></Time>
<TimeTick>1627313510</TimeTick>
<NodeArgs eType="General" icon="0" nRep="21" status="Passed" >
<Disp><![CDATA[Mouse Over]]></Disp>
</NodeArgs>
</Step>
<Step rID="T18">
<Obj plainTxt="False" ><![CDATA[Click]]></Obj>
<Details plainTxt="False" ><![CDATA[16: Click on Imprimir Boleto button was finished]]></Details>
<Time><![CDATA[7/26/2021 - 15:31:53]]></Time>
<TimeTick>1627313513</TimeTick>
<NodeArgs eType="General" icon="0" nRep="22" status="Passed" >
<Disp><![CDATA[Click]]></Disp>
</NodeArgs>
</Step>
<Step rID="T19">
<Obj plainTxt="False" ><![CDATA[Click]]></Obj>
<Details plainTxt="False" ><![CDATA[18: Click on Confirmar button was finished]]></Details>
<Time><![CDATA[7/26/2021 - 15:31:54]]></Time>
<TimeTick>1627313514</TimeTick>
<NodeArgs eType="General" icon="0" nRep="23" status="Passed" >
<Disp><![CDATA[Click]]></Disp>
</NodeArgs>
</Step>
<Step rID="T20">
<Obj plainTxt="False" ><![CDATA[Click]]></Obj>
<Details plainTxt="False" ><![CDATA[20: Click on button (1) button was finished]]></Details>
<Time><![CDATA[7/26/2021 - 15:31:57]]></Time>
<TimeTick>1627313517</TimeTick>
<NodeArgs eType="General" icon="0" nRep="24" status="Passed" >
<Disp><![CDATA[Click]]></Disp>
</NodeArgs>
</Step>
<Step rID="T21">
<Obj plainTxt="False" ><![CDATA[Click]]></Obj>
<Details plainTxt="False" ><![CDATA[22: Click on button (3) button was finished]]></Details>
<Time><![CDATA[7/26/2021 - 15:31:59]]></Time>
<TimeTick>1627313519</TimeTick>
<NodeArgs eType="General" icon="0" nRep="25" status="Passed" >
<Disp><![CDATA[Click]]></Disp>
</NodeArgs>
</Step>
<Step rID="T22">
<Obj plainTxt="False" ><![CDATA[Click]]></Obj>
<Details plainTxt="False" ><![CDATA[24: Click on Sair button was finished]]></Details>
<Time><![CDATA[7/26/2021 - 15:32:02]]></Time>
<TimeTick>1627313522</TimeTick>
<NodeArgs eType="General" icon="0" nRep="26" status="Passed" >
<Disp><![CDATA[Click]]></Disp>
</NodeArgs>
</Step>
<Summary sTime="7/26/2021 - 15:31:12" eTime="7/26/2021 - 15:32:02" passed="18" failed="0" warnings="0" ></Summary>
<NodeArgs eType="StartAction" icon="2" nRep="8" status="Passed" >
<Disp><![CDATA[Action Summary]]></Disp>
</NodeArgs>
</Action>
<NodeArgs eType="StartIteration" icon="3" nRep="7" status="Passed" >
<Disp><![CDATA[ID1005_AA_EmitirBoleto Iteration 1 (Row 1)]]></Disp>
</NodeArgs>
</DIter>
<DIter rID="T23" iterID="2" >
<Action rID="T24">
<AName><![CDATA[Action]]></AName>
<Step rID="T25">
<Obj plainTxt="False" ><![CDATA[Navigate]]></Obj>
<Details plainTxt="False" ><![CDATA[1: Navigate to https://prodnewconcustom...oAtendimento.Web was finished]]></Details>
<Time><![CDATA[7/26/2021 - 15:32:06]]></Time>
<TimeTick>1627313526</TimeTick>
<NodeArgs eType="General" icon="0" nRep="31" status="Passed" >
<Disp><![CDATA[Navigate]]></Disp>
</NodeArgs>
</Step>
<Step rID="T26">
<Obj plainTxt="False" ><![CDATA[Click]]></Obj>
<Details plainTxt="False" ><![CDATA[2: Click on CPF/CNPJ textbox was finished]]></Details>
<Time><![CDATA[7/26/2021 - 15:32:09]]></Time>
<TimeTick>1627313529</TimeTick>
<NodeArgs eType="General" icon="0" nRep="32" status="Passed" >
<Disp><![CDATA[Click]]></Disp>
</NodeArgs>
</Step>
<Step rID="T27">
<Obj plainTxt="False" ><![CDATA[Type]]></Obj>
<Details plainTxt="False" ><![CDATA[3: Type 004.782.865-03 in CPF/CNPJ textbox was finished]]></Details>
<Time><![CDATA[7/26/2021 - 15:32:14]]></Time>
<TimeTick>1627313534</TimeTick>
<NodeArgs eType="General" icon="0" nRep="33" status="Passed" >
<Disp><![CDATA[Type]]></Disp>
</NodeArgs>
</Step>
<Step rID="T28">
<Obj plainTxt="False" ><![CDATA[Click]]></Obj>
<Details plainTxt="False" ><![CDATA[4: Click on Senha passwordbox was finished]]></Details>
<Time><![CDATA[7/26/2021 - 15:32:17]]></Time>
<TimeTick>1627313537</TimeTick>
<NodeArgs eType="General" icon="0" nRep="34" status="Passed" >
<Disp><![CDATA[Click]]></Disp>
</NodeArgs>
</Step>
<Step rID="T29">
<Obj plainTxt="False" ><![CDATA[Type]]></Obj>
<Details plainTxt="False" ><![CDATA[5: Type ************ in Senha passwordbox was finished]]></Details>
<Time><![CDATA[7/26/2021 - 15:32:23]]></Time>
<TimeTick>1627313543</TimeTick>
<NodeArgs eType="General" icon="0" nRep="35" status="Passed" >
<Disp><![CDATA[Type]]></Disp>
</NodeArgs>
</Step>
<Step rID="T30">
<Obj plainTxt="False" ><![CDATA[Click]]></Obj>
<Details plainTxt="False" ><![CDATA[6: Click on Acessar button was finished]]></Details>
<Time><![CDATA[7/26/2021 - 15:32:25]]></Time>
<TimeTick>1627313545</TimeTick>
<NodeArgs eType="General" icon="0" nRep="36" status="Passed" >
<Disp><![CDATA[Click]]></Disp>
</NodeArgs>
</Step>
<Step rID="T31">
<Obj plainTxt="False" ><![CDATA[Click]]></Obj>
<Details plainTxt="False" ><![CDATA[7: Click on Grupo/Cota  was finished]]></Details>
<Time><![CDATA[7/26/2021 - 15:32:28]]></Time>
<TimeTick>1627313548</TimeTick>
<NodeArgs eType="General" icon="0" nRep="37" status="Passed" >
<Disp><![CDATA[Click]]></Disp>
</NodeArgs>
</Step>
<Step rID="T32">
<Obj plainTxt="False" ><![CDATA[Click]]></Obj>
<Details plainTxt="False" ><![CDATA[8: Click on button (1) button was finished]]></Details>
<Time><![CDATA[7/26/2021 - 15:32:30]]></Time>
<TimeTick>1627313550</TimeTick>
<NodeArgs eType="General" icon="0" nRep="38" status="Passed" >
<Disp><![CDATA[Click]]></Disp>
</NodeArgs>
</Step>
<Step rID="T33">
<Obj plainTxt="False" ><![CDATA[Click]]></Obj>
<Details plainTxt="False" ><![CDATA[9: Click on Serviços  was finished]]></Details>
<Time><![CDATA[7/26/2021 - 15:32:33]]></Time>
<TimeTick>1627313553</TimeTick>
<NodeArgs eType="General" icon="0" nRep="39" status="Passed" >
<Disp><![CDATA[Click]]></Disp>
</NodeArgs>
</Step>
<Step rID="T34">
<Obj plainTxt="False" ><![CDATA[Click]]></Obj>
<Details plainTxt="False" ><![CDATA[10: Click on 2ª Via de Boletos link was finished]]></Details>
<Time><![CDATA[7/26/2021 - 15:32:34]]></Time>
<TimeTick>1627313554</TimeTick>
<NodeArgs eType="General" icon="0" nRep="40" status="Passed" >
<Disp><![CDATA[Click]]></Disp>
</NodeArgs>
</Step>
<Step rID="T35">
<Obj plainTxt="False" ><![CDATA[Click]]></Obj>
<Details plainTxt="False" ><![CDATA[12: Click on / label was finished]]></Details>
<Time><![CDATA[7/26/2021 - 15:32:37]]></Time>
<TimeTick>1627313557</TimeTick>
<NodeArgs eType="General" icon="0" nRep="41" status="Passed" >
<Disp><![CDATA[Click]]></Disp>
</NodeArgs>
</Step>
<Step rID="T36">
<Obj plainTxt="False" ><![CDATA[Click]]></Obj>
<Details plainTxt="False" ><![CDATA[14: Click on Gerar Boleto button was finished]]></Details>
<Time><![CDATA[7/26/2021 - 15:32:39]]></Time>
<TimeTick>1627313559</TimeTick>
<NodeArgs eType="General" icon="0" nRep="42" status="Passed" >
<Disp><![CDATA[Click]]></Disp>
</NodeArgs>
</Step>
<Step rID="T37">
<Obj plainTxt="False" ><![CDATA[Mouse Over]]></Obj>
<Details plainTxt="False" ><![CDATA[15.1: Move mouse over Boleto Bancário  was finished]]></Details>
<Time><![CDATA[7/26/2021 - 15:32:42]]></Time>
<TimeTick>1627313562</TimeTick>
<NodeArgs eType="General" icon="0" nRep="43" status="Passed" >
<Disp><![CDATA[Mouse Over]]></Disp>
</NodeArgs>
</Step>
<Step rID="T38">
<Obj plainTxt="False" ><![CDATA[Click]]></Obj>
<Details plainTxt="False" ><![CDATA[16: Click on Imprimir Boleto button was finished]]></Details>
<Time><![CDATA[7/26/2021 - 15:32:45]]></Time>
<TimeTick>1627313565</TimeTick>
<NodeArgs eType="General" icon="0" nRep="44" status="Passed" >
<Disp><![CDATA[Click]]></Disp>
</NodeArgs>
</Step>
<Step rID="T39">
<Obj plainTxt="False" ><![CDATA[Click]]></Obj>
<Details plainTxt="False" ><![CDATA[18: Click on Confirmar button was finished]]></Details>
<Time><![CDATA[7/26/2021 - 15:32:46]]></Time>
<TimeTick>1627313566</TimeTick>
<NodeArgs eType="General" icon="0" nRep="45" status="Passed" >
<Disp><![CDATA[Click]]></Disp>
</NodeArgs>
</Step>
<Step rID="T40">
<Obj plainTxt="False" ><![CDATA[Click]]></Obj>
<Details plainTxt="False" ><![CDATA[20: Click on button (1) button was finished]]></Details>
<Time><![CDATA[7/26/2021 - 15:32:49]]></Time>
<TimeTick>1627313569</TimeTick>
<NodeArgs eType="General" icon="0" nRep="46" status="Passed" >
<Disp><![CDATA[Click]]></Disp>
</NodeArgs>
</Step>
<Step rID="T41">
<Obj plainTxt="False" ><![CDATA[Click]]></Obj>
<Details plainTxt="False" ><![CDATA[22: Click on button (3) button was finished]]></Details>
<Time><![CDATA[7/26/2021 - 15:32:51]]></Time>
<TimeTick>1627313571</TimeTick>
<NodeArgs eType="General" icon="0" nRep="47" status="Passed" >
<Disp><![CDATA[Click]]></Disp>
</NodeArgs>
</Step>
<Step rID="T42">
<Obj plainTxt="False" ><![CDATA[Click]]></Obj>
<Details plainTxt="False" ><![CDATA[24: Click on Sair button was finished]]></Details>
<Time><![CDATA[7/26/2021 - 15:32:54]]></Time>
<TimeTick>1627313574</TimeTick>
<NodeArgs eType="General" icon="0" nRep="48" status="Passed" >
<Disp><![CDATA[Click]]></Disp>
</NodeArgs>
</Step>
<Summary sTime="7/26/2021 - 15:32:03" eTime="7/26/2021 - 15:32:54" passed="18" failed="0" warnings="0" ></Summary>
<NodeArgs eType="StartAction" icon="2" nRep="30" status="Passed" >
<Disp><![CDATA[Action Summary]]></Disp>
</NodeArgs>
</Action>
<NodeArgs eType="StartIteration" icon="3" nRep="29" status="Passed" >
<Disp><![CDATA[ID1005_AA_EmitirBoleto Iteration 2 (Row 2)]]></Disp>
</NodeArgs>
</DIter>
<DIter rID="T43" iterID="3" >
<Action rID="T44">
<AName><![CDATA[Action]]></AName>
<Step rID="T45">
<Obj plainTxt="False" ><![CDATA[Navigate]]></Obj>
<Details plainTxt="False" ><![CDATA[1: Navigate to https://prodnewconcustom...oAtendimento.Web was finished]]></Details>
<Time><![CDATA[7/26/2021 - 15:32:58]]></Time>
<TimeTick>1627313578</TimeTick>
<NodeArgs eType="General" icon="0" nRep="53" status="Passed" >
<Disp><![CDATA[Navigate]]></Disp>
</NodeArgs>
</Step>
<Step rID="T46">
<Obj plainTxt="False" ><![CDATA[Click]]></Obj>
<Details plainTxt="False" ><![CDATA[2: Click on CPF/CNPJ textbox was finished]]></Details>
<Time><![CDATA[7/26/2021 - 15:33:01]]></Time>
<TimeTick>1627313581</TimeTick>
<NodeArgs eType="General" icon="0" nRep="54" status="Passed" >
<Disp><![CDATA[Click]]></Disp>
</NodeArgs>
</Step>
<Step rID="T47">
<Obj plainTxt="False" ><![CDATA[Type]]></Obj>
<Details plainTxt="False" ><![CDATA[3: Type 041.944.131-05 in CPF/CNPJ textbox was finished]]></Details>
<Time><![CDATA[7/26/2021 - 15:33:07]]></Time>
<TimeTick>1627313587</TimeTick>
<NodeArgs eType="General" icon="0" nRep="55" status="Passed" >
<Disp><![CDATA[Type]]></Disp>
</NodeArgs>
</Step>
<Step rID="T48">
<Obj plainTxt="False" ><![CDATA[Click]]></Obj>
<Details plainTxt="False" ><![CDATA[4: Click on Senha passwordbox was finished]]></Details>
<Time><![CDATA[7/26/2021 - 15:33:10]]></Time>
<TimeTick>1627313590</TimeTick>
<NodeArgs eType="General" icon="0" nRep="56" status="Passed" >
<Disp><![CDATA[Click]]></Disp>
</NodeArgs>
</Step>
<Step rID="T49">
<Obj plainTxt="False" ><![CDATA[Type]]></Obj>
<Details plainTxt="False" ><![CDATA[5: Type ************ in Senha passwordbox was finished]]></Details>
<Time><![CDATA[7/26/2021 - 15:33:15]]></Time>
<TimeTick>1627313595</TimeTick>
<NodeArgs eType="General" icon="0" nRep="57" status="Passed" >
<Disp><![CDATA[Type]]></Disp>
</NodeArgs>
</Step>
<Step rID="T50">
<Obj plainTxt="False" ><![CDATA[Click]]></Obj>
<Details plainTxt="False" ><![CDATA[6: Click on Acessar button was finished]]></Details>
<Time><![CDATA[7/26/2021 - 15:33:17]]></Time>
<TimeTick>1627313597</TimeTick>
<NodeArgs eType="General" icon="0" nRep="58" status="Passed" >
<Disp><![CDATA[Click]]></Disp>
</NodeArgs>
</Step>
<Step rID="T51">
<Obj plainTxt="False" ><![CDATA[Click]]></Obj>
<Details plainTxt="False" ><![CDATA[7: Click on Grupo/Cota  was finished]]></Details>
<Time><![CDATA[7/26/2021 - 15:33:20]]></Time>
<TimeTick>1627313600</TimeTick>
<NodeArgs eType="General" icon="0" nRep="59" status="Passed" >
<Disp><![CDATA[Click]]></Disp>
</NodeArgs>
</Step>
<Step rID="T52">
<Obj plainTxt="False" ><![CDATA[Click]]></Obj>
<Details plainTxt="False" ><![CDATA[8: Click on button (1) button was finished]]></Details>
<Time><![CDATA[7/26/2021 - 15:33:22]]></Time>
<TimeTick>1627313602</TimeTick>
<NodeArgs eType="General" icon="0" nRep="60" status="Passed" >
<Disp><![CDATA[Click]]></Disp>
</NodeArgs>
</Step>
<Step rID="T53">
<Obj plainTxt="False" ><![CDATA[Click]]></Obj>
<Details plainTxt="False" ><![CDATA[9: Click on Serviços  was finished]]></Details>
<Time><![CDATA[7/26/2021 - 15:33:25]]></Time>
<TimeTick>1627313605</TimeTick>
<NodeArgs eType="General" icon="0" nRep="61" status="Passed" >
<Disp><![CDATA[Click]]></Disp>
</NodeArgs>
</Step>
<Step rID="T54">
<Obj plainTxt="False" ><![CDATA[Click]]></Obj>
<Details plainTxt="False" ><![CDATA[10: Click on 2ª Via de Boletos link was finished]]></Details>
<Time><![CDATA[7/26/2021 - 15:33:26]]></Time>
<TimeTick>1627313606</TimeTick>
<NodeArgs eType="General" icon="0" nRep="62" status="Passed" >
<Disp><![CDATA[Click]]></Disp>
</NodeArgs>
</Step>
<Step rID="T55">
<Obj plainTxt="False" ><![CDATA[Click]]></Obj>
<Details plainTxt="False" ><![CDATA[12: Click on / label was finished]]></Details>
<Time><![CDATA[7/26/2021 - 15:33:29]]></Time>
<TimeTick>1627313609</TimeTick>
<NodeArgs eType="General" icon="0" nRep="63" status="Passed" >
<Disp><![CDATA[Click]]></Disp>
</NodeArgs>
</Step>
<Step rID="T56">
<Obj plainTxt="False" ><![CDATA[Click]]></Obj>
<Details plainTxt="False" ><![CDATA[14: Click on Gerar Boleto button was finished]]></Details>
<Time><![CDATA[7/26/2021 - 15:33:31]]></Time>
<TimeTick>1627313611</TimeTick>
<NodeArgs eType="General" icon="0" nRep="64" status="Passed" >
<Disp><![CDATA[Click]]></Disp>
</NodeArgs>
</Step>
<Step rID="T57">
<Obj plainTxt="False" ><![CDATA[Mouse Over]]></Obj>
<Details plainTxt="False" ><![CDATA[15.1: Move mouse over Boleto Bancário  was finished]]></Details>
<Time><![CDATA[7/26/2021 - 15:33:34]]></Time>
<TimeTick>1627313614</TimeTick>
<NodeArgs eType="General" icon="0" nRep="65" status="Passed" >
<Disp><![CDATA[Mouse Over]]></Disp>
</NodeArgs>
</Step>
<Step rID="T58">
<Obj plainTxt="False" ><![CDATA[Click]]></Obj>
<Details plainTxt="False" ><![CDATA[16: Click on Imprimir Boleto button was finished]]></Details>
<Time><![CDATA[7/26/2021 - 15:33:37]]></Time>
<TimeTick>1627313617</TimeTick>
<NodeArgs eType="General" icon="0" nRep="66" status="Passed" >
<Disp><![CDATA[Click]]></Disp>
</NodeArgs>
</Step>
<Step rID="T59">
<Obj plainTxt="False" ><![CDATA[Click]]></Obj>
<Details plainTxt="False" ><![CDATA[18: Click on Confirmar button was finished]]></Details>
<Time><![CDATA[7/26/2021 - 15:33:38]]></Time>
<TimeTick>1627313618</TimeTick>
<NodeArgs eType="General" icon="0" nRep="67" status="Passed" >
<Disp><![CDATA[Click]]></Disp>
</NodeArgs>
</Step>
<Step rID="T60">
<Obj plainTxt="False" ><![CDATA[Click]]></Obj>
<Details plainTxt="False" ><![CDATA[20: Click on button (1) button was finished]]></Details>
<Time><![CDATA[7/26/2021 - 15:33:41]]></Time>
<TimeTick>1627313621</TimeTick>
<NodeArgs eType="General" icon="0" nRep="68" status="Passed" >
<Disp><![CDATA[Click]]></Disp>
</NodeArgs>
</Step>
<Step rID="T61">
<Obj plainTxt="False" ><![CDATA[Click]]></Obj>
<Details plainTxt="False" ><![CDATA[22: Click on button (3) button was finished]]></Details>
<Time><![CDATA[7/26/2021 - 15:33:43]]></Time>
<TimeTick>1627313623</TimeTick>
<NodeArgs eType="General" icon="0" nRep="69" status="Passed" >
<Disp><![CDATA[Click]]></Disp>
</NodeArgs>
</Step>
<Step rID="T62">
<Obj plainTxt="False" ><![CDATA[Click]]></Obj>
<Details plainTxt="False" ><![CDATA[24: Click on Sair button was finished]]></Details>
<Time><![CDATA[7/26/2021 - 15:33:46]]></Time>
<TimeTick>1627313626</TimeTick>
<NodeArgs eType="General" icon="0" nRep="70" status="Passed" >
<Disp><![CDATA[Click]]></Disp>
</NodeArgs>
</Step>
<Summary sTime="7/26/2021 - 15:32:55" eTime="7/26/2021 - 15:33:46" passed="18" failed="0" warnings="0" ></Summary>
<NodeArgs eType="StartAction" icon="2" nRep="52" status="Passed" >
<Disp><![CDATA[Action Summary]]></Disp>
</NodeArgs>
</Action>
<NodeArgs eType="StartIteration" icon="3" nRep="51" status="Passed" >
<Disp><![CDATA[ID1005_AA_EmitirBoleto Iteration 3 (Row 3)]]></Disp>
</NodeArgs>
</DIter>
<Action rID="T63">
<AName><![CDATA[End]]></AName>
<Summary sTime="7/26/2021 - 15:33:46" eTime="7/26/2021 - 15:33:46" passed="0" failed="0" warnings="0" ></Summary>
<NodeArgs eType="StartAction" icon="2" nRep="73" >
<Disp><![CDATA[End Summary]]></Disp>
</NodeArgs>
</Action>
<Summary sTime="7/26/2021 - 15:30:42" eTime="7/26/2021 - 15:33:51" passed="54" failed="0" warnings="0" ></Summary>
<NodeArgs eType="StartTest" icon="1" nRep="4" status="Passed" >
<Disp><![CDATA[Test ID1005_AA_EmitirBoleto Summary]]></Disp>
</NodeArgs>
</Doc>
</Report>