[
    {
        "actionName": "Action",
        "steps": [
            {
                "stepId": "STEP10",
                "stepName": "Custom Request: wstransaction",
                "infFile": "t1.inf",
                "time": 1627273250201
            }
        ],
        "transactions": [
            {
                "transactionName": "URA009_WS_01_transaction",
                "rawStartTime": 1627273235237,
                "rawEndTime": 1627273251564,
                "thinkTime": 0.0,
                "wastedTime": 3.2033716545104986
            }
        ]
    }
]