[
    {
        "actionName": "Action",
        "steps": [
            {
                "stepId": "STEP1",
                "stepName": "Url: frmCorCCCnsLogin.aspx",
                "infFile": "t3.inf",
                "time": 1627337809294
            },
            {
                "stepId": "STEP2",
                "stepName": "Submit Data: frmCorCCCnsLogin.aspx_2",
                "infFile": "t6.inf",
                "time": 1627337820203
            },
            {
                "stepId": "STEP3",
                "stepName": "Url: frmMain.aspx",
                "infFile": "t7.inf",
                "time": 1627337827465
            },
            {
                "stepId": "STEP4",
                "stepName": "Url: frmMainMenu.aspx",
                "infFile": "t9.inf",
                "time": 1627337836237
            },
            {
                "stepId": "STEP5",
                "stepName": "Url: Processo de Contemplação",
                "infFile": "t13.inf",
                "time": 1627337843957
            },
            {
                "stepId": "STEP6",
                "stepName": "Submit Data: frmConCrCnsProcessoContemplacao.aspx",
                "infFile": "t16.inf",
                "time": 1627337879538
            },
            {
                "stepId": "STEP7",
                "stepName": "Submit Data: frmConCrCnsProcessoContemplacao.aspx_2",
                "infFile": "t17.inf",
                "time": 1627337887455
            },
            {
                "stepId": "STEP8",
                "stepName": "Url: frmMain.aspx",
                "infFile": "t20.inf",
                "time": 1627337894104
            },
            {
                "stepId": "STEP9",
                "stepName": "Submit Data: frmMain.aspx_2",
                "infFile": "t21.inf",
                "time": 1627337900325
            }
        ],
        "transactions": [
            {
                "transactionName": "ID603_DW_01_LoadURL",
                "rawStartTime": 1627337801807,
                "rawEndTime": 1627337809295,
                "thinkTime": 0.0,
                "wastedTime": 2.2627909183502199
            },
            {
                "transactionName": "ID603_DW_02_Login",
                "rawStartTime": 1627337809480,
                "rawEndTime": 1627337820204,
                "thinkTime": 0.0,
                "wastedTime": 1.340900182723999
            },
            {
                "transactionName": "ID603_DW_03_Credito",
                "rawStartTime": 1627337820546,
                "rawEndTime": 1627337827467,
                "thinkTime": 0.0,
                "wastedTime": 0.11978673934936524
            },
            {
                "transactionName": "ID603_DW_04_ConcessaoCredito",
                "rawStartTime": 1627337827746,
                "rawEndTime": 1627337836238,
                "thinkTime": 0.0,
                "wastedTime": 0.6943316459655762
            },
            {
                "transactionName": "ID603_DW_05_ProcessoContemplacao",
                "rawStartTime": 1627337836446,
                "rawEndTime": 1627337843959,
                "thinkTime": 0.0,
                "wastedTime": 0.4245572090148926
            },
            {
                "transactionName": "ID603_DW_06_Selecionar",
                "rawStartTime": 1627337844111,
                "rawEndTime": 1627337879640,
                "thinkTime": 0.0,
                "wastedTime": 0.7321865558624268
            },
            {
                "transactionName": "ID603_DW_07_DetalhesContemplacao",
                "rawStartTime": 1627337879775,
                "rawEndTime": 1627337887457,
                "thinkTime": 0.0,
                "wastedTime": 0.14750027656555177
            },
            {
                "transactionName": "ID603_DW_08_Sistema",
                "rawStartTime": 1627337887597,
                "rawEndTime": 1627337894106,
                "thinkTime": 0.0,
                "wastedTime": 0.36991310119628909
            },
            {
                "transactionName": "ID603_DW_09_Logout",
                "rawStartTime": 1627337894270,
                "rawEndTime": 1627337900326,
                "thinkTime": 0.0,
                "wastedTime": 0.3675224781036377
            }
        ]
    }
]