[
    {
        "actionName": "Action",
        "steps": [
            {
                "stepId": "STEP15",
                "stepName": "Url: frmCorCCCnsLogin.aspx",
                "infFile": "t3.inf",
                "time": 1627314444882
            },
            {
                "stepId": "STEP16",
                "stepName": "Submit Data: frmCorCCCnsLogin.aspx_2",
                "infFile": "t6.inf",
                "time": 1627314451483
            },
            {
                "stepId": "STEP17",
                "stepName": "Submit Data: frmMain.aspx",
                "infFile": "t9.inf",
                "time": 1627314454893
            },
            {
                "stepId": "STEP18",
                "stepName": "Submit Data: frmConAtSrcConsorciado.aspx",
                "infFile": "t11.inf",
                "time": 1627314463072
            },
            {
                "stepId": "STEP19",
                "stepName": "Submit Data: frmConAtCnsAtendimento.aspx",
                "infFile": "t12.inf",
                "time": 1627314468969
            },
            {
                "stepId": "STEP20",
                "stepName": "Url: frmMain.aspx_2",
                "infFile": "t14.inf",
                "time": 1627314472510
            },
            {
                "stepId": "STEP21",
                "stepName": "Submit Data: frmMain.aspx_3",
                "infFile": "t15.inf",
                "time": 1627314476302
            }
        ],
        "transactions": [
            {
                "transactionName": "ID1033_BW_01_LoadURL",
                "rawStartTime": 1627314439009,
                "rawEndTime": 1627314444884,
                "thinkTime": 0.0,
                "wastedTime": 1.7675600051879883
            },
            {
                "transactionName": "ID1033_BW_02_Login",
                "rawStartTime": 1627314445038,
                "rawEndTime": 1627314451484,
                "thinkTime": 0.0,
                "wastedTime": 1.203711748123169
            },
            {
                "transactionName": "ID1033_BW_03_Atendimento",
                "rawStartTime": 1627314451637,
                "rawEndTime": 1627314454895,
                "thinkTime": 0.0,
                "wastedTime": 0.31339263916015627
            },
            {
                "transactionName": "ID1033_BW_04_LocalizarConsorciado",
                "rawStartTime": 1627314455067,
                "rawEndTime": 1627314463074,
                "thinkTime": 0.0,
                "wastedTime": 0.6492049694061279
            },
            {
                "transactionName": "ID1033_BW_05_FaseAnalise",
                "rawStartTime": 1627314463261,
                "rawEndTime": 1627314468971,
                "thinkTime": 0.0,
                "wastedTime": 0.2972142696380615
            },
            {
                "transactionName": "ID1033_BW_06_Sistema",
                "rawStartTime": 1627314469104,
                "rawEndTime": 1627314472512,
                "thinkTime": 0.0,
                "wastedTime": 0.47855210304260256
            },
            {
                "transactionName": "ID1033_BW_07_Logout",
                "rawStartTime": 1627314472676,
                "rawEndTime": 1627314476304,
                "thinkTime": 0.0,
                "wastedTime": 0.21895289421081544
            }
        ]
    }
]