[
    {
        "actionName": "Action",
        "steps": [
            {
                "stepId": "STEP7",
                "stepName": "Custom Request: wstransaction",
                "infFile": "t1.inf",
                "time": 1627273095220
            }
        ],
        "transactions": [
            {
                "transactionName": "URA009_WS_01_transaction",
                "rawStartTime": 1627273080985,
                "rawEndTime": 1627273096141,
                "thinkTime": 0.0,
                "wastedTime": 2.6484066925048825
            }
        ]
    }
]