[
    {
        "actionName": "Action",
        "steps": [
            {
                "stepId": "STEP9",
                "stepName": "Custom Request: wstransaction",
                "infFile": "t1.inf",
                "time": 1627273197856
            }
        ],
        "transactions": [
            {
                "transactionName": "URA009_WS_01_transaction",
                "rawStartTime": 1627273183299,
                "rawEndTime": 1627273198798,
                "thinkTime": 0.0,
                "wastedTime": 2.681409814834595
            }
        ]
    }
]