<soapenv:Envelope xmlns:soapenv="http://schemas.xmlsoap.org/soap/envelope/" xmlns:v1="http://gis.gmfapps.gmfinancial.com/schemas/CRMNewcon/V1_0" xmlns:ser="http://gis.gmfapps.gmfinancial.com/schemas/CRMNewcon/V1_0/Servicos">

   <soapenv:Header soapenv:actor="">
      <wsse:Security soapenv:mustUnderstand="" xmlns:wsse="http://docs.oasis-open.org/wss/2004/01/oasis-200401-wss-wssecurity-secext-1.0.xsd">
         <wsse:UsernameToken>
            <wsse:Username>dynamics</wsse:Username>
            <wsse:Password Type="http://docs.oasis-open.org/wss/2004/01/oasis-200401-wss-username-token-profile-1.0#PasswordText">h$A\%AYR5t;7'R_~</wsse:Password>
         </wsse:UsernameToken>
      </wsse:Security>
   </soapenv:Header>
<!--
<soapenv:Header>
	<wsse:Security soapenv:mustUnderstand="1" xmlns:wsse="http://docs.oasis-open.org/wss/2004/01/oasis-200401-wss-wssecurity-secext-1.0.xsd">
	<wsse:UsernameToken wsu:Id="UsernameToken-2" xmlns:wsu="http://docs.oasis-open.org/wss/2004/01/oasis-200401-wss-wssecurity-utility-1.0.xsd">
	<wsse:Username>gisuserpp</wsse:Username>
	<wsse:Password Type="http://docs.oasis-open.org/wss/2004/01/oasis-200401-wss-username-token-profile-1.0#PasswordText">w3rg3n1us</wsse:Password>
	</wsse:UsernameToken>
	</wsse:Security></soapenv:Header>
-->
<soapenv:Body>
      <v1:cnsGMFDadosContrato>
         <!--Optional:-->
         <v1:entrada>
            <!--Optional:-->
            <ser:codigoCota>0020</ser:codigoCota>
            <!--Optional:-->
            <ser:codigoGrupo>040040</ser:codigoGrupo>
            <!--Optional:-->
            <ser:idCota>0</ser:idCota>
            <!--Optional:-->
            <ser:versao>00</ser:versao>
         </v1:entrada>
      </v1:cnsGMFDadosContrato>
   </soapenv:Body>
</soapenv:Envelope>