﻿<DataObject comparison="Ordinal">
  <Section id="">
    <Subsections>
      <Section id="General">
        <Subsections />
        <Entries>
          <Entry key="ElapsedTime">
            <double>640.2098443</double>
          </Entry>
          <Entry key="StartedAt">
            <dateTime>2021-07-26T01:50:01.0123753+00:00</dateTime>
          </Entry>
          <Entry key="EndedAt">
            <dateTime>2021-07-26T02:00:41.2222196+00:00</dateTime>
          </Entry>
          <Entry key="ReplayStatus">
            <LastReplayRunStatus>Passed</LastReplayRunStatus>
          </Entry>
          <Entry key="NumberOfReplayErrors">
            <int>0</int>
          </Entry>
          <Entry key="NumberOfReplayCriticalErrors">
            <int>0</int>
          </Entry>
          <Entry key="NumberOfCompilationErrors">
            <int>0</int>
          </Entry>
        </Entries>
      </Section>
    </Subsections>
    <Entries>
      <Entry key="Iterations">
        <int>10</int>
      </Entry>
    </Entries>
  </Section>
</DataObject>