<?xml version="1.0" encoding="utf-8"?>
<VugenScriptMetadata>
  <ScriptName>ID500_AA_OfertarLance</ScriptName>
  <Protocol>TruClient - Web</Protocol>
  <ActionFiles>
    <FileEntry Name="vuser_init.c" Filter="2" />
    <FileEntry Name="Action.c" Filter="2" />
    <FileEntry Name="Lib-View.c" Filter="2" />
    <FileEntry Name="vuser_end.c" Filter="2" />
  </ActionFiles>
  <GeneralFiles>
    <FileEntry Name="ID500_AA_OfertarLance.usr" Filter="4" />
    <FileEntry Name="default.cfg" Filter="4" />
    <FileEntry Name="default.usp" Filter="4" />
    <FileEntry Name="ID500_AA_OfertarLance.prm" Filter="2" />
    <FileEntry Name="C-functions.c" Filter="2" />
    <FileEntry Name="globals.h" Filter="2" />
    <FileEntry Name="JS-functions.js" Filter="2" />
    <FileEntry Name="cota.dat" Filter="2" />
    <FileEntry Name="endpoint.dat" Filter="2" />
    <FileEntry Name="default.xml" Filter="2" />
    <FileEntry Name="TruClientScriptMetadata.xml" Filter="2" />
    <FileEntry Name="TC.xsl" Filter="2" />
    <FileEntry Name="OutputColoringDatabase.json" Filter="2" />
    <FileEntry Name="TCIEAuthenticationFilters.ini" Filter="2" />
    <FileEntry Name="user.dat" Filter="2" />
    <FileEntry Name="Bookmarks.xml" Filter="1" />
    <FileEntry Name="Breakpoints.xml" Filter="1" />
    <FileEntry Name="CompilerLogMetadata.xml" Filter="1" />
    <FileEntry Name="default.cfg.bak" Filter="1" />
    <FileEntry Name="ID500_AA_OfertarLance.prm.bak" Filter="1" />
    <FileEntry Name="ID500_AA_OfertarLance_02.prm.bak" Filter="1" />
    <FileEntry Name="ID500_AA_OfertarLance_03.prm.bak" Filter="1" />
    <FileEntry Name="ID500_AA_OfertarLance_04.prm.bak" Filter="1" />
    <FileEntry Name="interactive_replay_Chromium.txt" Filter="1" />
    <FileEntry Name="logfile.log" Filter="1" />
    <FileEntry Name="mdrv.log" Filter="1" />
    <FileEntry Name="mdrv_cmd.txt" Filter="1" />
    <FileEntry Name="options.txt" Filter="1" />
    <FileEntry Name="output.bak" Filter="1" />
    <FileEntry Name="output.txt" Filter="1" />
    <FileEntry Name="ReplaySummaryReport.xml" Filter="1" />
    <FileEntry Name="ScriptUploadMetadata.xml" Filter="1" />
    <FileEntry Name="UserTasks.xml" Filter="1" />
    <FileEntry Name="Backup\" Filter="1" />
    <FileEntry Name="result1\" Filter="1" />
    <FileEntry Name="results\" Filter="1" />
    <FileEntry Name="resultSnap\" Filter="1" />
  </GeneralFiles>
</VugenScriptMetadata>