[
    {
        "actionName": "Action",
        "steps": [
            {
                "stepId": "STEP5",
                "stepName": "Custom Request: wstransaction",
                "infFile": "t1.inf",
                "time": 1627272993574
            }
        ],
        "transactions": [
            {
                "transactionName": "URA009_WS_01_transaction",
                "rawStartTime": 1627272979391,
                "rawEndTime": 1627272994485,
                "thinkTime": 0.0,
                "wastedTime": 2.630806488037109
            }
        ]
    }
]