[
    {
        "actionName": "Action",
        "steps": [
            {
                "stepId": "STEP68",
                "stepName": "Url: frmMain.aspx",
                "infFile": "t6.inf",
                "time": 1627260684083
            },
            {
                "stepId": "STEP69",
                "stepName": "Url: frmMainMenu.aspx",
                "infFile": "t7.inf",
                "time": 1627260686509
            },
            {
                "stepId": "STEP70",
                "stepName": "Url: frmConAtSrcConsorciado.aspx",
                "infFile": "t10.inf",
                "time": 1627260689288
            },
            {
                "stepId": "STEP71",
                "stepName": "Submit Data: frmConAtSrcConsorciado.aspx_2",
                "infFile": "t12.inf",
                "time": 1627260695672
            },
            {
                "stepId": "STEP72",
                "stepName": "Url: Oferta de Lance",
                "infFile": "t17.inf",
                "time": 1627260701561
            },
            {
                "stepId": "STEP73",
                "stepName": "Submit Data: frmConCpCadCredenciamentoLance.aspx",
                "infFile": "t19.inf",
                "time": 1627260703613
            },
            {
                "stepId": "STEP74",
                "stepName": "Submit Data: frmConCpCadCredenciamentoLance.aspx_2",
                "infFile": "t21.inf",
                "time": 1627260705845
            },
            {
                "stepId": "STEP75",
                "stepName": "Submit Data: frmConCpCadCredenciamentoLance.aspx_3",
                "infFile": "t23.inf",
                "time": 1627260708856
            },
            {
                "stepId": "STEP76",
                "stepName": "Submit Data: frmConCpCadCredenciamentoLance.aspx_4",
                "infFile": "t24.inf",
                "time": 1627260712052
            },
            {
                "stepId": "STEP77",
                "stepName": "Url: frmConCpCadCredenciamentoLance.aspx_5",
                "infFile": "t27.inf",
                "time": 1627260719720
            },
            {
                "stepId": "STEP78",
                "stepName": "Url: frmConCmNewconReports.aspx_2",
                "infFile": "t28.inf",
                "time": 1627260722128
            },
            {
                "stepId": "STEP79",
                "stepName": "Submit Data: frmConCmNewconReports.aspx_8",
                "infFile": "t29.inf",
                "time": 1627260730588
            },
            {
                "stepId": "STEP80",
                "stepName": "Url: frmMain.aspx_2",
                "infFile": "t32.inf",
                "time": 1627260732499
            }
        ],
        "transactions": [
            {
                "transactionName": "ID500_DW_03_MenuAtendimento",
                "rawStartTime": 1627260682851,
                "rawEndTime": 1627260686523,
                "thinkTime": 0.0,
                "wastedTime": 0.2869877815246582
            },
            {
                "transactionName": "ID500_DW_04_MenuPosicao",
                "rawStartTime": 1627260686554,
                "rawEndTime": 1627260689304,
                "thinkTime": 0.0,
                "wastedTime": 0.19025707244873048
            },
            {
                "transactionName": "ID500_DW_05_LocalizarConsorciado",
                "rawStartTime": 1627260689336,
                "rawEndTime": 1627260695679,
                "thinkTime": 0.0,
                "wastedTime": 0.31827235221862795
            },
            {
                "transactionName": "ID500_DW_06_MenuOfertaLance",
                "rawStartTime": 1627260695711,
                "rawEndTime": 1627260701571,
                "thinkTime": 0.0,
                "wastedTime": 0.22338104248046876
            },
            {
                "transactionName": "ID500_DW_07_SimularLance",
                "rawStartTime": 1627260701603,
                "rawEndTime": 1627260708868,
                "thinkTime": 0.0,
                "wastedTime": 0.5879676342010498
            },
            {
                "transactionName": "ID500_DW_08_ConfirmarLance",
                "rawStartTime": 1627260708899,
                "rawEndTime": 1627260723572,
                "thinkTime": 0.0,
                "wastedTime": 1.1522622108459473
            },
            {
                "transactionName": "ID500_DW_09_VoltarParaOferta",
                "rawStartTime": 1627260723603,
                "rawEndTime": 1627260730603,
                "thinkTime": 0.0,
                "wastedTime": 0.20592904090881349
            },
            {
                "transactionName": "ID500_DW_10_VoltarAoInicio",
                "rawStartTime": 1627260730635,
                "rawEndTime": 1627260732509,
                "thinkTime": 0.0,
                "wastedTime": 0.14781427383422852
            }
        ]
    }
]