﻿CD_Usuario,CD_Funcao,CD_Grupo_Usuario,Descrição,CD_Ponto_Venda,NM_Usuario,,,,,,,
GMCA1-ALRSANTOS,VENEX5,900003,VENDAS PROPRIET CONG (EXTERNO),374,ANTONIO LAILSON REZENDE SANTOS,,,,,,,
GMX12-JFQUESSAD,VENEX2,900001,VENDAS VENDEDORES (EXTERNO),423,João Fernandes Quessada,,,,,,,
GMCF3-GFCOELHO,VENEX2,900001,VENDAS VENDEDORES (EXTERNO),251,GILBERTO FELIX COELHO,,,,,,,
GM8YP-JLAVIEIRA,VENEX5,900003,VENDAS PROPRIET CONG (EXTERNO),279,JOSÉ LUCIANO ALVES VIEIRA,,,,,,,
GMS64-MAFALBUQU,VENEX2,900001,VENDAS VENDEDORES (EXTERNO),588,MARCOS ANTONIO FONSECA ALBUQUERQUE,,,,,,,
GMCF3-RWTREIS,VENEX2,900001,VENDAS VENDEDORES (EXTERNO),251,Ricardo Wagner Teixeira Reis,,,,,,,
GMJ32-ABFILHO,VENEX4,900002,VENDAS GER FILIAL (EXTERNO),286,ANTENOR BARION FILHO,,,,,,,
GM5XC-RGUELFI,VENEX2,900001,VENDAS VENDEDORES (EXTERNO),445,ROBERTO GUELFI,,,,,,,
GM6YW-JSGUIMAS,VENEX2,900001,VENDAS VENDEDORES (EXTERNO),279,JONAS DE SOUZA GUIMAS,,,,,,,
GM4YT-EFVSILVA,VENEX2,900001,VENDAS VENDEDORES (EXTERNO),251,ELIANA FRANCISCA VIEIRA DA SILVA,,,,,,,
GMR69-ADFRANCIS,VENEX4,900002,VENDAS GER FILIAL (EXTERNO),54,APARECIDA DONIZETE FRANCISCO,,,,,,,
GMCF3-MCJHENRIQ,VENEX2,900001,VENDAS VENDEDORES (EXTERNO),251,MARIA DA CONCEICAO,,,,,,,
GM7YZ-ESPEREIRA,VENEX2,900001,VENDAS VENDEDORES (EXTERNO),251,EDENISE DE SOUSA PEREIRA,,,,,,,
GM7YM-MGSCUNHA,VENEX4,900002,VENDAS GER FILIAL (EXTERNO),382,MARIA DAS GRACAS DE SOUZA CUNHA,,,,,,,
GMCF3-GGCOELHO,VENEX2,900001,VENDAS VENDEDORES (EXTERNO),251,Gleuber Gonçalo Coelho,,,,,,,
GMF25-FSANTORO,VENEX2,900001,VENDAS VENDEDORES (EXTERNO),228,FRANCISCO SANTORO,,,,,,,
GMCF3-MASPOSITO,VENEX2,900001,VENDAS VENDEDORES (EXTERNO),251,MARIVALDO ARRUDA SPOSITO,,,,,,,
GMA31-ARPRAZERE,VENEX2,900001,VENDAS VENDEDORES (EXTERNO),77,ARNALDO RENOVATO DOS PRAZERES,,,,,,,
GMCF3-ARGFERREI,VENEX2,900001,VENDAS VENDEDORES (EXTERNO),251,ADAO REINALDO GOMES FERREIRA,,,,,,,
GMCF3-LMAMADOR,VENEX2,900001,VENDAS VENDEDORES (EXTERNO),251,LEIA MACIEL AMADOR,,,,,,,
GMASV-HSBORBA,VENEX2,900001,VENDAS VENDEDORES (EXTERNO),284,HUMBERTINA DOS SANTOS BORBA,,,,,,,
GMM39-JAGSANTOS,VENEX4,900002,VENDAS GER FILIAL (EXTERNO),74,JOSE ANTONIO GARCIA SANTOS,,,,,,,
GM5YX-HOLIVEIRA,VENEX2,900001,VENDAS VENDEDORES (EXTERNO),251,HAMILTON FERNANDES DE OLIVEIRA,,,,,,,
GMS98-VLVERDELH,VENEX2,900001,VENDAS VENDEDORES (EXTERNO),545,VERA LUCIA VERDELHO,,,,,,,
GMCD-JCSANTOS,VENEX4,900002,VENDAS GER FILIAL (EXTERNO),151,JORGE CERQUEIRA SANTOS,,,,,,,
GMP27-GAPOLETTI,VENEX4,900002,VENDAS GER FILIAL (EXTERNO),496,GILMAR ANTONIO POLETTI,,,,,,,
GMV83-LCPAZ,VENEX4,900002,VENDAS GER FILIAL (EXTERNO),42,Luzinete Curvo Paz,,,,,,,
GMCF3-LALIMA,VENEX2,900001,VENDAS VENDEDORES (EXTERNO),251,Lafaiete Andrade Lima,,,,,,,
GMC21-AMSILVA,VENEX2,900001,VENDAS VENDEDORES (EXTERNO),173,AILTON MANOEL DA SILVA,,,,,,,
GMS74-DRUTHES,VENEX2,900001,VENDAS VENDEDORES (EXTERNO),145,DANIEL RUTHES,,,,,,,
GMT85-RGFPORTO,VENEX2,900001,VENDAS VENDEDORES (EXTERNO),368,Ricardo Guilherme Fernandes Porto,,,,,,,
GMA31-DPEREIRA,VENEX2,900001,VENDAS VENDEDORES (EXTERNO),77,DJALMA PEREIRA,,,,,,,
GMP92-ICNKRULI,VENEX2,900001,VENDAS VENDEDORES (EXTERNO),486,IVAN CARLOS NUNES KRULI,,,,,,,
GMC37-SNSILVA,VENEX2,900001,VENDAS VENDEDORES (EXTERNO),17,SILVIO NEGRÃO DA SILVA,,,,,,,
GM7YZ-NMMRODRIG,VENEX2,900001,VENDAS VENDEDORES (EXTERNO),251,NADJANE MARIA DE MELO RODRIGUES,,,,,,,
GMD47-MAHARTMAN,VENEX4,900002,VENDAS GER FILIAL (EXTERNO),212,MARCO ANTONIO HARTMANN,,,,,,,
GMBG1-RRSANTO,VENEX5,900003,VENDAS PROPRIET CONG (EXTERNO),518,REGINA REZENDE DOS SANTOS,,,,,,,
GMG41-MASALES,VENEX2,900001,VENDAS VENDEDORES (EXTERNO),284,MANOEL DA ANUNCIAÇÃO SALES,,,,,,,
GMU14-RTBORGES,VENEX4,900002,VENDAS GER FILIAL (EXTERNO),97,RENATO TOSTA BORGES,,,,,,,
GMC37-EMATOS,VENEX2,900001,VENDAS VENDEDORES (EXTERNO),17,Everson de Matos,,,,,,,
GM9YM-MASILVA,VENEX2,900001,VENDAS VENDEDORES (EXTERNO),279,MARCONDES AURÉLIO SILVA,,,,,,,
GMR63-LCMIURA,VENEX2,900001,VENDAS VENDEDORES (EXTERNO),531,Luis Carlos Miura,,,,,,,
GMASV-KSOSANTOS,VENEX2,900001,VENDAS VENDEDORES (EXTERNO),284,KLEBER SOUZA SANTOS,,,,,,,
GM7YZ-JBVIEIRA,VENEX2,900001,VENDAS VENDEDORES (EXTERNO),251,JANILSON BARBOSA VIEIRA,,,,,,,
GMV27-CRMEDEIRO,VENEX2,900001,VENDAS VENDEDORES (EXTERNO),65,Claudia Regina Medeiros,,,,,,,
GM7YZ-SMLEITE,VENEX2,900001,VENDAS VENDEDORES (EXTERNO),251,SALETE MENDES LEITE,,,,,,,
GMC37-RRODRIGUE,VENEX2,900001,VENDAS VENDEDORES (EXTERNO),17,ROSÂNGELA RODRIGUES,,,,,,,
GMASV-JCMACHADO,VENEX2,900001,VENDAS VENDEDORES (EXTERNO),284,JUCELIA COSTA MACHADO,,,,,,,
GMZ22-MLPEREIRA,VENEX2,900001,VENDAS VENDEDORES (EXTERNO),671,MARA LUCIA PEREIRA,,,,,,,
GMV47-JAJEZUS,VENEX2,900001,VENDAS VENDEDORES (EXTERNO),65,JOUBERT AMÉRICO DE JEZUS,,,,,,,
GMC21-MABELLAN,VENEX2,900001,VENDAS VENDEDORES (EXTERNO),173,Monica Adriana Bellan,,,,,,,
GM9ZC-CRRQUEVED,VENEX5,900003,VENDAS PROPRIET CONG (EXTERNO),641,CLAUDIO QUEVEDO,,,,,,,
GMBG1-RCASANTOS,VENEX5,900003,VENDAS PROPRIET CONG (EXTERNO),518,RUBENS CESAR AGAPITO DOS SANTOS,,,,,,,
GM7YZ-SAPESSOA,VENEX2,900001,VENDAS VENDEDORES (EXTERNO),251,SERGIO DE ALBUQUERQUE PESSOA,,,,,,,
GMD99-PCMARQUES,VENEX2,900001,VENDAS VENDEDORES (EXTERNO),124,PAULO CESAR MARQUES ALENCAR,,,,,,,
GMP92-OACOSTA,VENEX2,900001,VENDAS VENDEDORES (EXTERNO),486,ORLANDO ARANEGA DA COSTA,,,,,,,
GMC77-HTROSA,VENEX2,900001,VENDAS VENDEDORES (EXTERNO),453,Hélvia Teixeira Rosa,,,,,,,
GMZ23-TCSOARES,VENEX2,900001,VENDAS VENDEDORES (EXTERNO),671,Tânia Cristina Soares,,,,,,,
GMX12-JCDIAS,VENEX4,900002,VENDAS GER FILIAL (EXTERNO),423,JOSE CARLOS DIAS,,,,,,,
GMP78-VGSILVA,VENEX2,900001,VENDAS VENDEDORES (EXTERNO),498,VANIA GOMES DA SILVA,,,,,,,
GMB85-GBIAZZINI,VENEX2,900001,VENDAS VENDEDORES (EXTERNO),98,GEDSON BIAZZINI,,,,,,,
GM1YX-NSBATISTA,VENEX2,900001,VENDAS VENDEDORES (EXTERNO),251,NAYARA SEIXAS BATISTA,,,,,,,
GMS64-IMPSVALEN,VENEX4,900002,VENDAS GER FILIAL (EXTERNO),588,ILKA MARIA PEREIRA SENA VALENTE,,,,,,,
GMCF3-CEPAULA,VENEX2,900001,VENDAS VENDEDORES (EXTERNO),251,Claudio Eurico de Paula,,,,,,,
GMA57-COCAMPOS,VENEX2,900001,VENDAS VENDEDORES (EXTERNO),22,CECILIA DE OLIVEIRA CAMPOS,,,,,,,
GMV73-JCSILVA,VENEX2,900001,VENDAS VENDEDORES (EXTERNO),77,JOSE CEZARIO DA SILVA,,,,,,,
GMJ51-CMROSA,VENEX2,900001,VENDAS VENDEDORES (EXTERNO),641,Cristiano Marcos da Rosa,,,,,,,
GM7YZ-ACGSILVA,VENEX2,900001,VENDAS VENDEDORES (EXTERNO),251,ANDREA CRISTINE GOMES DA SILVA,,,,,,,
GM7YW-MLSLOPES,VENEX2,900001,VENDAS VENDEDORES (EXTERNO),284,MARCELO LEONCIO SILVA LOPES,,,,,,,
GMG41-APPBONFIM,VENEX4,900002,VENDAS GER FILIAL (EXTERNO),284,ANA PAULA PORTELA BONFIM,,,,,,,
GMB4-LCBALIZA,VENEX2,900001,VENDAS VENDEDORES (EXTERNO),15,LEANDRO CARDOSO BALIZA,,,,,,,
GMV47-PDANTE,VENEX2,900001,VENDAS VENDEDORES (EXTERNO),65,Patrícia Dante,,,,,,,
GMCD4-ROSANTOS,VENEX2,900001,VENDAS VENDEDORES (EXTERNO),279,ROSIVALDO OLIVEIRA DOS SANTOS,,,,,,,
GMB85-RRSOUZA,VENEX2,900001,VENDAS VENDEDORES (EXTERNO),98,RENATO RODRIGUES DE SOUZA,,,,,,,
GMT85-GMBESSA,VENEX2,900001,VENDAS VENDEDORES (EXTERNO),368,GERALDO MIGUEL BESSA,,,,,,,
GMCF3-EALIMA,VENEX2,900001,VENDAS VENDEDORES (EXTERNO),251,Elisson Andre Lima,,,,,,,
GMZ22-FVASCONCE,VENEX2,900001,VENDAS VENDEDORES (EXTERNO),671,FABIO VASCONCELOS,,,,,,,
GMP26-LNOLIVEIR,VENEX4,900002,VENDAS GER FILIAL (EXTERNO),496,LEANDRO NALIN DE OLIVEIRA,,,,,,,
GM7YZ-SMVIEIRA,VENEX2,900001,VENDAS VENDEDORES (EXTERNO),251,SANDERSON DA MOTA VIEIRA,,,,,,,
GMM37-IDIEDRICH,VENEX2,900001,VENDAS VENDEDORES (EXTERNO),229,IVANIR DIEDRICH,,,,,,,
GMOC9-BASANTOS,VENEX5,900003,VENDAS PROPRIET CONG (EXTERNO),445,Benedito André dos Santos,,,,,,,
GMS68-MECGUALTE,VENEX4,900002,VENDAS GER FILIAL (EXTERNO),237,MICHELLY ELIZA CARNEIRO GUALTER,,,,,,,
GMS95-RFRITZSCH,VENEX2,900001,VENDAS VENDEDORES (EXTERNO),551,Rejane Fritzsche,,,,,,,
GMA21-GMNSDOMIN,VENEX2,900001,VENDAS VENDEDORES (EXTERNO),145,Goreti Maria Nascimento dos Santos Domingos,,,,,,,
GMOB1-RBNASCIME,VENEX4,900002,VENDAS GER FILIAL (EXTERNO),279,RONILDO BATISTA DO NASCIMENTO,,,,,,,
GM7YX-MRPAULA,VENEX2,900001,VENDAS VENDEDORES (EXTERNO),251,MARCIO RODRIGUES DE PAULA,,,,,,,
GMH13-KFSALES,VENEX2,900001,VENDAS VENDEDORES (EXTERNO),235,Karen Ferreira Sales,,,,,,,
GMD99-CFSANTOS,VENEX2,900001,VENDAS VENDEDORES (EXTERNO),124,CLAUDIA FREITAS DOS SANTOS,,,,,,,
GMG42-AJOASLEMO,VENEX4,900002,VENDAS GER FILIAL (EXTERNO),287,Ana João Oliveira Abreu Sá Lemos,,,,,,,
GMCF3-WMGLOPES,VENEX2,900001,VENDAS VENDEDORES (EXTERNO),251,WALLACY MACFERLANY GOMES LOPES,,,,,,,
GMC59-MSANTANA,VENEX2,900001,VENDAS VENDEDORES (EXTERNO),394,Mary de Santana,,,,,,,
GMB85-RATBIAZZI,VENEX2,900001,VENDAS VENDEDORES (EXTERNO),98,RENATA AUGUSTA TOMAZ BIAZZINI,,,,,,,
GMCF3-RGFERREIR,VENEX2,900001,VENDAS VENDEDORES (EXTERNO),251,RENATO GONZAGA FERREIRA,,,,,,,
GMU15-DJCSOARES,VENEX2,900001,VENDAS VENDEDORES (EXTERNO),97,Deivid Jhonatan Correa Soares,,,,,,,
GMT89-RWGUIMARA,VENEX2,900001,VENDAS VENDEDORES (EXTERNO),97,RENATA WERNECK GUIMARAES,,,,,,,
GMP92-MOREJANA,VENEX2,900001,VENDAS VENDEDORES (EXTERNO),486,MARCIO OREJANA,,,,,,,
GMT34-KCGOLIVEI,VENEX2,900001,VENDAS VENDEDORES (EXTERNO),617,KATIA CRISTIANE GONCALVES DE OLIVEIRA,,,,,,,
GMC37-LONASSAR,VENEX2,900001,VENDAS VENDEDORES (EXTERNO),17,LUCILENE OLIVEIRA NASSAR,,,,,,,
GMS55-PSLANGER,VENEX2,900001,VENDAS VENDEDORES (EXTERNO),577,Patricia da Silva Langer,,,,,,,
GM7YZ-AFDOURADO,VENEX2,900001,VENDAS VENDEDORES (EXTERNO),251,ALEXANDRO FERREIRA DOURADO,,,,,,,
GMB85-AMORAIS,VENEX2,900001,VENDAS VENDEDORES (EXTERNO),98,Alessandra Morais,,,,,,,
GMD99-DNNEPOMUC,VENEX2,900001,VENDAS VENDEDORES (EXTERNO),124,DENNISE NASCIMENTO NEPOMUCENO,,,,,,,
GM7YX-AJTOMAZ,VENEX2,900001,VENDAS VENDEDORES (EXTERNO),251,ADILSON JOSÉ TOMAZ,,,,,,,
GMP92-HRMGONCAL,VENEX2,900001,VENDAS VENDEDORES (EXTERNO),486,HELCIO ROBERTO MATOS GONCALVES,,,,,,,
GMC37-LMBAINY,VENEX2,900001,VENDAS VENDEDORES (EXTERNO),17,LEANDRO MOREIRA BAINY,,,,,,,
GME47-RSUZIN,VENEX2,900001,VENDAS VENDEDORES (EXTERNO),212,Rafaela Suzin,,,,,,,
GMV47-VFLOPES,VENEX2,900001,VENDAS VENDEDORES (EXTERNO),65,Viviane de Fátima Lopes,,,,,,,
GMF95-MSCOSTA,VENEX4,900002,VENDAS GER FILIAL (EXTERNO),237,Marilene da Silva Costa,,,,,,,
GMOO2-MJOLIVEIR,VENEX2,900001,VENDAS VENDEDORES (EXTERNO),279,MARCELO JOSE DE OLIVEIRA,,,,,,,
GMASV-JASSANTOS,VENEX2,900001,VENDAS VENDEDORES (EXTERNO),284,JEFERSON ANTONIO S. DOS SANTOS,,,,,,,
GM7YZ-ICSOUZA,VENEX2,900001,VENDAS VENDEDORES (EXTERNO),251,Isaac Cavalcanti De Souza,,,,,,,
GMC37-FFERREIRA,VENEX2,900001,VENDAS VENDEDORES (EXTERNO),17,Fabiane Ferreira,,,,,,,
GM7YZ-FMMELLO,VENEX2,900001,VENDAS VENDEDORES (EXTERNO),251,Flavio Macedo de Melo,,,,,,,
GMF25-OCTEODORO,VENEX2,900001,VENDAS VENDEDORES (EXTERNO),228,Odair C. Teodoro,,,,,,,
GMCF3-JAFERREIR,VENEX2,900001,VENDAS VENDEDORES (EXTERNO),251,JUCIARA ALVES FERREIRA,,,,,,,
GMCF3-SSMEIRELE,VENEX2,900001,VENDAS VENDEDORES (EXTERNO),251,SANDRO DA SILVA MEIRELES,,,,,,,
GMD99-GCPAIXAO,VENEX2,900001,VENDAS VENDEDORES (EXTERNO),124,Giselia Costa da Paixão,,,,,,,
GMG58-JRDIAS,VENEX2,900001,VENDAS VENDEDORES (EXTERNO),48,JOELMA RESENDE DIAS,,,,,,,
GM1YX-MCALVES,VENEX2,900001,VENDAS VENDEDORES (EXTERNO),251,MYLENA CEOLIN ALVES,,,,,,,
GM4YX-VSLIMA,VENEX2,900001,VENDAS VENDEDORES (EXTERNO),251,VILMARIA SEVERINO DE LIMA,,,,,,,
GMD97-GFCOELHO,VENEX2,900001,VENDAS VENDEDORES (EXTERNO),6,Grasielle F. Coelho,,,,,,,
GM9YW-CGAZEVEDO,VENEX2,900001,VENDAS VENDEDORES (EXTERNO),251,CLEIDSON GONCALVES AZEVEDO,,,,,,,
GML13-DTPUCKAR,VENEX2,900001,VENDAS VENDEDORES (EXTERNO),462,Daniela Tada Puckar,,,,,,,
GMC37-MALMEIDA,VENEX2,900001,VENDAS VENDEDORES (EXTERNO),17,MICHELLY DE ALMEIDA,,,,,,,
GMM99-KAPADUA,VENEX4,900002,VENDAS GER FILIAL (EXTERNO),377,KARINA ANDRADE DE PADUA,,,,,,,
GMG42-AGMAMARAL,VENEX2,900001,VENDAS VENDEDORES (EXTERNO),287,Ana Gabriela Muniz Amaral,,,,,,,
GMA57-NMANJOS,VENEX2,900001,VENDAS VENDEDORES (EXTERNO),22,Nelma Macedo dos Anjos,,,,,,,
GMP92-OPRIBEIRO,VENEX2,900001,VENDAS VENDEDORES (EXTERNO),486,OSEIAS PINHEIRO RIBEIRO,,,,,,,
GMD17-KNOPKA,VENEX2,900001,VENDAS VENDEDORES (EXTERNO),297,SIMONE KNOPKA,,,,,,,
GMD99-FAAPAIVA,VENEX2,900001,VENDAS VENDEDORES (EXTERNO),124,FRANCISCO DE ASSIS ANDRADE PAIVA,,,,,,,
GMR88-KFDCONCEI,VENEX2,900001,VENDAS VENDEDORES (EXTERNO),575,Karla Felix da Conceicão,,,,,,,
GMG42-NCBARBOSA,VENEX2,900001,VENDAS VENDEDORES (EXTERNO),287,Nilda Costa Barbosa,,,,,,,
GMO53-BJRSILVA,VENEX4,900002,VENDAS GER FILIAL (EXTERNO),62,Bruno José Rodrigues da Silva,,,,,,,
GMCF3-AMAOLIVEI,VENEX2,900001,VENDAS VENDEDORES (EXTERNO),251,ANGELO MARIO AZEVEDO OLIVEIRA,,,,,,,
GM9QP-SROLIVEIR,VENEX4,900002,VENDAS GER FILIAL (EXTERNO),284,SILVIANE RODRIGUES DE OLIVEIRA,,,,,,,
GMCF3-MFCARVALH,VENEX2,900001,VENDAS VENDEDORES (EXTERNO),251,MARCIO FLAVIO DE CARVALHO,,,,,,,
GMT45-LSBERNARD,VENEX2,900001,VENDAS VENDEDORES (EXTERNO),45,LAUDENI DA SILVA BERNARDO,,,,,,,
GM9YW-ATMENDES,VENEX2,900001,VENDAS VENDEDORES (EXTERNO),251,ANTÔNIO TEIXEIRA MENDES,,,,,,,
GMZ22-AALBANEZ,VENEX2,900001,VENDAS VENDEDORES (EXTERNO),671,AIRES ALBANEZ,,,,,,,
GM1RA-OANETO,VENEX5,900003,VENDAS PROPRIET CONG (EXTERNO),251,ODILON ALVES NETO,,,,,,,
GMG59-LAANDRADE,VENEX2,900001,VENDAS VENDEDORES (EXTERNO),284,LIANA ASSUNÇÃO DE ANDRADE,,,,,,,
GMC37-CEFRIBAS,VENEX2,900001,VENDAS VENDEDORES (EXTERNO),17,Carlos Eduardo Ferreira Ribas,,,,,,,
GM5ZD-GIALMELO,VENEX2,900001,VENDAS VENDEDORES (EXTERNO),251,GISLENE ALVES DE MELO,,,,,,,
GMN94-MGRSILVA,VENEX2,900001,VENDAS VENDEDORES (EXTERNO),452,Maria das Graças Rodrigues da Silva,,,,,,,
GMA77-WPPEREIRA,VENEX2,900001,VENDAS VENDEDORES (EXTERNO),453,WELITON DE PADUA PEREIRA,,,,,,,
GMOA8-JCBJUNIOR,VENEX2,900001,VENDAS VENDEDORES (EXTERNO),51,JOSE CARLOS BASSAGLIA JUNIOR,,,,,,,
GMR9-RKFONTES,VENEX2,900001,VENDAS VENDEDORES (EXTERNO),575,Roberta Katharina Fontes,,,,,,,
GMCF3-LVXAVIER,VENEX2,900001,VENDAS VENDEDORES (EXTERNO),251,LEONARDO VICTORIANO XAVIER,,,,,,,
GM9YM-ALVSANTOS,VENEX2,900001,VENDAS VENDEDORES (EXTERNO),279,André Luiz Vieira Santos,,,,,,,
GMS64-TMMMENDES,VENEX2,900001,VENDAS VENDEDORES (EXTERNO),588,TICIANNE MAINE DO MONTE MENDES,,,,,,,
GM4YX-ANRSFILHO,VENEX2,900001,VENDAS VENDEDORES (EXTERNO),251,ANTONIO NEWTON RODRIGUES DE SOUSA FILHO,,,,,,,
GMCD4-SMSANTOS,VENEX4,900002,VENDAS GER FILIAL (EXTERNO),279,SIMONE MARQUES DOS SANTOS,,,,,,,
GMT89-DOLIMA,VENEX2,900001,VENDAS VENDEDORES (EXTERNO),97,DOUGLAS DE OLIVEIRA LIMA,,,,,,,
GMT89-SSOZAME,VENEX2,900001,VENDAS VENDEDORES (EXTERNO),97,SAMIRA DA SILVA OZAME,,,,,,,
GMD99-TOLIVEIRA,VENEX2,900001,VENDAS VENDEDORES (EXTERNO),124,TIAGO FERREIRA DE OLIVEIRA,,,,,,,
GMCF3-FLCGIORI,VENEX2,900001,VENDAS VENDEDORES (EXTERNO),251,FABIANO LAGE DA COSTA GIORI,,,,,,,
GMD99-FSMARQUES,VENEX2,900001,VENDAS VENDEDORES (EXTERNO),124,FABIO SANTANA MARQUES,,,,,,,
GMV27-GAOCALDIN,VENEX2,900001,VENDAS VENDEDORES (EXTERNO),65,GISELE ARRUDA DE OLIVEIRA CALDINI,,,,,,,
GMJ67-EPZEFERIN,VENEX4,900002,VENDAS GER FILIAL (EXTERNO),474,Evania Pompermaier Zeferino,,,,,,,
GMV25-ESJUSTINO,VENEX2,900001,VENDAS VENDEDORES (EXTERNO),662,Eduardo Souza Justino,,,,,,,
GMCF3-RCFBARROS,VENEX2,900001,VENDAS VENDEDORES (EXTERNO),251,ROGERIO CARDOSO FERREIRA BARROS,,,,,,,
GMU2-LAAZEVEDO,VENEX2,900001,VENDAS VENDEDORES (EXTERNO),97,LUCIANA AUGUSTA DE AZEVEDO,,,,,,,
GMCF3-WLSMORAIS,VENEX2,900001,VENDAS VENDEDORES (EXTERNO),251,WANESSA LUIZA DE SOUZA MORAIS,,,,,,,
GM9YW-ETSOUZA,VENEX2,900001,VENDAS VENDEDORES (EXTERNO),251,EDELSON TELES DE SOUZA,,,,,,,
GMV25-ESGOMES,VENEX2,900001,VENDAS VENDEDORES (EXTERNO),662,EDUARDO SANTANA GOMES,,,,,,,
GMA6-FSOLIVEIR,VENEX4,900002,VENDAS GER FILIAL (EXTERNO),43,FLAVIA DE SOUZA OLIVEIRA,,,,,,,
GMD99-MGMENDES,VENEX2,900001,VENDAS VENDEDORES (EXTERNO),124,MARCLOGILDO GONÇALVES MENDES,,,,,,,
GMT33-EBSOLIVEI,VENEX2,900001,VENDAS VENDEDORES (EXTERNO),617,ELIANA BARBOSA SILVA OLIVEIRA,,,,,,,
GMJ97-JSMARTINS,VENEX4,900002,VENDAS GER FILIAL (EXTERNO),474,JANETE SOARES MARTINS,,,,,,,
GMF25-JKMELO,VENEX2,900001,VENDAS VENDEDORES (EXTERNO),228,JULIANO KELLEN DE MELO,,,,,,,
GMCF3-ASGAMA,VENEX2,900001,VENDAS VENDEDORES (EXTERNO),251,ANDERSON SILVA GAMA,,,,,,,
GMV27-GMCLAUDIN,VENEX2,900001,VENDAS VENDEDORES (EXTERNO),65,GESILAINE DE MORAES CLAUDINO,,,,,,,
GMF25-SVRIBEIRO,VENEX5,900003,VENDAS PROPRIET CONG (EXTERNO),228,SCHEILA VERONIS RIBEIRO,,,,,,,
GM1YX-FCOSTA,VENEX2,900001,VENDAS VENDEDORES (EXTERNO),251,FABIANA DA COSTA,,,,,,,
GMD99-JMSDAVELI,VENEX5,900003,VENDAS PROPRIET CONG (EXTERNO),124,João Marcelo Silva Dantas Avelino,,,,,,,
GMH56-RAAALBANE,VENEX2,900001,VENDAS VENDEDORES (EXTERNO),419,Rosangela Alves Anselmo Albanese,,,,,,,
GMO12-JRLNETO,VENEX4,900002,VENDAS GER FILIAL (EXTERNO),454,JOÃO RODRIGUES DE LIMA NETO,,,,,,,
GM9YW-LGARCIA,VENEX2,900001,VENDAS VENDEDORES (EXTERNO),251,LEANDRO GARCIA,,,,,,,
GMV54-EVCIRILLO,VENEX2,900001,VENDAS VENDEDORES (EXTERNO),164,EDER VINICIUS CIRILLO,,,,,,,
GM7ZF-CQPINHEIR,VENEX2,900001,VENDAS VENDEDORES (EXTERNO),279,CAMILA DE QUEIROZ PINHEIRO,,,,,,,
GMCF3-RPRODRIGU,VENEX2,900001,VENDAS VENDEDORES (EXTERNO),251,ROSE PATRICIA RODRIGUES,,,,,,,
GML49-TAJULIOO,VENEX2,900001,VENDAS VENDEDORES (EXTERNO),82,Tiane Alexandre Julio,,,,,,,
GMR41-TRSOUSA,VENEX2,900001,VENDAS VENDEDORES (EXTERNO),82,Toni Roberto de Sousa,,,,,,,
GMCD4-MSAVELINO,VENEX2,900001,VENDAS VENDEDORES (EXTERNO),279,MARIO DOS SANTOS AVELINO,,,,,,,
GM9YW-AMPEREIRA,VENEX2,900001,VENDAS VENDEDORES (EXTERNO),251,ALEXANDRE MARTINS PEREIRA,,,,,,,
GMCF3-JARSILVA,VENEX2,900001,VENDAS VENDEDORES (EXTERNO),251,JOSE APARECIDO RODRIGUES DA SILVA,,,,,,,
GMA31-CCCSILVA,VENEX4,900002,VENDAS GER FILIAL (EXTERNO),77,Cristiane Cavalcante Carvalho Silva,,,,,,,
GM9XD-GSPEREIRA,VENEX4,900002,VENDAS GER FILIAL (EXTERNO),284,GILMAR SENA PEREIRA,,,,,,,
GME56-MPLIMA,VENEX2,900001,VENDAS VENDEDORES (EXTERNO),419,MICHELE PEREIRA LIMA,,,,,,,
GMG59-PFBANDEIR,VENEX4,900002,VENDAS GER FILIAL (EXTERNO),284,PABLO FERNANDES BANDEIRA,,,,,,,
GMA57-APDAVILA,VENEX2,900001,VENDAS VENDEDORES (EXTERNO),22,Ana Paula D Avila,,,,,,,
GMJBI-SSLIMA,VENEX2,900001,VENDAS VENDEDORES (EXTERNO),617,SONALINDE DA SILVA LIMA,,,,,,,
GM1YR-VRDPLIMA,VENEX2,900001,VENDAS VENDEDORES (EXTERNO),251,VANUCE REGINA DE PAULA LIMA,,,,,,,
GM9VJ-TSVIEIRA,VENEX5,900003,VENDAS PROPRIET CONG (EXTERNO),279,THIAGO SANTOS VIEIRA,,,,,,,
GM4YR-RSFERRAZ,VENEX2,900001,VENDAS VENDEDORES (EXTERNO),251,RAFAEL SENA FERRAZ,,,,,,,
GMASV-DRCRUZ,VENEX2,900001,VENDAS VENDEDORES (EXTERNO),284,DIANA ROCHA CRUZ,,,,,,,
GMASV-LSLIMA,VENEX2,900001,VENDAS VENDEDORES (EXTERNO),284,LUCIANA DOS SANTOS LIMA,,,,,,,
GM9YW-RSOLIVEIR,VENEX2,900001,VENDAS VENDEDORES (EXTERNO),251,RAMON DOS SANTOS OLIVEIRA,,,,,,,
GMD99-ESSILVA,VENEX2,900001,VENDAS VENDEDORES (EXTERNO),124,ELAYNE DOS SANTOS SILVA,,,,,,,
GMASV-APSANTOS,VENEX2,900001,VENDAS VENDEDORES (EXTERNO),284,ANDRÉA PEREIRA DOS SANTOS,,,,,,,
GM3ZD-KBSANTOS,VENEX2,900001,VENDAS VENDEDORES (EXTERNO),251,KLEITON DE BRITO SANTOS,,,,,,,
GM9ZG-JMMLIMA,VENEX2,900001,VENDAS VENDEDORES (EXTERNO),279,JOSE MARCELO MOURA LIMA,,,,,,,
GM1ZE-ACESILVA,VENEX2,900001,VENDAS VENDEDORES (EXTERNO),251,ARIANDERSON CELESTINO SILVA,,,,,,,
GME68-ECSILVA,VENEX2,900001,VENDAS VENDEDORES (EXTERNO),661,EDIVAN CARLOS DA SILVA,,,,,,,
GM1SB-MFLBEZERR,VENEX5,900003,VENDAS PROPRIET CONG (EXTERNO),642,MARCIO FERNANDO LIMA BEZERRA,,,,,,,
GM7YM-WSILVEIRA,VENEX2,900001,VENDAS VENDEDORES (EXTERNO),382,WESLEY SILVEIRA XAVIER,,,,,,,
GM3ZD-IPSILVA,VENEX2,900001,VENDAS VENDEDORES (EXTERNO),251,IRAMILTON PEREIRA DA SILVA,,,,,,,
GMB55NKRAEMER,VENEX2,900001,VENDAS VENDEDORES (EXTERNO),113,NARCISA KRAEMER,,,,,,,
GMCF3-LFVEVARGE,VENEX2,900001,VENDAS VENDEDORES (EXTERNO),251,Luis Fernando Ventura Vargas,,,,,,,
GM7YM-MSRICARTE,VENEX2,900001,VENDAS VENDEDORES (EXTERNO),382,MARINALVA SOUZA RICARTE,,,,,,,
GMC72-MLFOBARRE,VENEX5,900003,VENDAS PROPRIET CONG (EXTERNO),195,MARCIO LUIZ FONTES OLIVEIRA BARRETO,,,,,,,
GMR48-JMMENDES,VENEX4,900002,VENDAS GER FILIAL (EXTERNO),536,Juliana Maria Mendes,,,,,,,
GMBG1-MGCAVALCA,VENEX2,900001,VENDAS VENDEDORES (EXTERNO),518,Maria das Graças Cavalcante,,,,,,,
GMA21-TMMORAES,VENEX2,900001,VENDAS VENDEDORES (EXTERNO),145,Tony Marcel de Moraes,,,,,,,
GMT89-CAFERNAND,VENEX2,900001,VENDAS VENDEDORES (EXTERNO),97,CARLOS ALBERTO FERNANDES,,,,,,,
GMA31-FCSOUZA,VENEX5,900003,VENDAS PROPRIET CONG (EXTERNO),77,FREDERICO CARNEIRO DE SOUZA,,,,,,,
GM6GZ-CJSEVERTO,VENEX2,900001,VENDAS VENDEDORES (EXTERNO),279,CLAUDIO DE JESUS SANTOS EVERTON,,,,,,,
GMS64-TDSBRITO,VENEX2,900001,VENDAS VENDEDORES (EXTERNO),588,TALITA DIÓGENES DOS SANTOS BRITO,,,,,,,
GM6ZE-ACARNEIRO,VENEX2,900001,VENDAS VENDEDORES (EXTERNO),251,ADILSON CARNEIRO,,,,,,,
GMT45-MVTLIMA,VENEX2,900001,VENDAS VENDEDORES (EXTERNO),45,MARIA VANUZA TEIXEIRA LIMA,,,,,,,
GMCD4-CSLOBO,VENEX2,900001,VENDAS VENDEDORES (EXTERNO),279,CARLINDO SILVA LOBO,,,,,,,
GMP92-FROSILVA,VENEX2,900001,VENDAS VENDEDORES (EXTERNO),486,Fabio Ricardo Oliveira da Silva,,,,,,,
GMCF3-TMPACHECO,VENEX2,900001,VENDAS VENDEDORES (EXTERNO),251,Thiago de Melo Pacheco,,,,,,,
GMJBI-TJMENDONÇ,VENEX2,900001,VENDAS VENDEDORES (EXTERNO),617,Thiago de Jesus Mendonça,,,,,,,
GMA31-DAOLIVEIR,VENEX2,900001,VENDAS VENDEDORES (EXTERNO),77,DIEGO ALBERTO DE OLIVEIRA,,,,,,,
GMG59-RBARARIPE,VENEX2,900001,VENDAS VENDEDORES (EXTERNO),284,RAFAELLA BRAGA ARARIPE,,,,,,,
GM6YW-PACSILVA,VENEX2,900001,VENDAS VENDEDORES (EXTERNO),279,PAULO ALBERTO CARDOSO SILVA,,,,,,,
GMS74-LGACRUZ,VENEX2,900001,VENDAS VENDEDORES (EXTERNO),145,LETICIA GOMES ARAUJO DA CRUZ,,,,,,,
GMF25-CBERGMANN,VENEX2,900001,VENDAS VENDEDORES (EXTERNO),228,CRISTIAN BERGMANN,,,,,,,
GMS86-VRSVAZ,VENEX2,900001,VENDAS VENDEDORES (EXTERNO),552,Vanessa Ramos da Silva Vaz,,,,,,,
GMCF3-RAJOSILVA,VENEX2,900001,VENDAS VENDEDORES (EXTERNO),251,RAFAEL JOSE SILVA,,,,,,,
GMO84-GBRIBEIRO,VENEX2,900001,VENDAS VENDEDORES (EXTERNO),46,GISELE BEZERRA RODRIGUES RIBEIRO,,,,,,,
GMR89-NRODEGHER,VENEX2,900001,VENDAS VENDEDORES (EXTERNO),575,Nathalia Rodegheri,,,,,,,
GMI56-JVINOTTI,VENEX2,900001,VENDAS VENDEDORES (EXTERNO),419,Juçara Vinotti,,,,,,,
GMN94-APCONCEIC,VENEX2,900001,VENDAS VENDEDORES (EXTERNO),452,ANA PAULA DA CONCEICAO,,,,,,,
GM9YM-PLSILVA,VENEX2,900001,VENDAS VENDEDORES (EXTERNO),279,PIESON LIMA SILVA,,,,,,,
GMCF3-AAALVES,VENEX2,900001,VENDAS VENDEDORES (EXTERNO),251,ANDRESSA DOS ANJOS ALVES,,,,,,,
GMASV-NGSILVA,VENEX2,900001,VENDAS VENDEDORES (EXTERNO),284,NAIANA GONÇALVES DA SILVA,,,,,,,
GM9YW-DTOLIVEIR,VENEX2,900001,VENDAS VENDEDORES (EXTERNO),251,DOUGLAS TAYRONE DE OLIVEIRA,,,,,,,
GMN37-HDFREITAS,VENEX5,900003,VENDAS PROPRIET CONG (EXTERNO),446,HUELIN DAPIEVE DE FREITAS,,,,,,,
GMU15-ASSESANTO,VENEX2,900001,VENDAS VENDEDORES (EXTERNO),97,ALEX SANDRO DA SILVA DO ESPIRITO SANTO,,,,,,,
GMC37-TMEZACASA,VENEX2,900001,VENDAS VENDEDORES (EXTERNO),17,TATIANE MEZACASA,,,,,,,
GM1YR-AJSSOBRIN,VENEX2,900001,VENDAS VENDEDORES (EXTERNO),251,ADALBERTO JOSE DA SILVA SOBRINHO,,,,,,,
GMG63-MMMSILVA,VENEX2,900001,VENDAS VENDEDORES (EXTERNO),6,MARISA MARA MENDES DA SILVA,,,,,,,
GMG59-PHFCAVALC,VENEX2,900001,VENDAS VENDEDORES (EXTERNO),284,PEDRO HENRIQUE FALCÃO CAVALCANTE,,,,,,,
GMG59-PHENRIQUE,VENEX4,900002,VENDAS GER FILIAL (EXTERNO),284,PEDRO HENRIQUE,,,,,,,
GM4YT-JGSOUSA,VENEX2,900001,VENDAS VENDEDORES (EXTERNO),251,JONATHAN GRATZ DE SOUSA,,,,,,,
GMCF3-PRNEIVA,VENEX2,900001,VENDAS VENDEDORES (EXTERNO),251,PAULA REGINA NEIVA,,,,,,,
GM5YZ-SCFSILVA,VENEX2,900001,VENDAS VENDEDORES (EXTERNO),251,SARA CRISTINA FIGUEIREDO DA SILVA,,,,,,,
GM9YW-CGMFERREI,VENEX2,900001,VENDAS VENDEDORES (EXTERNO),251,CHRISTIANO GOULART MARÇAL FERREIRA,,,,,,,
GMG59-FAMLOPES,VENEX2,900001,VENDAS VENDEDORES (EXTERNO),284,FLÁVIA ALEXANDRA MATOS LOPES,,,,,,,
GML56-VOVBONI,VENEX2,900001,VENDAS VENDEDORES (EXTERNO),419,Valquiria Oliveira do Valle Boni,,,,,,,
GMU25-SSTRINDAD,VENEX2,900001,VENDAS VENDEDORES (EXTERNO),641,SIBELE DA SILVA TRINDADE,,,,,,,
GMCF3-LASILVA,VENEX2,900001,VENDAS VENDEDORES (EXTERNO),251,LUCRECIA APARECIDA DA SILVA,,,,,,,
GMS64-GMGOIS,VENEX2,900001,VENDAS VENDEDORES (EXTERNO),588,GUSTAVO MEIRA DE GOIS,,,,,,,
GMU15-JHRLEITE,VENEX2,900001,VENDAS VENDEDORES (EXTERNO),97,José Henrique da Rocha Leite,,,,,,,
GMA57-CCSAITU,VENEX2,900001,VENDAS VENDEDORES (EXTERNO),22,Carina da Cruz Saitu,,,,,,,
GMCF3-HFMOL,VENEX2,900001,VENDAS VENDEDORES (EXTERNO),251,HENRIQUE DE FREITAS MOL,,,,,,,
GM4YX-JEDIAS,VENEX2,900001,VENDAS VENDEDORES (EXTERNO),251,Johnny Eudoxio Dias,,,,,,,
GMJBI-COAKOLLIN,VENEX2,900001,VENDAS VENDEDORES (EXTERNO),617,CARINA OLIVEIRA DE ALMEIDA KOLLING,,,,,,,
GM9YW-JFOURO,VENEX2,900001,VENDAS VENDEDORES (EXTERNO),251,Jesse Farias do Ouro,,,,,,,
GM5XH-FCFEITOSA,VENEX2,900001,VENDAS VENDEDORES (EXTERNO),279,FLAVIA CARLA DA SILVA FEITOSA,,,,,,,
GMASV-JDMVIRGIL,VENEX2,900001,VENDAS VENDEDORES (EXTERNO),284,JOHNY DANIEL MATHIAS VIRGILIO,,,,,,,
GM9YW-ARSNETO,VENEX2,900001,VENDAS VENDEDORES (EXTERNO),251,ANTONIO RAMIRO DA SILVA NETO,,,,,,,
GMBG1-PVSBANDEI,VENEX5,900003,VENDAS PROPRIET CONG (EXTERNO),518,PAULA VERGAÇAS DE SOUSA BANDEIRA,,,,,,,
GMASV-JSSA,VENEX2,900001,VENDAS VENDEDORES (EXTERNO),284,JAIME SANTOS DE SÁ,,,,,,,
GMCF3-MIMIRAMDA,VENEX2,900001,VENDAS VENDEDORES (EXTERNO),251,MARDIONE IGIDIO MIRANDA,,,,,,,
GMZ22-VSOUZA,VENEX2,900001,VENDAS VENDEDORES (EXTERNO),671,Vanderson de Souza,,,,,,,
GMYR-SHLBEZERR,VENEX5,900003,VENDAS PROPRIET CONG (EXTERNO),642,SÉRGIO HENRIQUE LIMA BEZERRA,,,,,,,
GMZH-GVPORTELA,VENEX2,900001,VENDAS VENDEDORES (EXTERNO),279,GERMANO VIEIRA PORTELA,,,,,,,
GM8ZA-RHRSANTOS,VENEX5,900003,VENDAS PROPRIET CONG (EXTERNO),518,RAQUEL HELENA REZENDE DOS SANTOS,,,,,,,
GMG59-DDFLIMA,VENEX2,900001,VENDAS VENDEDORES (EXTERNO),284,DANIEL DYJON FONTELES DE LIMA,,,,,,,
GMASV-MALIMA,VENEX2,900001,VENDAS VENDEDORES (EXTERNO),284,MARLON DE ALMEIDA LIMA,,,,,,,
GM9YW-ARBENEVOL,VENEX2,900001,VENDAS VENDEDORES (EXTERNO),251,ALEX RODRIGUES BENEVOLO,,,,,,,
GMC37-KCCARNEIR,VENEX2,900001,VENDAS VENDEDORES (EXTERNO),17,Katty Cristiane Carneiro,,,,,,,
GMF25-FSALMEIDA,VENEX2,900001,VENDAS VENDEDORES (EXTERNO),228,FABIO SOLA DE ALMEIDA,,,,,,,
GMS64-ADSSRODRI,VENEX2,900001,VENDAS VENDEDORES (EXTERNO),588,ALINY DANIELLE DA SILVA SANTOS RODRIGUES,,,,,,,
GMJBI-BSSILVA,VENEX5,900003,VENDAS PROPRIET CONG (EXTERNO),617,BRUNA SOUZA DA SILVA,,,,,,,
GMJ67-SVFERRARI,VENEX2,900001,VENDAS VENDEDORES (EXTERNO),474,Sueliton Vieira Ferrari,,,,,,,
GMS41-EMPSILVA,VENEX2,900001,VENDAS VENDEDORES (EXTERNO),593,Elenise M P da Silva,,,,,,,
GMOO2-BLGRAGA,VENEX4,900002,VENDAS GER FILIAL (EXTERNO),279,BRUNA LIMA BRAGA,,,,,,,
GM5YZ-AJSANTOS,VENEX2,900001,VENDAS VENDEDORES (EXTERNO),251,ALAN DE JESUS SANTOS,,,,,,,
GMV47-PRMARTINS,VENEX2,900001,VENDAS VENDEDORES (EXTERNO),65,PATRICIA ROSA MARTINS,,,,,,,
GM9YW-DCOMICLOS,VENEX2,900001,VENDAS VENDEDORES (EXTERNO),251,DANIEL CARDOSO DE OLIVEIRA MICLOS,,,,,,,
GM9YW-ASMORAIS,VENEX2,900001,VENDAS VENDEDORES (EXTERNO),251,ADRIANO DE SOUZA MORAIS,,,,,,,
GMV43-CMLOPES,VENEX4,900002,VENDAS GER FILIAL (EXTERNO),648,Christiane Michelle Lopes,,,,,,,
GM9YW-LMVIANA,VENEX2,900001,VENDAS VENDEDORES (EXTERNO),251,LUCIANO MARQUES VIANA,,,,,,,
GMJBI-ESOLIVEIR,VENEX2,900001,VENDAS VENDEDORES (EXTERNO),617,EDIRAN SANTOS DE OLIVEIRA,,,,,,,
GM9YW-JMSSANTOS,VENEX2,900001,VENDAS VENDEDORES (EXTERNO),251,JANDER MAYKON DA SILVA SANTOS,,,,,,,
GMCF3-LEMSILVA,VENEX2,900001,VENDAS VENDEDORES (EXTERNO),251,LEANDRO MEDINA DA SILVA,,,,,,,
GM9YW-RAGOMES,VENEX2,900001,VENDAS VENDEDORES (EXTERNO),251,RAFAEL DE ARAUJO GOMES,,,,,,,
GMR89-KSSOUZA,VENEX4,900002,VENDAS GER FILIAL (EXTERNO),575,Karulina Steffel e Souza,,,,,,,
GMG52-ASGONÇALV,VENEX2,900001,VENDAS VENDEDORES (EXTERNO),48,ANARIEL DE SOUSA GONÇALVES,,,,,,,
GMS31-SSPEZZINI,VENEX2,900001,VENDAS VENDEDORES (EXTERNO),593,Stevan Soares Pezzini,,,,,,,
GMG59-CJLPAIVA,VENEX2,900001,VENDAS VENDEDORES (EXTERNO),284,CLEIRIANE JULIO LIMA PAIVA,,,,,,,
GMS64-MRFSILVA,VENEX2,900001,VENDAS VENDEDORES (EXTERNO),588,MARIANE ROBERTA FERREIRA DA SILVA,,,,,,,
GMJ23-RNSILVA,VENEX2,900001,VENDAS VENDEDORES (EXTERNO),35,RAFAEL NEVES SILVA,,,,,,,
GMTOP-CASASOUZA,VENEX2,900001,VENDAS VENDEDORES (EXTERNO),51,CLEBER ALCIDES DA SILVA ALVES DE SOUZA,,,,,,,
GMA57-CBLIMA,VENEX2,900001,VENDAS VENDEDORES (EXTERNO),22,Camila Bueno de Lima,,,,,,,
GMJ77-GMRSANTOS,VENEX2,900001,VENDAS VENDEDORES (EXTERNO),6,GABRIELLE MENDES REZENDE DOS SANTOS,,,,,,,
GMI14-NRAOLIVEI,VENEX2,900001,VENDAS VENDEDORES (EXTERNO),68,NADIA RITA ARANTES DE OLIVEIRA,,,,,,,
GMOE2-MAJSILVA,VENEX2,900001,VENDAS VENDEDORES (EXTERNO),279,Maria Janaina Da Silva,,,,,,,
GMJ23-TMDCARVAL,VENEX2,900001,VENDAS VENDEDORES (EXTERNO),35,THIAGO MICHEL DIAS DE CARVALHO,,,,,,,
GMI14-JESABDENO,VENEX2,900001,VENDAS VENDEDORES (EXTERNO),68,Jéssica Elias da Silva Abdenor,,,,,,,
GM3QL-RDCFONSEC,VENEX2,900001,VENDAS VENDEDORES (EXTERNO),284,RAFAELA DANELA COSTA FONSECA,,,,,,,
GM9YZ-LVNUNES,VENEX2,900001,VENDAS VENDEDORES (EXTERNO),279,LUCAS VIEIRA NUNES,,,,,,,
GMCD4-RPRSANTOS,VENEX2,900001,VENDAS VENDEDORES (EXTERNO),279,RONALD PAULO RIBEIRO DOS SANTOS,,,,,,,
GMC54-CGNABHAN,VENEX5,900003,VENDAS PROPRIET CONG (EXTERNO),42,Caroline Georges Nabhan,,,,,,,
GMF25-MPIVA,VENEX2,900001,VENDAS VENDEDORES (EXTERNO),228,MAIZA PIVA,,,,,,,
GMZH-HPSMARQUE,VENEX2,900001,VENDAS VENDEDORES (EXTERNO),279,HIAGO DE PAULA SANTOS MARQUES,,,,,,,
GMZ22-RFERNANDE,VENEX2,900001,VENDAS VENDEDORES (EXTERNO),671,RODRIGO FERNANDES,,,,,,,
GM9YW-JSALVES,VENEX2,900001,VENDAS VENDEDORES (EXTERNO),251,JOANE SANTANA ALVES,,,,,,,
GMC72-JSSANTOS,VENEX2,900001,VENDAS VENDEDORES (EXTERNO),195,JADSON SOUZA DOS SANTOS,,,,,,,
GMT33-GSSOUSA,VENEX2,900001,VENDAS VENDEDORES (EXTERNO),617,GABRIELE SANTOS SOUSA,,,,,,,
GM3QL-NBMFILHO,VENEX2,900001,VENDAS VENDEDORES (EXTERNO),284,NOEL BATISTA MACIEL FILHO,,,,,,,
GMA36-EVSANTANA,VENEX2,900001,VENDAS VENDEDORES (EXTERNO),33,EDUARDO VILA SANTANA,,,,,,,
GM9YW-MCOMICLOS,VENEX2,900001,VENDAS VENDEDORES (EXTERNO),251,MICHAEL CARDOSO DE OLIVEIRA MICLOS,,,,,,,
GM9YW-DFSOUZA,VENEX2,900001,VENDAS VENDEDORES (EXTERNO),251,DANIEL FELIX DE SOUZA,,,,,,,
GMT45-VSLIMA,VENEX4,900002,VENDAS GER FILIAL (EXTERNO),45,VALERIA DE SOUSA LIMA,,,,,,,
GMU19-CTFURTADO,VENEX2,900001,VENDAS VENDEDORES (EXTERNO),641,CAMILA TORRES FURTADO,,,,,,,
GMOO2-MCDSILVA,VENEX2,900001,VENDAS VENDEDORES (EXTERNO),279,MARIA CHEILYANE DOMINGOS DA SILVA,,,,,,,
GMO12-AMPRUBIO,VENEX4,900002,VENDAS GER FILIAL (EXTERNO),454,ALICE DE MELO PEREIRA RUBIO,,,,,,,
GMV44-LAPEREIRA,VENEX2,900001,VENDAS VENDEDORES (EXTERNO),648,LAIS ALMEIDA PEREIRA,,,,,,,
GM8YX-ASRBARBOS,VENEX2,900001,VENDAS VENDEDORES (EXTERNO),251,AMANDA SILMARA ROCHA BARBOSA,,,,,,,
GMCD4-RCSMAIA,VENEX2,900001,VENDAS VENDEDORES (EXTERNO),279,Rafaelly Coelho Santos Maia,,,,,,,
GM5ZG-GCPEREIRA,VENEX2,900001,VENDAS VENDEDORES (EXTERNO),284,GIOVANA COUTINHO PEREIRA,,,,,,,
GM4YR-TSGOMES,VENEX2,900001,VENDAS VENDEDORES (EXTERNO),251,THAIS DA SILVA GOMES,,,,,,,
GMA32-NBSANTOS,VENEX2,900001,VENDAS VENDEDORES (EXTERNO),286,NADINE BEATRIZ DOS SANTOS,,,,,,,
GMG88-ESOLIVEIR,VENEX2,900001,VENDAS VENDEDORES (EXTERNO),284,Esther dos Santos Oliveira,,,,,,,
GMA31-ANSFELECI,VENEX2,900001,VENDAS VENDEDORES (EXTERNO),77,ANDERSON DA SILVA FELICIANO,,,,,,,
GMG58-IHSILVA,VENEX2,900001,VENDAS VENDEDORES (EXTERNO),48,IGOR HONORATO SILVA,,,,,,,
GMI56-NLIMA,VENEX2,900001,VENDAS VENDEDORES (EXTERNO),419,Nathan Lima,,,,,,,
GMC37-VPEDROLLO,VENEX5,900003,VENDAS PROPRIET CONG (EXTERNO),17,VIVIANE PEDROLLO,,,,,,,
GMCF3-CDFLACERD,VENEX2,900001,VENDAS VENDEDORES (EXTERNO),251,CARLOS DANIEL FERNANDES LACERDA,,,,,,,
GMCF3-EVSDIAS,VENEX2,900001,VENDAS VENDEDORES (EXTERNO),251,EVANILDO DE SOUZA DIAS,,,,,,,
GM1YZ-AFMAGALHA,VENEX5,900003,VENDAS PROPRIET CONG (EXTERNO),413,ADALBERTO FERREIRA DE MAGALHÃES,,,,,,,
GMCL9-FFMAGALHA,VENEX4,900002,VENDAS GER FILIAL (EXTERNO),413,Fernando Ferreira de Magalhães,,,,,,,
GM7YZ-EJSILVA,VENEX2,900001,VENDAS VENDEDORES (EXTERNO),251,EDVALDO JOSE DA SILVA,,,,,,,
GMJ85-SCRIBEIRO,VENEX2,900001,VENDAS VENDEDORES (EXTERNO),35,SIBERIA DO CARMO RIBEIRO,,,,,,,
GMV43-IBTMENDES,VENEX2,900001,VENDAS VENDEDORES (EXTERNO),648,INGRID BIANCA TARDIM MENDES,,,,,,,
GMR3-SNAOLIVEI,VENEX2,900001,VENDAS VENDEDORES (EXTERNO),465,Sandro Ney Araujo de Oliveira,,,,,,,
GMB55-VMILLANI,VENEX2,900001,VENDAS VENDEDORES (EXTERNO),113,VANDERLEI MILLANI,,,,,,,
GMZ22-MGUSILINI,VENEX2,900001,VENDAS VENDEDORES (EXTERNO),671,MARCIO GUSILINI,,,,,,,
GMR3-LRSSANTOS,VENEX4,900002,VENDAS GER FILIAL (EXTERNO),465,LUIZ RODRIGUES DA SILVA SANTOS,,,,,,,
GMD99-ASSILVA,VENEX2,900001,VENDAS VENDEDORES (EXTERNO),124,ANTONIO SALIM DA SILVA,,,,,,,
GMASV-SCCSANTOS,VENEX2,900001,VENDAS VENDEDORES (EXTERNO),284,SILVIO CEZAR C DOS SANTOS,,,,,,,
GMASV-GAJPSOUZA,VENEX2,900001,VENDAS VENDEDORES (EXTERNO),284,GISELE ANNE DE JESUS PEREIRA SOUZA,,,,,,,
GMW25-ICBHOLSBA,VENEX2,900001,VENDAS VENDEDORES (EXTERNO),597,IZABEL CRISTINA B HOLSBACH,,,,,,,
GM7YZ-VLUALVES,VENEX2,900001,VENDAS VENDEDORES (EXTERNO),251,VERA LÚCIA ALVES,,,,,,,
GMR3-AMDONASC,VENEX4,900002,VENDAS GER FILIAL (EXTERNO),465,ALINE MATOS DO NASCIMENTO,,,,,,,
GM7YZ-MBMOURA,VENEX2,900001,VENDAS VENDEDORES (EXTERNO),251,MARCILIO BERNARDO DE MOURA,,,,,,,
GMK77-ADLOURENC,VENEX2,900001,VENDAS VENDEDORES (EXTERNO),6,ADRIANO DAVID LORENÇO,,,,,,,
GMA31-JCCJUNIOR,VENEX2,900001,VENDAS VENDEDORES (EXTERNO),77,Luiz Cavalcanti Cerqueira Junior,,,,,,,
GMCF3-DFSFERNAN,VENEX2,900001,VENDAS VENDEDORES (EXTERNO),251,DIONY FARLEY SOARES FERNANDES,,,,,,,
GMCF2-EGCARMO,VENEX2,900001,VENDAS VENDEDORES (EXTERNO),662,Erival Gomes do Carmo,,,,,,,
GMV25-AJRDISTER,VENEX2,900001,VENDAS VENDEDORES (EXTERNO),662,ANTONIO JOZIMAR RIBEIRO DO DISTERRO,,,,,,,
GMS61-MOSOUSA,VENEX2,900001,VENDAS VENDEDORES (EXTERNO),593,Marinez Oliveira de Sousa,,,,,,,
GMJ85-MIMOLIVEI,VENEX2,900001,VENDAS VENDEDORES (EXTERNO),35,MAGNA ISTELA MARTINS OLIVEIRA,,,,,,,
GMA57-AOSILVA,VENEX2,900001,VENDAS VENDEDORES (EXTERNO),22,ANGELA OLIVEIRA DA SILVA,,,,,,,
GMD96-TKROTIROT,VENEX2,900001,VENDAS VENDEDORES (EXTERNO),167,Thamiris Karen Rotiroti,,,,,,,
GMR3-JANASCIME,VENEX4,900002,VENDAS GER FILIAL (EXTERNO),465,JUCIENE DE ALMEIDA NASCIMENTO,,,,,,,
GM7YM-FCSALVES,VENEX2,900001,VENDAS VENDEDORES (EXTERNO),382,FERNANDO CARLOS SILVA ALVES,,,,,,,
GM3ZD-ACBRAGA,VENEX2,900001,VENDAS VENDEDORES (EXTERNO),251,Antonio Cerqueira Braga,,,,,,,
GMR1-KOBASTOS,VENEX4,900002,VENDAS GER FILIAL (EXTERNO),539,KATIA OSCAR BASTOS,,,,,,,
GM9YW-RVMCALDAS,VENEX2,900001,VENDAS VENDEDORES (EXTERNO),251,REGINALDO VIEIRA MARQUES CALDAS,,,,,,,
GMJ23-MRMCOSTA,VENEX4,900002,VENDAS GER FILIAL (EXTERNO),35,MARCIA REGINA DE MACEDO COSTA,,,,,,,
GMR3-LMFGARCIA,VENEX2,900001,VENDAS VENDEDORES (EXTERNO),465,Livia Maria Fonseca Garcia,,,,,,,
GMR3-ITFONTES,VENEX2,900001,VENDAS VENDEDORES (EXTERNO),465,ITAMAR TORRES FONTES,,,,,,,
GMR3-JLINHARES,VENEX2,900001,VENDAS VENDEDORES (EXTERNO),465,JOSE ANTONIO LINHARES,,,,,,,
GMP92-FRRIBEIRO,VENEX4,900002,VENDAS GER FILIAL (EXTERNO),486,FABIANA ROCHA RIBEIRO,,,,,,,
GMASV-PSASALES,VENEX4,900002,VENDAS GER FILIAL (EXTERNO),284,Paulo Sergio da Anunciaçã Sales,,,,,,,
GMOB1-GVPORTELA,VENEX2,900001,VENDAS VENDEDORES (EXTERNO),279,GLAUBER VIEIRA PORTELA,,,,,,,
GMB48-BVIANNA,VENEX2,900001,VENDAS VENDEDORES (EXTERNO),114,BRUNA VIANNA,,,,,,,
GM3ZD-ELBLIRA,VENEX2,900001,VENDAS VENDEDORES (EXTERNO),251,ERICO DE LIMA BUARQUE LIRA,,,,,,,
GMO27-MKOENIG,VENEX4,900002,VENDAS GER FILIAL (EXTERNO),552,MARLENE KOENIG,,,,,,,
GMV25-AMSEVERO,VENEX2,900001,VENDAS VENDEDORES (EXTERNO),662,ANA MARIA SEVERO,,,,,,,
GMR3-DECSANTOS,VENEX2,900001,VENDAS VENDEDORES (EXTERNO),465,DANIELE ESTRELA DA COSTA SANTOS,,,,,,,
GM9YZ-JKDINIZ,VENEX2,900001,VENDAS VENDEDORES (EXTERNO),279,JONE KENNEDY DINIZ,,,,,,,
GM4YV-JOSFILHO,VENEX2,900001,VENDAS VENDEDORES (EXTERNO),251,JORGE OLIVEIRA DA SILVA FILHO,,,,,,,
GMP92-FHASSIS,VENEX4,900002,VENDAS GER FILIAL (EXTERNO),486,Fabiano Hermenegue de Assis,,,,,,,
GMR3-GMSANTOS,VENEX2,900001,VENDAS VENDEDORES (EXTERNO),465,Gilvoneia Moreira Santos,,,,,,,
GMU15-NPDAGUIAR,VENEX5,900003,VENDAS PROPRIET CONG (EXTERNO),97,NILZA PACHECO DE AGUIAR,,,,,,,
GMV25-ZJVENTURA,VENEX2,900001,VENDAS VENDEDORES (EXTERNO),662,ZEFERINO DE JESUS VENTURA,,,,,,,
GMS74-AOSOUZA,VENEX2,900001,VENDAS VENDEDORES (EXTERNO),145,Alessandro Oliveira Souza,,,,,,,
GMR3-GCSANTOS,VENEX2,900001,VENDAS VENDEDORES (EXTERNO),465,Gleice Cunha dos Santos,,,,,,,
GMO35-JBCAMINI,VENEX4,900002,VENDAS GER FILIAL (EXTERNO),35,JANAINA BEATRIZ CAMINI,,,,,,,
GMV25-KLMACIEL,VENEX2,900001,VENDAS VENDEDORES (EXTERNO),662,KELIMARA LINO MACIEL,,,,,,,
GM6YX-OLCFILHO,VENEX2,900001,VENDAS VENDEDORES (EXTERNO),251,OSEIAS LOPES COSTA FILHO,,,,,,,
GM4YX-DASPEDROS,VENEX2,900001,VENDAS VENDEDORES (EXTERNO),251,DANILO AUGUSTO SOUSA PEDROSO,,,,,,,
GMBD2-JMPSOUZA,VENEX4,900002,VENDAS GER FILIAL (EXTERNO),279,JANAYNA MARIA PEREIRA SOUZA,,,,,,,
GMO35-MVSOARES,VENEX2,900001,VENDAS VENDEDORES (EXTERNO),35,MARCONI VITORINO SOARES,,,,,,,
GM9ZG-FGSSILVA,VENEX2,900001,VENDAS VENDEDORES (EXTERNO),279,FRANCISCA GEOVANIA SOARES DA SILVA,,,,,,,
GMS64-TCMNASCIM,VENEX2,900001,VENDAS VENDEDORES (EXTERNO),588,Thyago Cyrus Melo do Nascimento,,,,,,,
GM6YW-DKBMELO,VENEX4,900002,VENDAS GER FILIAL (EXTERNO),279,DIANA KELLY BRAGA MELO,,,,,,,
GMS68-ARCNETO,VENEX2,900001,VENDAS VENDEDORES (EXTERNO),237,ANTONIO REINALDO CAVICHIOLI NETO,,,,,,,
GMS64-DGRCOSTA,VENEX2,900001,VENDAS VENDEDORES (EXTERNO),588,DAVID GLAUCIO RODRIGUES COSTA,,,,,,,
GMD97-ASMORELLI,VENEX4,900002,VENDAS GER FILIAL (EXTERNO),6,Adriana Santiago Morelli,,,,,,,
GMA77-ASSATO,VENEX2,900001,VENDAS VENDEDORES (EXTERNO),453,ANDERSON DOS SANTOS SATO,,,,,,,
GMV25-CAPEREIRA,VENEX2,900001,VENDAS VENDEDORES (EXTERNO),662,CLODOALDO ALVES PEREIRA,,,,,,,
GMP92-LGCAMPOS,VENEX2,900001,VENDAS VENDEDORES (EXTERNO),486,LEANDRO GERALDO CAMPOS,,,,,,,
GMV25-CGFERNAND,VENEX4,900002,VENDAS GER FILIAL (EXTERNO),662,Charles Gabriel Fernandes,,,,,,,
GMF25-FMENEGASS,VENEX2,900001,VENDAS VENDEDORES (EXTERNO),228,FABIANO MENEGASSO,,,,,,,
GMV25-UMBARBOSA,VENEX2,900001,VENDAS VENDEDORES (EXTERNO),662,Umberto Maldonado Barbosa,,,,,,,
GMJ85-JGSOUSA,VENEX2,900001,VENDAS VENDEDORES (EXTERNO),35,Juliana Guadalupe de Sousa,,,,,,,
GM9YM-LMBFILHO,VENEX2,900001,VENDAS VENDEDORES (EXTERNO),279,LUIZ MARINHO DE BARROS FILHO,,,,,,,
GMR3-SMJSANTOS,VENEX2,900001,VENDAS VENDEDORES (EXTERNO),465,SUELI MARIA DE JESUS SANTOS,,,,,,,
GMV25-JVFVIEIRA,VENEX4,900002,VENDAS GER FILIAL (EXTERNO),662,Joao Victor Fernandes Vieira,,,,,,,
GMV25-RLSILVA,VENEX4,900002,VENDAS GER FILIAL (EXTERNO),662,RENATO LUIS DA SILVA,,,,,,,
GM9YM-MSPORDEUS,VENEX4,900002,VENDAS GER FILIAL (EXTERNO),279,MARIANA DE SOUZA PORDEUS,,,,,,,
GMASV-ESPEREIRA,VENEX2,900001,VENDAS VENDEDORES (EXTERNO),284,EDILEUSA SENA PEREIRA,,,,,,,
GMCF3-CSCABRAL,VENEX2,900001,VENDAS VENDEDORES (EXTERNO),251,Celis Souza Cabral,,,,,,,
