﻿codigo_grupo,codigo_cota,versao,id_cota,cgc_cpf_cliente,nome,endereco,bairro,complemento,cep,caixa_postal,codigo_cidade,cidade,estado,id_endereco,
84744,15,0,1110153,324831390,NAYARA CARVALHO BRITO SANTANA,AVENIDA  ALIOMAR BALEEIRO 302,JARDIM NOVA ESPERANCA,Apto 103,41370045,,50538,SALVADOR,BA,283327,
84744,69,0,1111071,4418664416,ODILENE MARIA DE SOUZA BRAGA,RUA K 4 H,LOTTO NOVO TEMPO,,55940000,,5231,CONDADO,PE,583455,
84744,83,0,1111265,6902222894,MARIA GORETE DO NASCIMENTO,RUA  VICENTE PASCHOALETTI 27,FERRAZOPOLIS,,9790495,,55333,SAO BERNARDO DO CAMPO,SP,34548,
84744,137,0,1111905,4194413105,DIOGO PINHEIRO VIANA,"RUA PREFEITO ALBINO CERUTT CELLA BAIXADA 33, 33",CENTRO,AP 60,89874000,,8549,MARAVILHA,SC,398302,
84744,251,0,1113072,6349879503,ICARO DOURADO SEIXAS,RUA REGIO EMILIA 0111,CENTRO,CASA,44900000,,50376,IRECE,BA,966422,
84744,255,0,1113085,34727000172,REGINALDO DE MELO RODRIGUES,ALAMEDA  PROGRESSO 14,ESPLANADA DO ANICUNS,QD 18 LT 17,74433150,,2069,APARECIDA DE GOIANIA,GO,249586,
84744,291,0,1113279,85827342556,LARISSA BRASILEIRO SANTOS CONHAGO,RUA  DEMOSTENES NASCIMENTO 90 ,PERIPERI,,40735560,,50538,SALVADOR,BA,1227669,
84744,295,0,1113294,61340901315,ELENILDO MATIAS DE HOLANDA PEDROSA,RUA  VIRGILIO BRANDAO 389,AUTRAN NUNES,,60526640,,50678,FORTALEZA,CE,44479,
84744,303,0,1113379,21038015391,MANOEL RIBEIRO DE SOUSA,RUA  CHICO MENDES DO PANTANAL 601,PLANALTO AYRTON SENNA,,60766260,,50678,FORTALEZA,CE,179749,
84744,316,0,1113478,478286503,ANDREZA FERREIRA DOS SANTOS,"avenida nossa senhora de fatima, 641",pov forbes,,49960000,,8800,JAPARATUBA,SE,421625,
84744,343,0,1114318,89608038200,RAQUEANE LIMA DA SILVA,"ALAMEDA UM QUADRA22, 352",COHAB,CASA,68459690,,4824,TUCURUI,PA,1269498,
84744,378,0,1114424,64379647587,ANTONIO CARLOS DOS SANTOS SILVA,POVOADO QUIZANGA 484,RURAL,CASA ,44420000,,50451,MARAGOGIPE,BA,365277,
84744,420,0,1114590,7543809478,THAMIRES CRISTINA DA SILVA OLIVEIRA ,AVENIDA  ERNESTINA BATISTA 66,PONTEZINHA,CASA,54589295,,52816,CABO DE SANTO AGOSTINHO,PE,501480,
84744,445,0,1115497,5521538771,ANTONIO HENRIQUE DA CUNHA CORREIA,AVENIDA PASTOR MARTIN LUTHER KING JR 6360,VICENTE DE CARVALHO,BL2 APT 913,21220301,,53661,RIO DE JANEIRO,RJ,274190,
84744,481,0,1115653,13333860287,NELCI DE FATIMA MEDEIROS CARVALHO,RUA  ROSA DE OURO 38,NOVO MEXICO,,29104015,,2044,VILA VELHA,ES,672946,
84744,483,0,1115668,5560710776,ROBSON THEOPHILO AZEVEDO,RUA CODO 690,BANGU,BL 01 APT 405,21870000,,53661,RIO DE JANEIRO,RJ,299356,
84744,495,0,1115710,1104980460,MARIA NAZARE SANTOS FERREIRA,RUA  EGITO 429,CAUAME,,69311044,,53907,BOA VISTA,RR,1018550,
84744,499,0,1115748,39821337856,RODRIGO GIACHELO,RUA  FERNANDO NATALE 171  ,VILA SANTOS DUMONT,CASA,19909060,,55179,OURINHOS,SP,1089871,
84744,500,0,1115761,4362216839,OLGA MARIA CRUZ DE CARVALHO,Estrada Antônio Augusto de Faccio ,Nogueira,590,13960000,13960,55369,SOCORRO,SP,543279,
84744,514,0,1115892,1778747752,ROZINETE DA SILVA BARCELOS ALVES,RUA SALIM SELA BICHARA 144,CENTRO,SOBRADO,27998000,,53610,CARAPEBUS,RJ,541844,
84744,517,0,1115934,60724802339,WALLASS NASCIMENTO DA SILVA,RUA FRANCISCO SITARIO 38   ,MALVINAS,,65485000,,51220,ITAPECURU MIRIM,MA,1141940,
84744,518,0,1115935,48489670234,SONIA MARIA SOUZA BARROS,RUA DAS MANGUEIRAS 79,STA ETELVINA,,69000000,,50162,MANAUS,AM,1120280,
84744,522,0,1115992,14792821622,MAYCON CLAUDIO DE FARIA ,ALM DOS PINHEIROS 455,FURNASTUR,CX,35570000,,51636,FORMIGA,MG,10893,
84744,534,0,1116030,3075951293,SILVANA DE SOUZA RIBEIRO,QD 80 AV NORTE 01,VAL DE CANS,CONJ PROMORAR QD80,66115590,,52437,BELEM,PA,575311,
84744,536,0,1116038,25647202268,WANDERLEY TARCISIO SOARES GOMES,"ROD PA 409 RUA MANUEL DA SILVA LIMA, 38",JARUMA,QD A LOTE 38,68440000,,4522,ABAETETUBA,PA,957958,
84744,549,0,1116095,89995600668,BENILSON DOS SANTOS,RUA  JANUARIO PEREIRA BEM 125,TROPICAL (JUSTINOPOLIS),,33902540,,51982,RIBEIRAO DAS NEVES,MG,1280510,
84744,554,0,1116109,15489965215,SHIRLENE DE JESUS SODRE,"RUA  QUARENTA E UM, 11",VAL DE CAES,,66110000,,52437,BELEM,PA,190833,
84744,585,0,1116327,60045439346,FRANCISCA MARIA DA SILVA,RUA DOMINGOS SAVIO 391,PEDRAS,,61760000,,50675,EUSEBIO,CE,1036758,
84744,607,0,1116441,3.022E+13,LUIZ ANTUNES ALVES DEALMEIDA 06634390517,RUA SAO PAULO 29D,FORUM,,44900000,,21642,Irecê                                             ,BA,606761,
84744,642,0,1117465,89898400234,RICHARDSON DOS SANTOS RODRIGUES,"Rua da Visconde de pedra branca 6a , apto 02",Flores,Residencial CASA BEL,69058660,,50162,MANAUS,AM,1279883,
84744,665,0,1117766,76428680220,ANDRE CARVALHO DE OLIVEIRA ,RUA  MACA VERDE 80,BRASIL NOVO,CASA,68909343,,50193,MACAPA,AP,419015,
84744,667,0,1118465,12756221783,BIANCA MOREIRA DOS SANTOS,RUA  ANTONIO LEAL DE SOUSA 122  ,RIALTO,,27360010,,53601,BARRA MANSA,RJ,471622,
84744,702,0,1119374,1800875509,VAILSON JESUS DOS SANTOS,EST PARATI MIRIM 000,PATRIMONIO,CASA,23970000,,21722,PARATY,RJ,559294,
84744,722,0,1119436,87718642291,ELIEL DE PINHO SOUZA,RUA FREI CANECA 1742,DOCA FURTADO,CASA,69918120,,50016,RIO BRANCO,AC,1259910,
84744,753,0,1119509,2338162161,KARLINE RODRIGUES DA SILVA,Rua Águas Claras 321,Loteamento Panorama,QD 15,77824230,,23263,ARAGUAÍNA,TO,1066726,
84744,773,0,1120253,13279707757,KLEYTON ALMEIDA VELOSO ALVES,RUA  CARLOS GONCALVES PENNA 192,ENGENHO DA RAINHA,BL 10 AP 507,20761330,,53661,RIO DE JANEIRO,RJ,654864,
84744,796,0,1120330,38379856104,URSULINO VASCONCELOS NETO,AV UNIVERSITARIA  22,CENTRO,APARTAMENTO 02,78698970,,4439,PONTAL DO ARAGUAIA,MT,877952,
84744,823,0,1120498,93355130672,JOAO GERALDO FERREIRA DOS SANTOS,Rua Manuel Duarte Ferro 410,Vila Itaim,C 2,8190470,,20789,São Paulo,SP,1301124,
84744,845,0,1120533,22667743000152,JOAO  LUIS MORAIS RESENDE 12591161666,R HOMERO RODRIGUES MACHADO 149,CENTRO,SALA 1,38175000,,3748,SANTA JULIANA,MG,481718,
84744,876,0,1120640,41617924768,ITELVINA BATISTA CARVALHO ,AVENIDA  FERNANDO ANTONIO 65,BELA AURORA,,29141565,,1844,CARIACICA,ES,174151,
84744,878,0,1120642,8018332649,ANTONIO RODRIGUES BORGES,"Rua Edgar Marques Freitas,85",JARDIM ALVORADA,CASA,38120000,,51535,CONCEICAO DAS ALAGOAS,MG,791113,
84744,904,0,1120669,12745105701,RONALDO BRAGA DE SANTOS,RUA  TOPAZIO 73,SAO GERALDO,,29146676,,1844,CARIACICA,ES,468818,
84744,911,0,1120676,1.58072E+13,IDAIANA BARBOSA DA CRUZ,RUA  GURUPI 1375 ,REDENCAO,,69047010,,50162,MANAUS,AM,281878,
84744,956,0,1121183,38995058838,ANDRESSA COSTA DOS SANTOS,RUA PROFESSOR ULISSES PEREIRA BUENO 112,PARQUE RESIDENCIAL ELD...,,12289120,,9005,CACAPAVA,SP,979306,
84744,966,0,1121217,10106504916,MATHEUS MELO CORDEIRO,RUA  GALVAO 206,CARIANOS,,88047615,,8452,FLORIANOPOLIS,SC,563608,
84744,978,0,1121272,10075781735,CLAUDIA SUELI DE SOUZA COSTA,RUA  SCIPIAO 26,RETIRO,,27283050,,7121,VOLTA REDONDA,RJ,554554,
84744,986,0,1121304,13815540755,DONELLY BARBOSA TEIXEIRA,RUA RIO DE JANEIRO 217,SAO JOSE,,27570000,,53652,PORTO REAL,RJ,818942,
84744,992,0,1121341,99506238120,PRISCILLA FREITAS MENDES,Rua C190 Sn,Jardim América,Q 216 LT 13,74255080,,20586,Goiânia,GO,1261369,
84744,995,0,1121347,66108810300,TATIANA FREITAS OLIVEIRA DOS REIS,AVENIDA BRASIL 80,VIVENDAS DO POTOSI,,65800000,,2395,BALSAS,MA,534099,
84744,72,0,1121482,27484289272,JOSEMAR PEREIRA DE OLIVEIRA,"RUA DOUTOR LUZARDO FERREIRA DE MELO 3883, 3883",JAUARI II,CASA,69104388,,50153,ITACOATIARA,AM,1272858,
84744,96,0,1121526,14913496204,LUIZ ANTONIO HENRIQUES GOMES,CONJUNTO XAVANTE II 04,MANGUEIRAO,BL B AP 004,66640008,,52437,BELEM,PA,45200,
84744,740,0,1121532,1254237216,RENAN DOS REIS ROSARIO,RUA  BENJAMIM 239,CABANAGEM,ALTOS,66625218,,52437,BELEM,PA,4704,
84744,104,0,1121544,11002311705,EDVANIA GONCALVES MATOS,RUA DA TORRE 154,SANTA CRUZ II,,27288170,,7121,VOLTA REDONDA,RJ,1071458,
84744,118,0,1121586,53467442234,RODRIGO QUEIROZ DE SOUZA,ALAMEDA  A 77,AGUAS LINDAS,AL A CJ CANINDE Q 9,67110400,,52428,ANANINDEUA,PA,415499,
84744,149,0,1121798,25955586253,PAULO HENRIQUE FERREIRA AMARAL,RUA ALDONY FONSECA QD7 BLOCO 8,INFRAERO,AP 202 LT1,68908023,,50193,MACAPA,AP,1026990,
84744,161,0,1121950,7968629403,ELIANE DA SILVA BARBOSA,"RUA  EDSON TEIXEIRA DA SILVA , 270",PONTA NEGRA,RES ECOGARDEN BL C,59090568,,7221,NATAL,RN,1272398,
84744,168,0,1122022,90864255349,CLAUDINEIA DE SOUSA FERREIRA ,RUA SB10  SN,RESIDENCIAL SAO BERNARDO,Q 17 L 64 ,75370000,,50978,GOIANIRA,GO,1285621,
84744,181,0,1123699,44432203803,VIVIANE LOPES DE SOUSA VERONA,RUA COLOMBIA 225 ,PARQUE HORTENCIA,,12955000,,54866,BOM JESUS DOS PERDOES,SP,623766,
84744,182,0,1123702,14828967885,LUIZ CLARO LEME,RUA  ANTONIO DOLATA 135,CAMPO DE SANTANA,,81490508,,53289,CURITIBA,PR,23322,
84744,193,0,1123708,68875711453,CLEISY SILVA DE OLIVEIRA,RUA DAS FLORES 336,RIO DOCE,CASA,53050080,,52897,OLINDA,PE,790249,
84744,204,0,1123721,2804802965,JANERLIN CASTILHOS DA CONCEICAO,RUA  EDUARDO RAVAGLIO 209,RIO PEQUENO,,83070130,,53546,SAO JOSE DOS PINHAIS,PR,355983,
84744,211,0,1123730,42083028015,LILIAM DA SILVA CURTINAZ,EST COSTA DO SAPATO 8309  ,ZONA RURAL,,96600000,,53998,CANGUCU,RS,245249,
84744,269,0,1123851,28757211604,PAULO PEREIRA DE OLIVEIRA,R 7 quadra 15 lote 19,GUARUJA PARK,,75392899,,2349,TRINDADE,GO,357966,
84744,277,0,1123886,87466562191,MARCUS BRINGEL DE OLIVEIRA,QNC 19,TAGUATINGA NORTE (TAGU...,01 AREA ESP 19 BL C,72115511,,50804,BRASILIA,DF,1257123,
84744,279,0,1123888,6514771904,Rafael Sandi,RUA EDGAR KAHNLEIN 883,BELA VISTA,Casa,89870000,,54613,PINHALZINHO,SC,1059188,
84744,288,0,1123897,2.96624E+13,TIAGO GILSON ARRUDA 04122970199,RUA PANAMÁ,JARDIM AMÉRICA,330 N,78575000,0,4383,JUARA,MT,540440,
84744,312,0,1123927,46532692387,MARLEUDO DA SILVA,RUA  JOAO DA MATA BANDEIRA 185a,JARDIM OASIS,,63507425,,1396,IGUATU,CE,882537,
84744,319,0,1123929,38527731720,JAMILE FATIMA NOGUEIRA VIEIRA BRANDAO,RUA GONCALO TEIXEIRA NUNES 415,CENTRO,CASA ,64490000,,53140,REGENERACAO,PI,894115,
84744,360,0,1124146,719203902,IVANILDE BORTOLON PALHARINI,RUA  WENCESLAU BRAS P. GOMES - D 1465,BELA VISTA,CASA D,89804141,,54422,AGUAS DE CHAPECO,SC,655459,
84744,375,0,1125086,4981470100,THAINARA BULHAO FERREIRA ,RUA PINHEIRO 140S,JARDIM PRIMAVERA,,78455000,,52340,LUCAS DO RIO VERDE,MT,1068209,
84744,425,0,1125736,912364521,NILMA ITACARAMBY CAMPOS DELGADO,"RUA JARAGUA , 0",JARDIM NOVO HORIZONTE I,QR 18 LT 326,76200000,,2192,IPORA,GO,1270405,
84744,459,0,1125781,847805336,EMANOEL GOMES PEREIRA ,RUA  01 13  ,SAO BERNARDO,,65056122,,51314,SAO LUIS,MA,768428,
84744,465,0,1125791,416415822,MARIA DE FATIMA CABRAL,RUA  SOUSANAS  226,CONJUNTO HABITACIONAL ...,,5868050,,55351,SAO PAULO,SP,367988,
84744,472,0,1125839,23271892415,GENI IRINEU CABRAL,RUA  DANTAS 68,NOVA DESCOBERTA,CASA,52090160,,52918,RECIFE,PE,602928,
84744,505,0,1125891,28805613886,JOAO CARLOS DOS SANTOS,"AV AUGUSTO FRANCO, 3753",SIQUEIRA CAMPOS,NANTES AP 1303,49075100,,54714,ARACAJU,SE,363081,
84744,509,0,1125909,29009561534,ANTONIO NERES DOS SANTOS ,RUA  BOCA DA MATA 12 A,VALERIA,CASA,41300460,,50538,SALVADOR,BA,404465,
84744,538,0,1126678,8863026769,WILSON FERREIRA VAZ JUNIOR,RUA  ESTOCOLMO 42 ,ARACAS,,29103140,,50881,VILA VELHA,ES,1221478,
84744,671,0,1127086,6985307566, ROBERTO LIMA MEDEIROS,FAZENDA SAIA VELHA  0  ,ZONA RURAL,,72804970,,51017,LUZIANIA,GO,69504,
84744,999,0,1127792,36716396870,GRACIENE TERCILA SILVA,R S PAULO,CAMPOS ELISEOS,ED 2570    APTO 181,14085010,,55276,RIBEIRAO PRETO,SP,605577,
84744,22,0,1127928,15885824690,ISABELA VIEIRA BENASSI,SITIO VIADUTO SN,ZONA RURAL,SITIO,37890000,,51854,MUZAMBINHO,MG,304274,
84744,191,0,1129108,9365265215,MARIA DO SOCORRO ANGELO RIBEIRO ,RUA  DOZE 92,AGUAS LINDAS,,67020500,,52428,ANANINDEUA,PA,252543,
84744,227,0,1129267,9758037609,PRISCILA SARA MARTINS SILVA PRESTES,RUA  OITI 191,SAO SEBASTIAO,,38443128,,51383,ARAGUARI,MG,436582,
84744,771,0,1130524,31275076823,GLEICIANY BERTOLINI SILVA,RUA CONSELHEIRO JOSE ANTONIO DE ARRUDA VILAS BOAS 279,LOTEAMENTO PARQUE ITAC...,CASA,13843183,,20311,MOGI GUACU,SP,787875,
84744,784,0,1130545,85152323249,LEONICE GARCIA ,TRAVESSA SAO SEBASTIAO 18,JARDIM ATLANTICO,DE DEUS,68627430,,4728,PARAGOMINAS,PA,1212384,
84744,791,0,1130561,83715800453,ELAINE CRISTHIANNE BEZERRA SOUSA,RUA  SANDOVAL TAVARES GUERREIRO 681  ,NOVA PARNAMIRIM,,59152350,,53782,PARNAMIRIM,RN,1167008,
84744,801,0,1130587,13543462628,ALUAN DA SILVA RAMOS,RUA  JOSE LOURENCO 985,SAO PEDRO,CASA,36036230,,3315,JUIZ DE FORA,MG,745247,
84744,428,0,1131271,3795852358,JEAN CASTRO SOUZA,RUA  EDITE JORGE DA SILVA 1324,ANTONIO JUSTA,COLONIA,61903310,,50723,MARACANAU,CE,45282,
84744,435,0,1131286,7931247,BRUNO RAFAEL DE OLIVEIRA COSTA,RUA  CLAUDIO SANDERS 135,CENTRO,CD VIT MAGUAR BLA9 A,67030325,,52428,ANANINDEUA,PA,1275,
84744,446,0,1131304,29683300200,WANDERLEY SOLANO DE OLIVEIRA,RODOVIA PA 409 KM 1 50 409,JARUMA,km150,68440000,,4522,ABAETETUBA,PA,546092,
84744,485,0,1131386,2646398123,ALEXANDRE CAMPOS PEREIRA,RUA  RP 5 SN,RESIDENCIAL PRADO,Q1 LT 16,75264036,,51106,SENADOR CANEDO,GO,162168,
84744,496,0,1131408,4976152588,SILMARA SOUZA DA SILVA ,POVOADO DE REG DE ENDIRETOR  130 ,ZONA RURAL ,,45270000,,50477,NOVA CANAA,BA,1064899,
84744,497,0,1131458,67841970382,GILCIVAN DA LUZ BARROS,JOSE DE MOURA FE 1013 ,NOVA CIDADE,CASA,64700000,,53181,SIMPLICIO MENDES,PI,713174,
84744,551,0,1132091,2.83651E+13,REGISTRO CIVIL DE PESSOAS NATURAIS,LOT PORTO SEGURO RUA D  53   ,JARDIM GUANABARA ,,45000000,,50615,VITORIA DA CONQUISTA,BA,297403,
84744,562,0,1132096,2.83651E+13,REGISTRO CIVIL DE PESSOAS NATURAIS,LOT PORTO SEGURO RUA D  53   ,JARDIM GUANABARA ,,45000000,,50615,VITORIA DA CONQUISTA,BA,297403,
84744,564,0,1132097,2.83651E+13,REGISTRO CIVIL DE PESSOAS NATURAIS,LOT PORTO SEGURO RUA D  53   ,JARDIM GUANABARA ,,45000000,,50615,VITORIA DA CONQUISTA,BA,297403,
84744,587,0,1132130,43730580833,DOUGLAS LIMA DA SILVA,Avenida Juscelino Kubitschek de Oliveira,Portal D´Oeste,,6263270,,55176,OSASCO,SP,521221,
84744,602,0,1132147,46100557835,JAQUELINE PIRES,RUA  ARAGUARI 00004 B  ,JARDIM DO ESTADIO, C 02 ,9175160,,55323,SANTO ANDRE,SP,824532,
84744,626,0,1132187,36270004802,GLAUCIA SANDI DIAS DE OLIVEIRA Z SANTOS,RUA  ADOLFO CELI 135 ,CONJUNTO HABITACIONAL ...,AP 22 B,3928080,,55351,SAO PAULO,SP,513967,
84744,632,0,1132255,2.50548E+13,MARCELA FIGUEIREDO MUNIZ 09519816763,TRAVESSA  IRAJA 00018,VILA SAO JOAO,,25570470,,53668,SAO JOAO DE MERITI,RJ,867874,
84744,34,0,1132962,3596973562,JHONATHA MARINHO TEIXEIRA ,AVENIDA JOHN KENNEDY 769 ,CENTRO ,,45190000,,50509,PLANALTO,BA,1120407,
84744,95,0,1132999,968154182,KLEVERSON FERREIRA RODRIGUES,CONJUNTO  RESIDENCIAL 5 CONDOMÍNIO 1B,PARQUE DAS CACHOEIRAS,APARTAMENTO 604,72872612,,51123,VALPARAISO DE GOIAS,GO,910162,
84744,133,0,1133065,2634678134,ADELINO LOPES RODRIGUES,ALAMEDA  PROGRESSO 14  ,ESPLANADA DO ANICUNS,QD 18 LT 17,74433150,,50901,APARECIDA DE GOIANIA,GO,140923,
84744,29,0,1134497,2.54323E+13,MARCO AURELIO FERREIRA LAGES,SILVA TAVARES 551,CENTRO,CASA,96600000,,53998,CANGUCU,RS,932538,
84744,293,0,1134609,6759870670,ELISANGELA CUNHA DA SILVA SANTOS,"rua silva pontes, 80",centro,AP 106,36570000,,4082,VICOSA,MG,1191773,
84744,361,0,1134783,11058060732,DALBO ANTONIO DA SILVA,Rua Gama 21,Sagrada Família,Casa,29116830,,50881,VILA VELHA,ES,1105407,
84744,379,0,1134809,1.21455E+13,JAMESSON VERA CRUZ MARCELINO 03061999477,RUA  TIMBO 51,CACOTE,,50870450,,52918,RECIFE,PE,246286,
84744,397,0,1134825,38996968838,Hostaine Morais reis,RUA  JOAO BRONZERI 205,FAZENDA GRANDE,,13212413,,55082,JUNDIAI,SP,979381,
84744,398,0,1134827,10918844479,WELIDA LUANA DE VASCONCELLOS SILVA,"AVENIDA JOAO FRANCISCO DE MELO, 1013",CENTRO,CASA,55565000,,5441,SAO JOSE DA COROA GRANDE,PE,1024998,
84744,416,0,1134857,70112102298,OTAVIO SILVA DA SILVA,RUA ANGELA DINIZ  228,DA PAZ,,68515000,,4730,PARAUAPEBAS,PA,908288,
84744,456,0,1134864,9877346605,GABRIELE HELEN LINHARES SANTOS,RUA DOM CABRAL  129 ,MAGALHAES ,,34990000,,51871,NOVA UNIAO,MG,475846,
84744,711,0,1135614,93883056120,GENARIO ALVES DOS SANTOS,RUA ODILON DE BARROS   NRO 120   ,CENTRO,CASA,73825000,,51127,VILA BOA,GO,1304468,
84744,744,0,1135693,7301415516,WALLACE FERNANDES ,AVENIDA  FRANKLIN FERRAZ 1251    ,CANDEIAS,,45028706,,50615,VITORIA DA CONQUISTA,BA,321133,
84744,747,0,1135713,3307959611,ERLAINE DA CONCEICAO MIRANDA ,RUA SAO GERALDO 138,NOSSA SENHORA DE FATIMA,,35940000,,3705,RIO PIRACICABA,MG,812474,
84744,797,0,1135871,4598338202,CECILIO MAUES ALCANTARA,ROD PA 154 EM FRENTE A FABRICA DE ABACAXI 1500,BACIRIZINHO,,68860000,,52524,SALVATERRA,PA,800153,
84744,800,0,1135876,2.26895E+13,KAIO DE OLIVEIRA DIAS 14553756757,RUA  MORE NETTO DE MOURA 45,CAMPO GRANDE,C 1,23090740,,53661,RIO DE JANEIRO,RJ,484535,
84744,814,0,1135980,5.49799E+12,VITOR E MARLY TRANSPORTES LTDA,RUA JEQUERI 545 ,GARCIA ,,35970000,,51404,BARAO DE COCAIS,MG,254921,
84744,821,0,1136986,9754038694,SILVANO AUGUSTO BARBOSA,"CORREGO DO JAO, 0",AREA RURAL,SAO CAETANO,36925000,,2880,CAPUTIRA,MG,435293,
84744,849,0,1137182,57260095334,ROZILENE FERREIRA BARBOSA,AVENIDA 14 DE JULHO 16,CENTRO,,68580000,,4654,ITUPIRANGA,PA,777890,
84744,850,0,1137185,57260095334,ROZILENE FERREIRA BARBOSA,AVENIDA 14 DE JULHO 16,CENTRO,,68580000,,4654,ITUPIRANGA,PA,777890,
84744,882,0,1137274,2.41048E+13,INDUSTRIA DE CALCADOS COSTURA E MONTAGEM,BATISTA FREIRE  0000 ,DISTRITO CAMPO GRANDE,SN,58360972,,52650,ITABAIANA,PB,704767,
84744,885,0,1137278,33250311880,FERNANDA FRADE,AVENIDA RIO GRANDE 416  ,CENTRO,,11680000,,55410,UBATUBA,SP,1123115,
84744,891,0,1137290,2470557275,BRUNO VALENTIM FAVACHO,"RUA  FRANCISCO DE OLIVEIRA NOBRE, 154",CENTRO,,67030762,,52437,BELEM,PA,1186592,
84744,892,0,1137291,3036484140,WEBERSON DA SILVA CORREIA,"RUA MONSENHOR RODOLFO TELLMAN SN, 0",JARDIM SAO JOSE,CS1 QD 45 LT18,74494690,,50977,GOIANIA,GO,544110,
84744,906,0,1137899,14829153750,ALEF MORENO SOARES DAMASCENO,RUA SAO DOMINGOS 81 ,POSSE,,26020390,,53643,NOVA IGUACU,RJ,23363,
84744,908,0,1137923,3474667378,JEAN CARLOS DA SILVA DIAS,RUA DO POENTE 80,BARRA DO CEARA,,60332490,,50678,FORTALEZA,CE,1010033,
84744,909,0,1137926,1732540470,JACKELINE EVANGELISTA DA SILVA CARLOS,RUA  EMILIO CASTELAR 269,PAREDOES,,59618150,,53772,MOSSORO,RN,501263,
84744,918,0,1137951,12919574647,WALLACY MICHEL GONCALVES FIGUEIREDO,CACHOEIRA DA FUMACA sn ,AREA RURAL ,CS,35860000,,21085,Conceição do Mato Dentro                          ,MG,533605,
84744,609,0,1140446,2086647425,ROBERTO INACIO DA SILVA,"RUA CORONEL ANIZIO RODRIGUES COELHO, 1090",BOA VIAGEM,,50730121,,52918,RECIFE,PE,834615,
84744,621,0,1140625,51801779287,JOCELI CUSTODIO PANTOJA DE SOUSA,AVENIDA  SANTANA 3894   ,FONTE NOVA,CASA,68928196,,50199,SANTANA,AP,252014,
84744,988,0,1141490,2501458206,VALMIR VERBETY FARIAS BARBOSA,R FRANCISCO MONTEIRO 12D,MURINIM,,68795000,,4567,BENEVIDES,PA,1202743,
84744,819,0,1143525,3903450677,ROGERIO SAMPAIO DE SOUSA,RUA  MARCIA DE WINDSOR 216,MINEIRAO,XXX,30672390,,51411,BELO HORIZONTE,MG,130653,
