﻿CD_Usuario,NM_Usuario,Função,Grupo_Usuario,,
nzjm7j,LESSANDRA GAMBALE,VENDA3,900004,,
wzwt8d,VERA LUCIA DE MORAES,ATD2,900007,,
FZDWHT,RICARDO J. M. GIMENEZ,BKOF2,900008,,
kzg91x,GISLEINE QUEIROZ DE ARAUJO,CTB1,900010,,
lzykxq,FABIO MARTINEZ,VENDA4,900004,,
ZZM6H7,SANY ALVARENGA,ATD2,900007,,
sz28kr,FATIMA M. DOGO,ATD1,900007,,
LZP7TX,ELENICE UTRERA RUBINO,CAC1,900007,,
dzjdvk,SALETE TEREZINHA F. BUENO,SUPGER,900013,,
lzj57s,ANDRE CORREIA LEITE BORGES,VENDA2,900004,,
vzdktq,CLAUDIO CAMARINI,VENDA1,900004,,
gz1hw8,MARCELO DA SILVA BARBOSA,PGTO2,900014,,
dzqpc5,MARINILZE A. REGINA,SUPGER,900013,,
mz25vp,MAURO MASTANTUONO,ATD1,900007,,
gzblfx,PAULO FRANCISCO ESTEVES,VENDA1,900004,,
mz0xzj,PAULO ROBERTO B. R. OLIVEIRA,VENDA1,900004,,
fzl8z7,FRANCISCO CARLOS DE ARAÚJO,CAC1,900007,,
kzm7sp,WAGNER POLLETI,ADMGRU,900006,,
mz9m6h,RICARDO CACHALE RINCON NEW P,VENDA1,900004,,
BZPBMH,CHRISTIAN ENGELMEIER,ADMGRU,900006,,
wzkkfw,SAMARONE CARVALHO LIMA,VENDA1,900004,,
rz78sv,LUIS SILVA NEW P,VENDA1,900004,,
pzycw4,LAERTHE DE SOUZA SILVA NEW P,VENDA1,900004,,
lzdj12,VALERIA LUCAS,ASSEMB,900006,,
bzxyt4,LUANA SOUZA DA SILVA,VENDA3,900004,,
vz3vbb,REINALDO TORRES VIGNOLI,VENDA2,900004,,
bzgrpc,SILAS LUIZ DA SILVA,VENDA1,900004,,
rzynsr,NATANAEL MARINHO X. MORAES,VENDA1,900004,,
lzjmxc,GERSON CONSTANTINI,VENDA3,900004,,
nzrzwk,AFONSO ARINOS MARQUES,VENDA1,900004,,
nzs4rm,ALAN GALHARDO,VENDA1,900004,,
dzqfnm,MATHILDE CLARA DO NASCIMENTO,CAC2,900007,,
dz9l82,FLAVIO NOCCHI CONCEICAO NEW P,VENDA1,900004,,
bzswqz,CARLOS AUGUSTO F. ZAQUEU,VENDA1,900004,,
kzyq7w,ELIETE VERUTTI DE M. AUGUSTO,CAC2,900007,,
fztghd,ALREFREDO SOUZA JUNIOR,VENDA1,900004,,
pzzxr5,LUCIMARA R DE OLIVEIRA,RELAT1,900015,,
mzhr7g,HUMBERTO TORTOSA,COB1,900009,,
kzm53v,ANDREZA CASTRO,CRED2,900011,,
kzn9dd,PATRICIA DA SILVA NOVAES NEW P,CAC1,900007,,
fz6v5c,VALERIA MENDES MAGALHAES,VENDA1,900004,,
pzggf3,FRANCISCO ALBERTO L. MACHADO,VENDA1,900004,,
wzv9hz,MARCELO VILLANOVA NEW P,VENDA1,900004,,
lzd4bp,MARCOS ROBERT TEIXIERA,VENDA1,900004,,
rzlyr3,GILMAR MARTINS,VENDA1,900004,,
qz4msz,EDILSON REIS,VENDA1,900004,,
nzrgmb,MARCELO LIMA NEW P,VENDA1,900004,,
xzw3mz,RAFAEL ESPERANDIO,STS2,900016,,
zz12t1,MARCOS DA SILVA FERREIRA,VENDA1,900004,,
LZX6B4,JOAO LUIZ FERNANDES,VENDA1,900004,,
WZ3JRZ,PAULO NEVES,ATD1,900007,,
JZ2WB3,LUCENILDO ANDRADE,CRED2,900011,,
WZVCXC,SERGIO RAZUGA,PGTO1,900014,,
DZK2ZT,TAIS BEZERRA,CRED1,900011,,
DZGVZM,EDINA L S GUIMARAES,VENDA1,900004,,
KZGYSQ,ANDREIA FERREIRA NEW P,VENDA1,900004,,
GZ5H32,SILVANA PASSOS ALMEIDA OLIVEIR,CRED1,900011,,
fz2k4l,RENAIR VANESSA FERREIRA,COB1,900009,,
CZ2FQQ,THIAGO RIBEIRO,RREG,900012,,
ZZSM7K,RITA SANCHEZ,VENDA1,900004,,
KZTY7R,LEANDRO BRAGA,VENDA1,900004,,
rzpr6h,RENATO LEITE ANDRIOLA,CRED1,900011,,
gzqmn6,JARBAS BORGES CARNEIRO JR,VENDA1,900004,,
fz4y3f,FERNANDA VASCONCELLOS NEW P,CAC1,900007,,
nzgbgk,BERNADETE DE LOURDES TINOCO,CAC3,900007,,
dzt5lr,PAULO R. ROMERO,STS2,900016,,
vzdyx8,MARCO TULIO SILVA,VENDA1,900004,,
tzqljs,VINICIUS CABRAL BRITO NEW D,CRED2,900011,,
zz6ypz,MARILEI RODRIGUES NEW P,VENDA1,900004,,
zzy2yd,ROBSON ALVES FIRMINO,VENDA1,900004,,
dz4gt9,EDSON NOBREGA,CAC1,900007,,
hztds1,ERICA DE MOURA,CRED1,900011,,
gzv2cr,REGIANE HELD,PGTO1,900014,,
XZXM5F,MARCIO PESSOA,VENDA1,900004,,
czjgcm,RICARDO SOARES NASCIMENTO,CRED1,900011,,
gzplvf,ALAN ROBSON SANTOS LOPES,CAC1,900007,,
pz6gw9,JANAINA NOBREGA ALVES,CAC1,900007,,
dz7hny,DANILO NOVAES DA LUZ,VENDA1,900004,,
JZZPK7,KAYME ARGES FERNANDES,VENDA1,900004,,
vz42r5,BARTOLOMEU DE SOUZA CERQUEIRA ,VENDA1,900004,,
jz1t6s,KARINA SAYURI OGATA,PGTO1,900014,,
ZZP3X8,ADRIANO.SILVA,VENDA1,900004,,
ZZVP36,ADRIANO BORGES DE LIMA ,CAC2,900007,,
FZXY5G,JOSÉ ROBERTO BOZIO,VENDA1,900004,,
SZ2VQJ,FERNANDA CRISTINA REIS ,VENDA3,900004,,
GZQD9U,CINTHIA NAKATA,COMP,900012,,
WZCP95,VINICIUS PUBLIO NEW P,RELAT1,900015,,
tzrzbh,ADILSON MARTINS MACEDO,VENDA4,900004,,
dzhn7h,DANIELE BELASCO RODRIGUES SILV,CAC1,900007,,
PZNWC3,CRISTIANE FIRMIANO NEW P,VENDA1,900004,,
TZT1G3,MONICA RANDES V NASCIMENTO,ATD2,900007,,
azauif,SAMIRA LOBO AURELIANO NEW P,CAC1,900007,,
vzlj9x,IARA ISABEL FONSECA SANT'ANA,CAC1,900007,,
yz8xgq,JOSIANE SILVA DE ARAUJO NEW P,VENDA1,900004,,
PZ559R,LUCAS DENILLO PEREIRA,CAC1,900007,,
ez8q67,LORAINE REGUERA BOIAGO,COMP,900012,,
nzmkms,JESSICA CARVALHO DA S RIBEIRO,CAC2,900007,,
FZRLJL,ALINE APARECIDA MUNIZ SANTANA,CAC2,900007,,
azrn22,MARIANA OLIVEIRA MARTINI LODI,ATD1,900007,,
yz8c2n,VANESSA COSTA S SILVA NEW P,CAC2,900007,,
vzzigs,VANESSA MODESTO DOS SANTOS,CAC2,900007,,
XZBNJS,LARISSA DELGADO,CTB1,900010,,
IZKPSW,EGLE BORGES DE ARAUJO,ATD1,900007,,
qzssrg,BARBARA LUCIA ARAUJO DOS SANTO,CAC3,900007,,
MZIF57,RICARDO MAZZONI CURY,VENDA3,900004,,
GZPB4Q,ANA DEJER R RODRIGUES MOLEIRO,CAC1,900007,,
JZB1G3,SILMARA ROSANA DE OLIVEIRA,ATD2,900007,,
nzfgq9,LORRAYNE GODOY SILVA,CAC3,900007,,
FZS6L2,RENATO ROSA,SUPGER,900013,,
GZZCSU,JEAN MICHEL DE FRANCA,VENDA2,900004,,
YZC9LL,FERNANDA LEITE SANCHES,VENDA2,900004,,
HZ2JMA,LAURA ROCHA,CTB1,900010,,
IZNM8F,SHEYLA PEREIRA NEW P,VENDA2,900004,,
LZHFEG,THAIS VIANA,PGTO1,900014,,
HZYQK4,ROBERTA AVELINO ARRUDA ANDRADE,CAC1,900007,,
CZ6F4Z,ANA LUCIA  FREIRE SILVA,CAC2,900007,,
kz4x2z,SONIA MAYER,CAC1,900007,,
VZ5IHX,CRISTINA BARROS SALLAS,CAC1,900007,,
SZVM7T,MARCO AZEVEDO,RELAT1,900015,,
AZ4AXD,DARLAN DOS SANTOS HILARIO,CAC1,900007,,
GZ6P7R,NICHOLAS CARVALHO,RELAT1,900015,,
ZZ7DBL,PEDRO AVELINO NEW P,RELAT1,900015,,
LZ9H86,CLAUDIA CRISTINA DE ARAÚJO SAN,CAC3,900007,,
IZYYV4,KARINE SILVA MACHADO,CAC1,900007,,
GZ6F8X,DANIELE GONÇALVES LIMA,CAC3,900007,,
TZN7PU,JULIANA MARIA DE SOUZA,CAC2,900007,,
QZ4KCN,PALOMA SILVA MORAIS,CAC2,900007,,
YZH9P8,BIANCA CARACA,CAC1,900007,,
LZWB3C,EDNA MOURA,COB2,900009,,
MZTC56,LARISSA DE MACENA LIMA,CAC1,900007,,
IXOZ3G,MAYNA RUIZ,RREG,900012,,
GZ547G,ROBSON JORGE SANCHES BALLIEGO,BKOF2,900008,,
XZCBZB,ALANA AMORIM ALVES DA SILVA,BKOF3,900008,,
GZ49ZK,TATIANA TAKAHASHI,PGTO2,900014,,
IZGU5F,JANAINA FELICIO,CAC2,900007,,
TX3SRT,LETICIA GIMENES,VENDA1,900004,,
CZLT7J,CYNTHIA YGUEI,COMP,900012,,
FZ2GBK,VICTORIA PUJATTI,SUPGER,900013,,
XXVHPS,NATANAEL RIBEIRO DOS SANTOS,BKOF2,900008,,
MZ9SFU,GIOVANNA COSTA,CAC2,900007,,
ZZBFAY,ALINE DE SOUSA NEW D,CAC2,900007,,
WZWBX5,HELLEN SILVEIRA,CAC2,900007,,
SZNIQP,CIBELE SANTIAGO,CAC2,900007,,
XX4XFO,MARCELA SILVA,COB2,900009,,
CZXXJB,MICHELE DA SILVA,CAC2,900007,,
QZTWS8,PAMELA ALVES,CAC2,900007,,
SZ4TWR,CRISTIANE DOS SANTOS,CAC2,900007,,
AZHAUA,JOYCE DO CARMO,CAC2,900007,,
VZQEJF,ANA AMORIM,CAC2,900007,,
DZPCRF,DANIEL MARCELINO,CAC2,900007,,
JZ7WFB,REGIANY OLIVEIRA NEW D,CAC2,900007,,
QZ8WY7,THAYNA DOS SANTOS,CAC2,900007,,
VZDX9V,DANIELA DA SILVA,CAC2,900007,,
ZZ4PBN,ELIETE ZANOLINI NEW P,CAC1,900007,,
BZ7SSN,STEFANIE VIGATTI,CRED2,900011,,
YZPRI3,DANIEL PAULA,RELAT1,900015,,
IXYKIG,PABLO MOURA NEW P,VENDA1,900004,,
PZ5AL2,ILSA TERTULIANO BARBOSA NEW D,BKOF3,900008,,
IZ8BBY,THAMIRIS OLIVEIRA,CAC2,900007,,
OXHE3J,CAIQUE PALMA,VENDA1,900004,,
SZV2VT,FERNANDA FERREIRA,CAC2,900007,,
QZM1EA,GISLAINE CARLA XAVIER DE OLIVE,BKOF1,900008,,
JXUPE3,ROSANGELA DA CONCEIÇÃO JANIAK,BKOF3,900008,,
XZYNN2,CAROLINE DE CARVALHO,CAC2,900007,,
CZP6AH,MOISES ARAUJO CAMPOS,CAC1,900007,,
JX8CMD,KARINE LIBORIO NEW P,RELAT1,900015,,
YX27DA,MARCOS VIOLA NEW P,COB1,900009,,
XZHK9U,DIOGO PALADINO,CAC2,900007,,
AXV5EK,CHRISANNE WATANABE,CAC2,900007,,
GX9X2B,FELIPE PASSOS NEW P,VENDA1,900004,,
ZZQ7KV,ANDRESSA BRAZ,CAC2,900007,,
MZRCG9,ELIANE DA SILVA,CAC2,900007,,
RXGE74,DÉBORA FERRARI,CAC2,900007,,
IXZ7W8,TAYANE SANTOS,CAC2,900007,,
PX6YFB,FRANCISCO NETO,CAC2,900007,,
VXGT24,LARISSA SOBRINHO NEW D,CAC2,900007,,
BXW5FK,ELIANA GARCIA,CAC2,900007,,
HXY2VJ,BIANCA LESNOK,CAC2,900007,,
TXEWUZ,DAIANE GALINANES,CAC2,900007,,
ZX2AKM,NATHALIA ALEM,CAC2,900007,,
MX3WK5,WESLLEY ROMAO NEW D,CAC3,900007,,
YX6KWV,LARISSA RIBEIRO,CAC2,900007,,
ZXX4AW,LUNA LIMA,CAC3,900007,,
VX9NTM,ANA ARDINGHI,CAC2,900007,,
EZC2WH,HELLEN OLIVEIRA,VENDA1,900004,,
DX8KYN,GABRIELA MONTEZEL,PGTO1,900014,,
ZXFPFU,MARCELA MARQUES,CAC2,900007,,
YX5A9I,VALERIA DAMASO,CAC2,900007,,
WXWPXL,MICHEL SOLDATI,RELAT1,900015,,
NX1UNE,VICTOR NAVARRO,RELAT1,900015,,
KX2SGN,JOSE OLIVEIRA,VENDA2,900004,,
AXYB3E,HEINRICH MOTTA,VENDA4,900004,,
HXHT95,MARCEL MANZOTTI,RELAT1,900015,,
NX7AZT,VITORIA AQUINO,CAC2,900007,,
WXFJEW,RODRIGO BATISTA,CAC2,900007,,
UXYTSP,ROBERTA OLIVEIRA,CAC2,900007,,
UZ8GHI,JAQUELINE DA SILVA,CAC2,900007,,
YX4NA9,CARLA MOREIRA,CAC2,900007,,
UXUCSX,FLORA ANISIO NEW D,CAC2,900007,,
NXHZYX,FERNANDA DE SOUZA,CAC2,900007,,
RZHZS8,FERNANDA LOURENCO,CAC2,900007,,
SXHABU,BRUNO GAIA,CAC2,900007,,
XXA6WW,LAURA SOUZA DYN R,CAC2,900007,,
IXW7C5,PAMELLA AMORIM,CAC2,900007,,
BXHITV,ALINE TANIGUTI,CAC2,900007,,
GZF93P,CINTIA ALMEIDA,CAC2,900007,,
YX5M2V,YNGRID CANAPI,CAC2,900007,,
MZH6HS,VITOR OLIVEIRA,BKOF1,900008,,
XZ4E22,PAOLA MATSURO NEW P,RELAT1,900015,,
KZX518,RAFAEL FERREIRA,CAC2,900007,,
JZ6W6L,KELLY MONTEIRO,CAC2,900007,,
TZJKLZ,ELIANE BARBOSA,CAC2,900007,,
QZKWR6,GABRIEL PASSOS,CAC2,900007,,
JX92UV,KAMELLY DE OLIVEIRA,CAC2,900007,,
UZB6SD,LAIS CARVALHO NEW D,CAC2,900007,,
LX8V5I,FERNANDA DE LIMA NEW D,CAC2,900007,,
KZML4B,VANESSA DA SILVA,CAC2,900007,,
SZ3YY7,JOE ALCANTARA,RELAT1,900015,,
WX5E5O,ELISANGELA SOUZA,ADMGRU,900006,,
FXY2GX,MARIO BARBOSA,BKOF1,900008,,
GZ8JLV,WILLIAN DE SOUZA,BKOF2,900008,,
MZEWFH,WILLIAN DIAS,CAC1,900007,,
HZ49WB,SABRINA DELORTO,COMP,900012,,
EX9ABC,EDILENE DUARTE,CAC2,900007,,
NXUDLP,JOANA DA SILVA,CAC2,900007,,
JX6R4X,LETICIA DE LIMA NEW D,CAC2,900007,,
QX75NL,THAMARA DE OLIVEIRA,BKOF3,900008,,
HXEHXQ,PAMELA DE MATTOS,BKOF1,900008,,
GXXNX5,ANA LUCIA SOUZA,BKOF1,900008,,
VZQ2G5,MARCELLO DA SILVA,VENDA1,900004,,
LX2BYH,PRISCILLA VALENTINA,CAC1,900007,,
DX1AM8,MARCUS ROCHA,COB1,900009,,
KXHIM4,MONIQUE CARVALHO,CAC2,900007,,
TXMAZU,MARIA CLEIA PAIXAO SILVA,CAC3,900007,,
HXKIKZ,MARCIA FERNANDES,CAC2,900007,,
BZCX29,RAFAELLA DOS SANTOS MOURA,BKOF1,900008,,
OXW1ML,LUCAS LASELVA,RELAT1,900015,,
UXVUFM,VITORIA MARTINS DA SILVA,CAC2,900007,,
KXBVVZ,BRUNA VIEIRA SEVERINO,CAC2,900007,,
XX7GC7,CAROLINE FERREIRA CAVALCANTE,CAC2,900007,,
AXTEQ7,KETHELYN KIMBERLLY E SILVA,CAC2,900007,,
BXZWZV,JONATAS FELIX BARBOSA DE FARIA,CAC2,900007,,
XXW9T4,CAROLINE DE SOUZA JESUS,CAC2,900007,,
BZVKLK,MACOLYN DOS SANTOS,BKOF1,900008,,
RXIJB1,ALEXANDRE DIAS DE ARAUJO NEW P,CAC2,900007,,
JXB7SU,DENISE DA SILVA COUTO,CAC2,900007,,
YXBIMH,MICHELLE SABONARO DE ARA NEW P,CAC2,900007,,
IXX34R,AMANDA ARAUJO FERREIRA NEW P,CAC2,900007,,
CX76RL,CAMILA SILVA SOUSA,CAC2,900007,,
AXU4KY,GABRIELLY AKEMI PENER TAKAYAMA,CAC2,900007,,
SXAFTW,ISRAEL FELICIANO RODRIGUES DE ,CAC2,900007,,
GXZXUJ,LIDIA MARCIANO DA SILVA,CAC2,900007,,
FXYADL,NATALIA DE AMARAL PERES,CAC2,900007,,
TZHGYX,FABIO RIBEIRO,RELAT1,900015,,
AXI5UN,LIDIANE ANTUNES DE SOUSA OLIVE,CAC2,900007,,
JXZ28T,BIANCA MARTINS,COMP,900012,,
SXSLB1,PIETRA SIQUEIRA,CTB1,900010,,
KXK7R3,BIANCA FERREIRA BARBOSA,CAC2,900007,,
QXFZ21,BRUNA DE ARAÚJO SANTOS,CAC3,900007,,
UXINPH,CASSIA CRISTINA DA SILVA NEW D,CAC2,900007,,
ZXR1JI,DEIVILLA DA SILVA SANTOS,CAC2,900007,,
FX5VPY,FLÁVIO HENRIQUE BELARMINO DA S,CAC2,900007,,
YX2HA3,GUILHERME LOPES SILVA NEW D,CAC2,900007,,
XXGDFC,IGOR DE SOUSA ALMEIDA,CAC2,900007,,
HX3ND1,IVONEIDE GODOY DOS SANTOS,CAC2,900007,,
JX3DZ9,JÉSSICA MEDEIROS GINO,CAC2,900007,,
RXDVN4,JULIANA SERRANO GURGUEIRA,CAC2,900007,,
ZXKA95,KAREM CÂNDIDA FERREIRA PINTO,CAC2,900007,,
XXBFY7,MONICA SONESSO,CAC2,900007,,
XZBAIT,PAULO RIBEIRO NEW D,RELAT1,900015,,
RXWF16,WANESSA FRANCISCO DA LUZ,CAC2,900007,,
JXDN85,ALINE DE OLIVEIRA IGLEZIAS,BKOF1,900008,,
CX5TZI,CAROLINE CRISTINA DA SILVA PER,BKOF1,900008,,
JXAL7M,FELIPE DE SOUZA SOARES SIMÕES,BKOF1,900008,,
GXARM3,CAMILA MOURA ISAC,BKOF1,900008,,
EXWVUD,MARCIA ALVES DE MORAIS,BKOF1,900008,,
LX4P2W,NATHAN SILVA,PGTO1,900014,,
XZ7JKL,JULIANA DE FRANCA,CAC1,900007,,
FXYY3Q,RENATA RODRIGUES NEW P,ATD1,900007,,
NX53ZG,BEATRIZ LEITE,ATD1,900007,,
ZXWC9S,FERNANDA VIANA DA SILVA,BKOF1,900008,,
NXMEWI,AMANDA CRISTINA DE ALMEIDA FER,CAC2,900007,,
UXR6EH,BRUNA CANDIDA FERREIRA PINTO C,CAC2,900007,,
MX5ICE,CRISLAINE APARECIDA SANTOS DA ,CAC2,900007,,
XX9PX9,CRISTIANE FERNANDES SILVA BATI,CAC2,900007,,
RXUQK9,ELLEN FERREIRA NEW D,ATD1,900007,,
ZXMFBZ,FERNANDA CANDIAN TELES,CAC2,900007,,
HX8XC7,GEOVANNA CLAUDINA DE OLIVEIRA,CAC2,900007,,
AXFMS8,LARISSA CLAUDINA RODRIGUES DOS,CAC2,900007,,
IXZ2PT,MARCOS ANTONIO G E DE PONTES,CAC2,900007,,
YXXYB4,FABIANE RUBINATI NEW P,RELAT1,900015,,
KXF5RS,ANA SANTOS,ATD1,900007,,
JXSW9N,LETICIA CARDOSO MAYER,CAC2,900007,,
UXXXTA,TAMIRES DA SILVA AGUIAR MOURA,CAC2,900007,,
HX8QK5,FELIPE CAMARGO,CAC2,900007,,
NX4KU1,JOAO VITOR ROCHA GOMES NEW D,CAC2,900007,,
IXSGVP,AYLA DA SILVA CAMARGO,CAC2,900007,,
SXLVQS,JULIANA PAZ DE OLIVEIRA,CAC2,900007,,
GXQD55,LUIZ GUILHERME ROSENO JUSTO,CAC2,900007,,
FX847P,BRENDA SILVA RODRIGUES,CAC2,900007,,
PXQVO6,ANDRE SALLES,RELAT1,900015,,
EXTAEI,VITORIA ALESSANDRA DE OLIVEIRA,BKOF1,900008,,
CXQ6T7,DANILO DE SOUZA TEIXEIRA,BKOF1,900008,,
GZVZI4,DEIVID DENIZ,RELAT1,900015,,
BXVOJL,LUIZ CORREIA,SUPGER,900013,,
JZ4FW1,DAFNE MATTOSO,RELAT1,900015,,
WXUVKR,ANA CAROLINA ARAUJO EVARISTO,BKOF1,900008,,
VXELNL,BEATRIZ CARVALHO ALVAREZ,BKOF1,900008,,
GXEXTD,KELLEN DA SILVA LIMA,BKOF1,900008,,
LXE2J3,JAKELINE FERNANDES SOUZA,BKOF1,900008,,
EXXGD4,GABRIELA SILVA DOS SANTOS,BKOF1,900008,,
IXCMT6,VITOR PEREIRA DOS SANTOS DA SI,BKOF1,900008,,
DXIBEU,JULIA SOUZA SANTOS,BKOF1,900008,,
WX1Q9T,REBECA VITURINO SILVA DE SOUZA,BKOF1,900008,,
DX3DWT,GABRIELA COSTA FREIRE DA SILVA,BKOF1,900008,,
RXHJVP,JHENYFER SIMAO DIAS,BKOF1,900008,,
QX3U17,BIANCA DOS SANTOS SILVA,BKOF1,900008,,
FXH814,KATHLIN EIDE MENDES,BKOF1,900008,,
BXRF7W,SAMANTA MARQUES ,BKOF1,900008,,
QXC3AL,ISABELA LAIR,BKOF1,900008,,
LXRZM4,ALINE NASCIMENTO,BKOF1,900008,,
PXCYKJ,MARISA ROSA DOS SANTOS,BKOF1,900008,,
PXMK8F,AMANDA DE LIMA FERREIRA,BKOF1,900008,,
KXGCDG,SAMARA SANTOS DE ALMEIDA,BKOF1,900008,,
JXQL94,IZABELLI FONTES DE CARVALHO,BKOF1,900008,,
TXKBIE,FELIPE RUFINO DE NORONHA,BKOF1,900008,,
YXRBNE,KAUANE TORRES AMARAL,BKOF1,900008,,
GXD2I1,ROSA DOS SANTOS,BKOF1,900008,,
KXBGTT,CAMILLA SENA PEREIRA,BKOF1,900008,,
NXE3WP,GIULIA ALVES PEREZ,BKOF1,900008,,
QXF53M,TAMIRES LIMA ARAUJO,BKOF1,900008,,
FXYSTU,RAQUEL CARDOSO DA SILVA,BKOF1,900008,,
JX17TY,BEATRIZ ZANCHETTIN LIMA,BKOF1,900008,,
MZTLCY,SHEYLA ROCHA,ATD1,900007,,
HZ1MZN,VALTER MIQUELETO,ATD1,900007,,
XXBT87,LUIZ FELIPE PEREIRA ALCEBIADES,RELAT1,900015,,
QXIKQA,ELKE BATISTA DA SILVA,ATD1,900007,,
AZTCAW,GABRIEL JARDIM,RELAT1,900015,,
QXCQE9,DANILO LOURENCATO,ATD1,900007,,
