﻿CD_Usuario,CD_Funcao,CD_Grupo_Usuario,Descrição,CD_Ponto_Venda,NM_Usuario,CPF_CNPJ,DT_Nascimento,e-mail
SXXNVL,VENEX5,900003,VENDAS PROPRIET CONG (EXTERNO),374,ANTONIO LAILSON REZENDE SANTOS,04229266553,22/01/51,lrsconsorciogmac@terra.com.br
TX5JA2,VENEX2,900001,VENDAS VENDEDORES (EXTERNO),423,João Fernandes Quessada,20492138834,01/07/51,quessada@mocovel.com.br
HXWF36,VENEX2,900001,VENDAS VENDEDORES (EXTERNO),,JOSE CANTARELLO,43883699853,01/04/52,cantarelo@ouricar.com.br
VXP9XK,VENEX2,900001,VENDAS VENDEDORES (EXTERNO),251,GILBERTO FELIX COELHO,16240456691,15/01/53,gfcoelho221@outlook.com.br
DXE450,VENEX5,900003,VENDAS PROPRIET CONG (EXTERNO),279,JOSé LUCIANO ALVES VIEIRA,11312033304,26/01/54,lucianovieiragm@hotmail.com
GXJUKQ,VENEX2,900001,VENDAS VENDEDORES (EXTERNO),588,MARCOS ANTONIO FONSECA ALBUQUERQUE,36983152468,02/01/56,marcos.albuquerque@terrasal.com.br
YXERF3,VENEX2,900001,VENDAS VENDEDORES (EXTERNO),251,Ricardo Wagner Teixeira Reis,21670048691,06/11/56,rwtreis221@outlook.com.br
WXCPSE,VENEX4,900002,VENDAS GER FILIAL (EXTERNO),286,ANTENOR BARION FILHO,01996756869,14/11/56,gerencia.gm@graibitinga.com.br
FXPZZV,VENEX2,900001,VENDAS VENDEDORES (EXTERNO),445,ROBERTO GUELFI,75621339800,31/01/57,roberto@grupodronne.com.br
IX03YW,VENEX2,900001,VENDAS VENDEDORES (EXTERNO),279,JONAS DE SOUZA GUIMAS,07544502287,07/02/57,jonas.consorcio@gmail.com
MX3KJM,VENEX2,900001,VENDAS VENDEDORES (EXTERNO),251,ELIANA FRANCISCA VIEIRA DA SILVA,60588373753,09/04/57,efvsilva221@outlook.com.br
TXG6PH,VENEX4,900002,VENDAS GER FILIAL (EXTERNO),54,APARECIDA DONIZETE FRANCISCO,18096246810,26/05/57,pardal@proeste.com.br
TXM11S,VENEX2,900001,VENDAS VENDEDORES (EXTERNO),251,MARIA DA CONCEICAO,39852156691,25/12/57,mcjhenriq221@outlook.com.br
GXAK70,VENEX2,900001,VENDAS VENDEDORES (EXTERNO),251,EDENISE DE SOUSA PEREIRA,07253770200,24/03/58,espereira221@outlook.com.br
KXSZZM,VENEX4,900002,VENDAS GER FILIAL (EXTERNO),382,MARIA DAS GRACAS DE SOUZA CUNHA,15802191520,03/06/59,gracacunha@globo.com
LXCS78,VENEX2,900001,VENDAS VENDEDORES (EXTERNO),251,Gleuber Gonçalo Coelho,39966259600,03/03/61,ggcoelho221@outlook.com.br
IXIEW2,VENEX2,900001,VENDAS VENDEDORES (EXTERNO),228,FRANCISCO SANTORO,39130177987,08/03/61,francisco@divisaveiculos.com.br
UXMZMA,VENEX2,900001,VENDAS VENDEDORES (EXTERNO),251,MARIVALDO ARRUDA SPOSITO,42052661620,05/06/61,masposito221@outlook.com.br
KXI6AJ,VENEX2,900001,VENDAS VENDEDORES (EXTERNO),77,ARNALDO RENOVATO DOS PRAZERES,28414284434,02/07/61,arnaldorenovato@hotmail.com
DX1V3C,VENEX2,900001,VENDAS VENDEDORES (EXTERNO),251,ADAO REINALDO GOMES FERREIRA,40384373615,08/07/61,argomesferreira221@outlook.com.br
QXUJ62,VENEX2,900001,VENDAS VENDEDORES (EXTERNO),251,LEIA MACIEL AMADOR,04312744602,26/09/61,lmacieldor221@outlook.com.br
UXHZZM,VENEX2,900001,VENDAS VENDEDORES (EXTERNO),284,HUMBERTINA DOS SANTOS BORBA,21964858534,03/11/61,belborba1@gmail.com
IXBXRT,VENEX4,900002,VENDAS GER FILIAL (EXTERNO),74,JOSE ANTONIO GARCIA SANTOS,03890761801,29/05/62,jose.garcia@grupoautomec.com.br
UXXZT0,VENEX2,900001,VENDAS VENDEDORES (EXTERNO),251,HAMILTON FERNANDES DE OLIVEIRA,50682814687,04/07/62,holiveira221@outlook.com.br
UX0LQV,VENEX2,900001,VENDAS VENDEDORES (EXTERNO),545,VERA LUCIA VERDELHO,05633847865,01/09/62,vera@safiraveiculos.com
TXACEK,VENEX4,900002,VENDAS GER FILIAL (EXTERNO),151,JORGE CERQUEIRA SANTOS,29544289534,03/09/62,cerqueiragm@bol.com.br
AXP9NS,VENEX4,900002,VENDAS GER FILIAL (EXTERNO),496,GILMAR ANTONIO POLETTI,43388264015,08/12/62,financiamentos@pretto.com.br
EXUF9F,VENEX4,900002,VENDAS GER FILIAL (EXTERNO),42,Luzinete Curvo Paz,29374049104,07/01/63,luzinete@asemotors.com.br
LXXZKV,VENEX2,900001,VENDAS VENDEDORES (EXTERNO),251,Lafaiete Andrade Lima,52461785600,09/01/63,lalima221@outlook.com.br
MX6LNC,VENEX2,900001,VENDAS VENDEDORES (EXTERNO),173,AILTON MANOEL DA SILVA,02957616874,11/04/63,ailton@civesa.com.br
ZXDWCR,VENEX2,900001,VENDAS VENDEDORES (EXTERNO),145,DANIEL RUTHES,50438557972,09/11/63,DANIEL.RUTHES@CCV.COM.BR
TX9K78,VENEX2,900001,VENDAS VENDEDORES (EXTERNO),368,Ricardo Guilherme Fernandes Porto,43606300697,24/11/63,ricardo.porto@totalchevrolet.com.br
BXPLK5,VENEX2,900001,VENDAS VENDEDORES (EXTERNO),77,DJALMA PEREIRA,31917410468,22/02/64,djalma.64@hotmail.com
MXPQA4,VENEX2,900001,VENDAS VENDEDORES (EXTERNO),486,IVAN CARLOS NUNES KRULI,41278747915,25/02/64,ivankruli@hotmail.com
ZXGBPN,VENEX2,900001,VENDAS VENDEDORES (EXTERNO),17,SILVIO NEGRÃO DA SILVA,48881295920,17/03/64,"silvio,pg@cipauto.com.br"
UX6SPM,VENEX2,900001,VENDAS VENDEDORES (EXTERNO),251,NADJANE MARIA DE MELO RODRIGUES,40204545404,12/06/64,nmmrodrig221@outlook.com.br
YXV4VI,VENEX4,900002,VENDAS GER FILIAL (EXTERNO),212,MARCO ANTONIO HARTMANN,41450906087,21/06/64,marco.hartmann@drsulveiculos.com.br
EXTDFJ,VENEX5,900003,VENDAS PROPRIET CONG (EXTERNO),518,REGINA REZENDE DOS SANTOS,05939705863,01/08/64,regina@consorcioautochevrolet.com.br 
TXFYLX,VENEX2,900001,VENDAS VENDEDORES (EXTERNO),284,MANOEL DA ANUNCIAÇÃO SALES,33776725591,15/03/65,manoelsalesconsorcio@gmail.com
IXLYK0,VENEX4,900002,VENDAS GER FILIAL (EXTERNO),97,RENATO TOSTA BORGES,51734095687,22/03/65,RENATO.T@BENNESBY.COM.BR
VXMK5I,VENEX2,900001,VENDAS VENDEDORES (EXTERNO),17,Everson de Matos,56603479915,11/05/65,everson.pg@cipauto.com.br
KXSD66,VENEX2,900001,VENDAS VENDEDORES (EXTERNO),279,MARCONDES AURÉLIO SILVA,41505743400,16/07/65,marcondesas123@gmail.com
PXQ9DY,VENEX2,900001,VENDAS VENDEDORES (EXTERNO),531,Luis Carlos Miura,07567612801,26/07/65,luis.miura@ritmosp.com.br
WXDFWG,VENEX2,900001,VENDAS VENDEDORES (EXTERNO),284,KLEBER SOUZA SANTOS,45794308591,03/09/66,kleber.1sousa@gmail.com
GX3XU7,VENEX2,900001,VENDAS VENDEDORES (EXTERNO),251,JANILSON BARBOSA VIEIRA,80133193420,06/09/66,jbvieira221@outlook.com.br
PXZRPM,VENEX2,900001,VENDAS VENDEDORES (EXTERNO),65,Claudia Regina Medeiros,09914673880,19/11/66,claudia@velmax.com.br
UX2XPV,VENEX2,900001,VENDAS VENDEDORES (EXTERNO),251,SALETE MENDES LEITE,47255439420,25/11/66,smleite221@outlook.com.br
IX4BH5,VENEX2,900001,VENDAS VENDEDORES (EXTERNO),17,ROSÂNGELA RODRIGUES,63552060944,25/01/67,rosangela.rodrigues@cipauto.com.br
ZXTI4J,VENEX2,900001,VENDAS VENDEDORES (EXTERNO),284,JUCELIA COSTA MACHADO,41506731520,07/04/67,jcmgil@bol.com.br
KXYK0C,VENEX2,900001,VENDAS VENDEDORES (EXTERNO),671,MARA LUCIA PEREIRA,60194863972,17/07/67,"mara.lucia@zacarias.com.br	"
VXX37G,VENEX2,900001,VENDAS VENDEDORES (EXTERNO),65,JOUBERT AMÉRICO DE JEZUS,08901249812,16/01/68,vendasdiretas.tatui@velmax.com.br
IXPME6,VENEX2,900001,VENDAS VENDEDORES (EXTERNO),173,Monica Adriana Bellan,11539287874,26/01/68,vendas1.rc@civesa.com.br
EXBUWW,VENEX5,900003,VENDAS PROPRIET CONG (EXTERNO),641,CLAUDIO QUEVEDO,37488236068,16/02/68,crrquevedo@hotmail.com
PXN5M4,VENEX5,900003,VENDAS PROPRIET CONG (EXTERNO),518,RUBENS CESAR AGAPITO DOS SANTOS,05763361814,21/02/68,rubens@consorcionacionalfiat.com.br
DX9DVE,VENEX2,900001,VENDAS VENDEDORES (EXTERNO),251,SERGIO DE ALBUQUERQUE PESSOA,65846311415,28/06/68,sapessoa221@outlook.com.br
DXK65D,VENEX2,900001,VENDAS VENDEDORES (EXTERNO),124,PAULO CESAR MARQUES ALENCAR,39406075334,13/07/68,pcmallencar721@gmail.com
XXYRSX,VENEX2,900001,VENDAS VENDEDORES (EXTERNO),486,ORLANDO ARANEGA DA COSTA,67040764920,11/09/68,orlando@pontalchevrolet.com.br
XX12G5,VENEX2,900001,VENDAS VENDEDORES (EXTERNO),453,Hélvia Teixeira Rosa,74939858634,12/11/68,helvia@gruponovorumo.com.br
IXFZD0,VENEX2,900001,VENDAS VENDEDORES (EXTERNO),671,Tânia Cristina Soares,67596290949,25/03/69,"tania.soares@zacarias.com.br	"
HXDD0V,VENEX4,900002,VENDAS GER FILIAL (EXTERNO),423,JOSE CARLOS DIAS,10813134803,25/04/69,jcarlos.dias@mocovel.com.br
GXN3JB,VENEX2,900001,VENDAS VENDEDORES (EXTERNO),498,VANIA GOMES DA SILVA,11841250821,21/05/69,vgomes@primarca.com.br
JXD7HT,VENEX2,900001,VENDAS VENDEDORES (EXTERNO),98,GEDSON BIAZZINI,07432277869,09/06/69,gedson@berauto.com.br 
UXSSR9,VENEX2,900001,VENDAS VENDEDORES (EXTERNO),251,NAYARA SEIXAS BATISTA,85409766687,12/07/69,nsbatista221@outlook.com.br
JXSZ03,VENEX4,900002,VENDAS GER FILIAL (EXTERNO),588,ILKA MARIA PEREIRA SENA VALENTE,67307906449,14/07/69,ilka.valente@terrasal.com.br
NXCTFB,VENEX2,900001,VENDAS VENDEDORES (EXTERNO),251,Claudio Eurico de Paula,77296117672,18/07/69,cepaula221@outlook.com.br
QX4WPN,VENEX2,900001,VENDAS VENDEDORES (EXTERNO),22,CECILIA DE OLIVEIRA CAMPOS,12307140816,23/07/69,ceciliacampos@cotac.com.br
LXP4MR,VENEX2,900001,VENDAS VENDEDORES (EXTERNO),77,JOSE CEZARIO DA SILVA,68481675415,22/02/71,cezarioidg@gmail.com
LXQD8E,VENEX2,900001,VENDAS VENDEDORES (EXTERNO),641,Cristiano Marcos da Rosa,73644560900,26/03/71,cristiano.rosa@uvel.com.br
BX95RN,VENEX2,900001,VENDAS VENDEDORES (EXTERNO),251,ANDREA CRISTINE GOMES DA SILVA,70655324453,01/11/71,acgsilva221@outlook.com.br
ZXKE6X,VENEX2,900001,VENDAS VENDEDORES (EXTERNO),284,MARCELO LEONCIO SILVA LOPES,83103953534,02/01/72,consorciogb@grandebahia.com.br
SXF0ZT,VENEX4,900002,VENDAS GER FILIAL (EXTERNO),284,ANA PAULA PORTELA BONFIM,66894387591,02/01/72,consorciogb@grandebahia.com.br
WXTB1R,VENEX2,900001,VENDAS VENDEDORES (EXTERNO),15,LEANDRO CARDOSO BALIZA,03296846719,27/01/72,leandro@linvest.com.br
YXWSG6,VENEX2,900001,VENDAS VENDEDORES (EXTERNO),65,Patrícia Dante,15571046899,26/03/72,financiamento.tatui@velmax.com.br
RXGEEY,VENEX2,900001,VENDAS VENDEDORES (EXTERNO),279,ROSIVALDO OLIVEIRA DOS SANTOS,29357446249,27/03/72,ROSIVALDO.AGENTEAUTORIZADO.NET@GMAIL.COM
CX89V7,VENEX2,900001,VENDAS VENDEDORES (EXTERNO),98,RENATO RODRIGUES DE SOUZA,11041225881,26/04/72,renato@berauto.com.br
GXYAAF,VENEX2,900001,VENDAS VENDEDORES (EXTERNO),368,GERALDO MIGUEL BESSA,96303530672,17/05/72,miguel.bessa@grupolider.com.br
XXC2Z5,VENEX2,900001,VENDAS VENDEDORES (EXTERNO),251,Elisson Andre Lima,89633830672,18/07/72,ealima221@outlook.com.br
AXF0U6,VENEX2,900001,VENDAS VENDEDORES (EXTERNO),671,FABIO VASCONCELOS,69608598915,19/07/72,financiamento.cm@zacarias.com.br
IXMCA4,VENEX4,900002,VENDAS GER FILIAL (EXTERNO),496,LEANDRO NALIN DE OLIVEIRA,54867223034,21/01/73,financiamentos.np@pretto.com.br
ZXYVHL,VENEX2,900001,VENDAS VENDEDORES (EXTERNO),251,SANDERSON DA MOTA VIEIRA,85628077453,25/01/73,smvieira221@outlook.com.br
ZXYMTB,VENEX2,900001,VENDAS VENDEDORES (EXTERNO),229,IVANIR DIEDRICH,85204277900,28/04/73,vendas17@dmauto.com.br
ZX0N8T,VENEX5,900003,VENDAS PROPRIET CONG (EXTERNO),445,Benedito André dos Santos,25778794827,27/06/73,benedito.santos@basconsorcios.com.br
AXIGEN,VENEX4,900002,VENDAS GER FILIAL (EXTERNO),237,MICHELLY ELIZA CARNEIRO GUALTER,40355845253,18/07/73,michelly@rionortegm.com.br
AXUFX2,VENEX2,900001,VENDAS VENDEDORES (EXTERNO),551,Rejane Fritzsche,86757610906,23/08/73,vendas.diretas@santaclarachevrolet.com.br
TXB96I,VENEX2,900001,VENDAS VENDEDORES (EXTERNO),145,Goreti Maria Nascimento dos Santos Domingos,26811595809,25/01/74,goreti.domingos@ccv.com.br
IXR6JG,VENEX4,900002,VENDAS GER FILIAL (EXTERNO),279,RONILDO BATISTA DO NASCIMENTO,76203050172,27/01/74,ronildo.globoconsorcio@gmail.com
VXQHEV,VENEX2,900001,VENDAS VENDEDORES (EXTERNO),251,MARCIO RODRIGUES DE PAULA,07914599697,21/02/74,mrpaula221@outlook.com.br
NXLARP,VENEX2,900001,VENDAS VENDEDORES (EXTERNO),235,Karen Ferreira Sales,17601693821,28/02/74,karen.sales@dutraveiculos.com.br
RXQKD9,VENEX2,900001,VENDAS VENDEDORES (EXTERNO),124,CLAUDIA FREITAS DOS SANTOS,48205095353,04/03/74,claudiafreitas@canadaveiculos.com.br
PX8ZRK,VENEX4,900002,VENDAS GER FILIAL (EXTERNO),287,Ana João Oliveira Abreu Sá Lemos,74088785568,15/05/74,vendas@grio.com.br
IX5NQS,VENEX2,900001,VENDAS VENDEDORES (EXTERNO),251,WALLACY MACFERLANY GOMES LOPES,97409014687,19/06/74,wmglopes221@outlook.com.br
NXB96Q,VENEX2,900001,VENDAS VENDEDORES (EXTERNO),394,Mary de Santana,96325267672,01/07/74,mary.santana@grupocacel.com.br
CX694Q,VENEX2,900001,VENDAS VENDEDORES (EXTERNO),98,RENATA AUGUSTA TOMAZ BIAZZINI,14179917807,29/09/74,reautomaz@berauto.com.br
EXX2W7,VENEX2,900001,VENDAS VENDEDORES (EXTERNO),251,RENATO GONZAGA FERREIRA,00150570627,02/11/74,rgferreir221@outlook.com.br
#N/A,VENEX2,900001,VENDAS VENDEDORES (EXTERNO),97,#N/A,00829222251,04/11/74,RENATA.W@BENNESBY.COM.BR
PXKSTE,VENEX2,900001,VENDAS VENDEDORES (EXTERNO),97,RENATA WERNECK GUIMARAES,02594850632,04/11/74,RENATA.W@BENNESBY.COM.BR
AXGY75,VENEX2,900001,VENDAS VENDEDORES (EXTERNO),486,MARCIO OREJANA,02701862981,24/12/74,marcio.orejana@pontalchevrolet.com.br
IX4T51,VENEX2,900001,VENDAS VENDEDORES (EXTERNO),617,KATIA CRISTIANE GONCALVES DE OLIVEIRA,91059550504,03/01/75,katia.cristiane@topvelveiculos.com.br
TXUM2K,VENEX2,900001,VENDAS VENDEDORES (EXTERNO),17,LUCILENE OLIVEIRA NASSAR,86490672987,06/01/75,lucilene.pg@cipauto.com.br
LX2WWG,VENEX2,900001,VENDAS VENDEDORES (EXTERNO),577,Patricia da Silva Langer,72447206020,09/01/75,patricia.langer@simpala.com.br
WX1KX1,VENEX2,900001,VENDAS VENDEDORES (EXTERNO),251,ALEXANDRO FERREIRA DOURADO,88716333420,15/01/75,afdourado221@outlook.com.br
PX5ABC,VENEX2,900001,VENDAS VENDEDORES (EXTERNO),98,Alessandra Morais,15673102810,03/02/75,alessandra@berauto.com.br
BXAP6U,VENEX2,900001,VENDAS VENDEDORES (EXTERNO),124,DENNISE NASCIMENTO NEPOMUCENO,75725312372,03/04/75,dennisenepomuceno@canadaveiculos.com.br
AXVFWB,VENEX2,900001,VENDAS VENDEDORES (EXTERNO),251,ADILSON JOSÉ TOMAZ,00951891650,01/05/75,asmorais221@outlook.com.br
KXIP9X,VENEX2,900001,VENDAS VENDEDORES (EXTERNO),486,HELCIO ROBERTO MATOS GONCALVES,01944971947,24/06/75,helcio@pontalchevrolet.com.br
BX4I32,VENEX2,900001,VENDAS VENDEDORES (EXTERNO),17,LEANDRO MOREIRA BAINY,65216679049,02/07/75,leandro.bainy@cipauto.com.br
UXDR4S,VENEX2,900001,VENDAS VENDEDORES (EXTERNO),212,Rafaela Suzin,90061020087,16/07/75,comercial.vacaria@drsulveiculos.com.br
IX39LC,VENEX2,900001,VENDAS VENDEDORES (EXTERNO),,Alexssandra Mara Chaves Tiradentes,81151438987,31/07/75,alexssandra.tiradentes@investbankcompany.com.br
DXM3N8,VENEX2,900001,VENDAS VENDEDORES (EXTERNO),65,Viviane de Fátima Lopes,12292199866,12/08/75,adm.tatui@velmax.com.br
MXYNIT,VENEX4,900002,VENDAS GER FILIAL (EXTERNO),237,Marilene da Silva Costa,62757393200,17/08/75,supervisor.consorcio@facilcastanhal.com.br
AXKJFT,VENEX2,900001,VENDAS VENDEDORES (EXTERNO),279,MARCELO JOSE DE OLIVEIRA,61529680387,26/11/75,marceloconsorcios44@gmail.com
BX5HB8,VENEX2,900001,VENDAS VENDEDORES (EXTERNO),284,JEFERSON ANTONIO S. DOS SANTOS,93369808587,29/12/75,jefersonsanave@gmail.com
XXLHHK,VENEX2,900001,VENDAS VENDEDORES (EXTERNO),251,Isaac Cavalcanti De Souza,02514634431,23/01/76,icsouza221@outlook.com.br
KXVHT2,VENEX2,900001,VENDAS VENDEDORES (EXTERNO),17,Fabiane Ferreira,01817621963,27/01/76,fabiane.ferreira@cipauto.com.br
UXR0DF,VENEX2,900001,VENDAS VENDEDORES (EXTERNO),251,Flavio Macedo de Melo,88716937449,08/02/76,fmmello221@outlook.com.br
FXDBE6,VENEX2,900001,VENDAS VENDEDORES (EXTERNO),228,Odair C. Teodoro,01722723947,06/03/76,odair@divisaveiculos.com.br
PXD9BC,VENEX2,900001,VENDAS VENDEDORES (EXTERNO),251,JUCIARA ALVES FERREIRA,03022807660,17/03/76,jaferreir221@outlook.com.br
WXULEI,VENEX2,900001,VENDAS VENDEDORES (EXTERNO),251,SANDRO DA SILVA MEIRELES,94271453668,02/05/76,ssmeirele221@outlook.com.br
PXM4DH,VENEX2,900001,VENDAS VENDEDORES (EXTERNO),124,Giselia Costa da Paixão,86107461353,17/07/76,giseliacosta@canadaveiculos.com.br
GXWL3A,VENEX2,900001,VENDAS VENDEDORES (EXTERNO),48,JOELMA RESENDE DIAS,86238485191,19/07/76,joelma@galileiagm.com.br
AX11VT,VENEX2,900001,VENDAS VENDEDORES (EXTERNO),251,MYLENA CEOLIN ALVES,00537949666,09/08/76,mcalves221@outlook.com.br
FXES7M,VENEX2,900001,VENDAS VENDEDORES (EXTERNO),251,VILMARIA SEVERINO DE LIMA,39328201420,13/08/76,vslima221@outlook.com.br
XXUQ52,VENEX2,900001,VENDAS VENDEDORES (EXTERNO),6,Grasielle F. Coelho,18798168819,25/08/76,grasielle@absolutagm.com.br
NXBUUK,VENEX2,900001,VENDAS VENDEDORES (EXTERNO),251,CLEIDSON GONCALVES AZEVEDO,79296335191,04/09/76,cgazevedo221@outlook.com.br
FX1EBH,VENEX2,900001,VENDAS VENDEDORES (EXTERNO),462,Daniela Tada Puckar,13609169893,01/01/77,cobranca@palazzoveiculos.com.br
DXPLRF,VENEX2,900001,VENDAS VENDEDORES (EXTERNO),17,MICHELLY DE ALMEIDA,02108142924,05/01/77,michelly.pg@cipauto.com.br
GXNSIZ,VENEX4,900002,VENDAS GER FILIAL (EXTERNO),377,KARINA ANDRADE DE PADUA,87592665115,07/01/77,financiamentos@lucivel.com.br
LX5RE9,VENEX2,900001,VENDAS VENDEDORES (EXTERNO),287,Ana Gabriela Muniz Amaral,95041630410,05/02/77,gabriela@grio.com.br
MX4Z1L,VENEX2,900001,VENDAS VENDEDORES (EXTERNO),22,Nelma Macedo dos Anjos,18636794803,24/03/77,nelmaanjos@cotac.com.br
DX5K9X,VENEX2,900001,VENDAS VENDEDORES (EXTERNO),486,OSEIAS PINHEIRO RIBEIRO,24997130893,26/05/77,sampa@pontalchevrolet.com.br
KX8G8C,VENEX2,900001,VENDAS VENDEDORES (EXTERNO),297,SIMONE KNOPKA,00419984992,13/06/77,simone@guarachevrolet.com.br
YXV9GQ,VENEX2,900001,VENDAS VENDEDORES (EXTERNO),124,FRANCISCO DE ASSIS ANDRADE PAIVA,80860680304,04/08/77,assisandrade@canadaveiculos.com.br
GXD7FC,VENEX2,900001,VENDAS VENDEDORES (EXTERNO),575,Karla Felix da Conceicão,03810098744,14/11/77,karla.felix@simcauto.com.br
RXT0NN,VENEX2,900001,VENDAS VENDEDORES (EXTERNO),287,Nilda Costa Barbosa,27035415890,11/12/77,financiamentos@grio.com.br
UXTYVI,VENEX4,900002,VENDAS GER FILIAL (EXTERNO),62,Bruno José Rodrigues da Silva,97265381491,01/02/78,vendascarpina@autobelo.com.br
SXQEFH,VENEX2,900001,VENDAS VENDEDORES (EXTERNO),251,ANGELO MARIO AZEVEDO OLIVEIRA,04499899680,22/02/78,amaolivei221@outlook.com.br
SX59QV,VENEX4,900002,VENDAS GER FILIAL (EXTERNO),284,SILVIANE RODRIGUES DE OLIVEIRA,80045871353,24/02/78,SilvianeOliveira@grandecoreia.com.br
MXYX88,VENEX2,900001,VENDAS VENDEDORES (EXTERNO),251,MARCIO FLAVIO DE CARVALHO,04394017637,12/05/78,mfcarvalh221@outlook.com.br
VXZZPT,VENEX2,900001,VENDAS VENDEDORES (EXTERNO),45,LAUDENI DA SILVA BERNARDO,73520233304,02/06/78,vendas@grupoassiscouras.com.br
TXXVBB,VENEX2,900001,VENDAS VENDEDORES (EXTERNO),251,ANTÔNIO TEIXEIRA MENDES,64734935149,12/06/78,atmendes221@outlook.com.br
BX1Z49,VENEX2,900001,VENDAS VENDEDORES (EXTERNO),671,AIRES ALBANEZ,02395093904,15/06/78,aires.albanez@zacarias.com.br
SXZAVW,VENEX5,900003,VENDAS PROPRIET CONG (EXTERNO),251,ODILON ALVES NETO,03006099656,15/07/78,odilon@federallenegocios.com.br
RXIQFT,VENEX2,900001,VENDAS VENDEDORES (EXTERNO),284,LIANA ASSUNÇÃO DE ANDRADE,79925278368,31/07/78,lyanna29@hotmail.com
IX2N12,VENEX2,900001,VENDAS VENDEDORES (EXTERNO),17,Carlos Eduardo Ferreira Ribas,02507538988,16/08/78,"eduardo,pg@cipauto.com.br"
PXUALL,VENEX2,900001,VENDAS VENDEDORES (EXTERNO),251,GISLENE ALVES DE MELO,70662541120,01/09/78,gialmelo221@outlook.com.br
DX9V6G,VENEX2,900001,VENDAS VENDEDORES (EXTERNO),452,Maria das Graças Rodrigues da Silva,71344632149,01/09/78,mariadasgracas@novorioveiculos.com.br
AXGU2G,VENEX2,900001,VENDAS VENDEDORES (EXTERNO),453,WELITON DE PADUA PEREIRA,04688274637,15/11/78,acessorios.a77@gruponovorumo.com.br
ZXTDNN,VENEX2,900001,VENDAS VENDEDORES (EXTERNO),51,JOSE CARLOS BASSAGLIA JUNIOR,28874054890,08/12/78,junior@grupoatlaschevrolet.com.br
KXWD4N,VENEX2,900001,VENDAS VENDEDORES (EXTERNO),575,Roberta Katharina Fontes,26128120830,13/12/78,roberta.fontes@simcauto.com.br
AXUT1U,VENEX2,900001,VENDAS VENDEDORES (EXTERNO),251,LEONARDO VICTORIANO XAVIER,01347453610,29/12/78,lvxavier221@outlook.com.br
YXKTDI,VENEX2,900001,VENDAS VENDEDORES (EXTERNO),279,André Luiz Vieira Santos,02155863446,22/02/79,andrevieira.79@hotmail.com
EXEHLB,VENEX2,900001,VENDAS VENDEDORES (EXTERNO),588,TICIANNE MAINE DO MONTE MENDES,00813067413,24/03/79,ticiane.mendes@terrasal.com.br
HXIMZA,VENEX2,900001,VENDAS VENDEDORES (EXTERNO),251,ANTONIO NEWTON RODRIGUES DE SOUSA FILHO,91421993104,22/04/79,anrsfilho221@outlook.com.br
RXU5EQ,VENEX4,900002,VENDAS GER FILIAL (EXTERNO),279,SIMONE MARQUES DOS SANTOS,64879089249,27/06/79,simone.vendasbelem@gmail.com
#N/A,VENEX2,900001,VENDAS VENDEDORES (EXTERNO),97,#N/A,02736043251,28/07/79,SAMIRA.O@BENNESBY.COM.BR
AXIYUG,VENEX2,900001,VENDAS VENDEDORES (EXTERNO),97,SAMIRA DA SILVA OZAME,62549596234,28/07/79,SAMIRA.O@BENNESBY.COM.BR
HXC2TB,VENEX2,900001,VENDAS VENDEDORES (EXTERNO),124,TIAGO FERREIRA DE OLIVEIRA,94603090382,19/08/79,tiagoferreira9@yahoo.com.br
CXQ2Z8,VENEX2,900001,VENDAS VENDEDORES (EXTERNO),251,FABIANO LAGE DA COSTA GIORI,01192229657,27/08/79,flcgiori221@outlook.com.br
TXT30U,VENEX2,900001,VENDAS VENDEDORES (EXTERNO),124,FABIO SANTANA MARQUES,85226319304,21/09/79,fabiosantana@alemanhaveiculos.com.br
YXAV6S,VENEX2,900001,VENDAS VENDEDORES (EXTERNO),65,GISELE ARRUDA DE OLIVEIRA CALDINI,28297314847,29/09/79,gisele@velmax.com.br
VXWHKM,VENEX4,900002,VENDAS GER FILIAL (EXTERNO),474,Evania Pompermaier Zeferino,10340496746,05/11/79,negocios.ln@piannaveiculos.com.br
FX2FRW,VENEX2,900001,VENDAS VENDEDORES (EXTERNO),662,Eduardo Souza Justino,27622009890,24/11/79,eduardo.justino@vigorito.com.br
CXUVV7,VENEX2,900001,VENDAS VENDEDORES (EXTERNO),251,ROGERIO CARDOSO FERREIRA BARROS,07076254670,02/01/81,rcfbarros221@outlook.com.br
BXRXPH,VENEX2,900001,VENDAS VENDEDORES (EXTERNO),97,LUCIANA AUGUSTA DE AZEVEDO,09157232717,06/02/81,financiamento.tijuca@bennesby.com.br
ZXQU9Q,VENEX2,900001,VENDAS VENDEDORES (EXTERNO),251,WANESSA LUIZA DE SOUZA MORAIS,01463498659,11/02/81,wlsmorais221@outlook.com.br
HXS7YB,VENEX2,900001,VENDAS VENDEDORES (EXTERNO),251,EDELSON TELES DE SOUZA,90620666153,01/03/81,etsouza221@outlook.com.br
JXUF31,VENEX2,900001,VENDAS VENDEDORES (EXTERNO),662,EDUARDO SANTANA GOMES,30479294836,26/03/81,eduardo.gomes@vigomotors.com.br
YXFU1Q,VENEX4,900002,VENDAS GER FILIAL (EXTERNO),43,FLAVIA DE SOUZA OLIVEIRA,09757788708,14/04/81,financiamento@aspengm.com.br
SXS2WU,VENEX2,900001,VENDAS VENDEDORES (EXTERNO),124,MARCLOGILDO GONÇALVES MENDES,93417012368,13/05/81,marclogildo@canadaveiculos.com.br
WX6AX1,VENEX2,900001,VENDAS VENDEDORES (EXTERNO),617,ELIANA BARBOSA SILVA OLIVEIRA,00133644561,19/05/81,eliana.barbosa@topvelveiculos.com.br
BXPWJ9,VENEX4,900002,VENDAS GER FILIAL (EXTERNO),474,JANETE SOARES MARTINS,08818752790,22/05/81,negocios.sm@piannaveiculos.com.br
QXZU8N,VENEX2,900001,VENDAS VENDEDORES (EXTERNO),228,JULIANO KELLEN DE MELO,00543385906,22/05/81,juliano@divisaveiculos.com.br
CXW4US,VENEX2,900001,VENDAS VENDEDORES (EXTERNO),251,ANDERSON SILVA GAMA,74779613272,25/05/81,asgama221@outlook.com.br
VXG2Q3,VENEX2,900001,VENDAS VENDEDORES (EXTERNO),65,GESILAINE DE MORAES CLAUDINO,20325112827,01/07/81,gesa@velmax.com.br
KXJ2S2,VENEX5,900003,VENDAS PROPRIET CONG (EXTERNO),228,SCHEILA VERONIS RIBEIRO,03954105926,23/07/81,financiamentos@divisaveiculos.com.br
UXU3A8,VENEX2,900001,VENDAS VENDEDORES (EXTERNO),251,FABIANA DA COSTA,04919272669,29/07/81,fcosta221@outlook.com.br
UXZAJR,VENEX5,900003,VENDAS PROPRIET CONG (EXTERNO),124,João Marcelo Silva Dantas Avelino,91678315320,05/08/81,joaomarcelo@canadaveiculos.com.br
MXUE7R,VENEX2,900001,VENDAS VENDEDORES (EXTERNO),419,Rosangela Alves Anselmo Albanese,03649670992,09/08/81,'rosangela.albanese@valesulchevrolet.com.br'
MX5FA0,VENEX4,900002,VENDAS GER FILIAL (EXTERNO),454,JOÃO RODRIGUES DE LIMA NETO,91821088115,18/08/81,neto@oesteveiculos.com.br
DX4BCY,VENEX2,900001,VENDAS VENDEDORES (EXTERNO),251,LEANDRO GARCIA,00373368194,06/12/81,lgarcia221@outlook.com.br
IX2U98,VENEX2,900001,VENDAS VENDEDORES (EXTERNO),164,EDER VINICIUS CIRILLO,03454984963,12/12/81,eder@ciatecgm.com.br
JXKANC,VENEX2,900001,VENDAS VENDEDORES (EXTERNO),279,CAMILA DE QUEIROZ PINHEIRO,95464859349,29/12/81,camila.globoconsorcio@gmail.com
AX047I,VENEX2,900001,VENDAS VENDEDORES (EXTERNO),251,ROSE PATRICIA RODRIGUES,05623749658,31/12/81,rprodrigu221@outlook.com.br
TXL7D3,VENEX2,900001,VENDAS VENDEDORES (EXTERNO),82,Tiane Alexandre Julio,04077378982,15/01/82,tiane.julio@grupoautoshow.com.br
JXPIR0,VENEX2,900001,VENDAS VENDEDORES (EXTERNO),82,Toni Roberto de Sousa,00399481966,22/02/82,toni.sousa@grupoautoshow.com.br
PXDPRW,VENEX2,900001,VENDAS VENDEDORES (EXTERNO),279,MARIO DOS SANTOS AVELINO,94618704349,15/03/82,marioavelinochevrolet@gmail.com
GXTZG0,VENEX2,900001,VENDAS VENDEDORES (EXTERNO),251,ALEXANDRE MARTINS PEREIRA,89866711153,31/03/82,ampereira221@outlook.com.br
VXA85W,VENEX2,900001,VENDAS VENDEDORES (EXTERNO),251,JOSE APARECIDO RODRIGUES DA SILVA,05855605604,25/04/82,jarsilva221@outlook.com.br
UXS0ZU,VENEX4,900002,VENDAS GER FILIAL (EXTERNO),77,Cristiane Cavalcante Carvalho Silva,04575171409,03/05/82,cristiane@autonunes.com.br
UXBUQV,VENEX4,900002,VENDAS GER FILIAL (EXTERNO),284,GILMAR SENA PEREIRA,00605860521,24/05/82,GilmarPereira@grandecoreia.com.br
UXG40R,VENEX2,900001,VENDAS VENDEDORES (EXTERNO),419,MICHELE PEREIRA LIMA,04425330986,24/05/82,financiamentospnga@valesulchevrolet.com.br
WXAYX6,VENEX4,900002,VENDAS GER FILIAL (EXTERNO),284,PABLO FERNANDES BANDEIRA,65336275387,07/06/82,progressoservices@hotmail.com
CXBEJF,VENEX2,900001,VENDAS VENDEDORES (EXTERNO),22,Ana Paula D Avila,29530308833,29/06/82,financiamentosaomiguel@cotac.com.br
WXRZQC,VENEX2,900001,VENDAS VENDEDORES (EXTERNO),617,SONALINDE DA SILVA LIMA,01946237507,22/07/82,sonalinde.lima@topvelveiculos.com.br
NXPQXB,VENEX2,900001,VENDAS VENDEDORES (EXTERNO),251,VANUCE REGINA DE PAULA LIMA,09545361778,08/09/82,vrdplima221@outlook.com.br
NXQ1QP,VENEX5,900003,VENDAS PROPRIET CONG (EXTERNO),279,THIAGO SANTOS VIEIRA,63995328334,02/11/82,thiago.globoconsorcio@gmail.com
AXQHJY,VENEX2,900001,VENDAS VENDEDORES (EXTERNO),251,RAFAEL SENA FERRAZ,10283632739,05/11/82,rsferraz221@outlook.com.br
WXG835,VENEX2,900001,VENDAS VENDEDORES (EXTERNO),284,DIANA ROCHA CRUZ,82511586568,04/01/83,dianarf48@gmail.com
CXRDHQ,VENEX2,900001,VENDAS VENDEDORES (EXTERNO),284,LUCIANA DOS SANTOS LIMA,00829281509,19/01/83,luciana.novaconsultoria@gmail.com
UXAR0J,VENEX2,900001,VENDAS VENDEDORES (EXTERNO),251,RAMON DOS SANTOS OLIVEIRA,01634423550,22/01/83,rsoliveir221@outlook.com.br
NXK34R,VENEX2,900001,VENDAS VENDEDORES (EXTERNO),124,ELAYNE DOS SANTOS SILVA,00553337378,04/02/83,vidaelayne@yahoo.com.br
QX9IIE,VENEX2,900001,VENDAS VENDEDORES (EXTERNO),284,ANDRÉA PEREIRA DOS SANTOS,81647840520,01/04/83,andreiasanave@gmail.com
NX4HZE,VENEX2,900001,VENDAS VENDEDORES (EXTERNO),251,KLEITON DE BRITO SANTOS,05370541469,06/08/83,kbsantos221@outlook.com.br
KXMK10,VENEX2,900001,VENDAS VENDEDORES (EXTERNO),279,JOSE MARCELO MOURA LIMA,76827690253,27/08/83,marcelolima5@hotmail.com
YX3LCW,VENEX2,900001,VENDAS VENDEDORES (EXTERNO),251,ARIANDERSON CELESTINO SILVA,06446946619,18/11/83,acesilva221@outlook.com.br
MXBYQJ,VENEX2,900001,VENDAS VENDEDORES (EXTERNO),661,EDIVAN CARLOS DA SILVA,01303629135,04/12/83,vendas@vianorte.com.br
FXYSBI,VENEX5,900003,VENDAS PROPRIET CONG (EXTERNO),642,MARCIO FERNANDO LIMA BEZERRA,72407506200,18/12/83,marcio@valcarconsorcio.com.br
TXPLQQ,VENEX2,900001,VENDAS VENDEDORES (EXTERNO),382,WESLEY SILVEIRA XAVIER,01440886571,23/12/83,wesley-silveira22@hotmail.com
ZXYKG7,VENEX2,900001,VENDAS VENDEDORES (EXTERNO),251,IRAMILTON PEREIRA DA SILVA,02310218529,11/01/84,ipsilva221@outlook.com.br
QXRYA6,VENEX2,900001,VENDAS VENDEDORES (EXTERNO),113,NARCISA KRAEMER,03889842950,18/01/84,narcisa@bregomar.com.br
IXQ7GZ,VENEX2,900001,VENDAS VENDEDORES (EXTERNO),251,Luis Fernando Ventura Vargas,01556493614,29/01/84,lfvevarge221@outlook.com.br
VXI9IG,VENEX2,900001,VENDAS VENDEDORES (EXTERNO),382,MARINALVA SOUZA RICARTE,00199690588,16/02/84,tetericarte@hotmail.com
CXHSF9,VENEX5,900003,VENDAS PROPRIET CONG (EXTERNO),195,MARCIO LUIZ FONTES OLIVEIRA BARRETO,00713129514,24/02/84,marcio@contornoveiculos.com.br
TX9D2I,VENEX4,900002,VENDAS GER FILIAL (EXTERNO),536,Juliana Maria Mendes,31706217854,09/03/84,juliana@roqueville.com.br
AXXBJR,VENEX2,900001,VENDAS VENDEDORES (EXTERNO),518,Maria das Graças Cavalcante,35489687835,27/03/84,financeiro@consorcionarede.com.br
SX7L58,VENEX2,900001,VENDAS VENDEDORES (EXTERNO),145,Tony Marcel de Moraes,00523624930,27/04/84,tony.moraes@ccv.com.br
NXPA4Z,VENEX2,900001,VENDAS VENDEDORES (EXTERNO),97,CARLOS ALBERTO FERNANDES,74567055268,05/06/84,CARLOS.F@BENNESBY.COM.BR
VXF37S,VENEX5,900003,VENDAS PROPRIET CONG (EXTERNO),77,FREDERICO CARNEIRO DE SOUZA,04786878421,07/06/84,frederico@autonunes.com.br
KXY3XY,VENEX2,900001,VENDAS VENDEDORES (EXTERNO),279,CLAUDIO DE JESUS SANTOS EVERTON,00375996311,27/06/84,CLAUDIOEVERTON@HOTMAIL.COM
XXM56J,VENEX2,900001,VENDAS VENDEDORES (EXTERNO),588,TALITA DIÓGENES DOS SANTOS BRITO,05183922446,01/09/84,talita.diogenes@terrasal.com.br
FX8UY4,VENEX2,900001,VENDAS VENDEDORES (EXTERNO),251,ADILSON CARNEIRO,33215317800,17/11/84,acarneiro221@outlook.com.br
UXAIG8,VENEX2,900001,VENDAS VENDEDORES (EXTERNO),45,MARIA VANUZA TEIXEIRA LIMA,99274558368,24/11/84,vd@grupoassiscouras.com.br
GXS6TV,VENEX2,900001,VENDAS VENDEDORES (EXTERNO),279,CARLINDO SILVA LOBO,79365230225,18/12/84,carlindolobovw@gmail.com
WXID84,VENEX2,900001,VENDAS VENDEDORES (EXTERNO),486,Fabio Ricardo Oliveira da Silva,04754495926,24/12/84,vendas1.ne@pontalchevrolet.com.br
SXS79K,VENEX2,900001,VENDAS VENDEDORES (EXTERNO),251,Thiago de Melo Pacheco,06115453658,19/01/85,tmpacheco221@outlook.com.br
TXWKFL,VENEX2,900001,VENDAS VENDEDORES (EXTERNO),617,Thiago de Jesus Mendonça,02414086521,02/03/85,thiago.mendonca@topvelveiculos.com
NXCWHY,VENEX2,900001,VENDAS VENDEDORES (EXTERNO),77,DIEGO ALBERTO DE OLIVEIRA,05888269441,01/04/85,diegoonline1985@hotmail.com
YXELTL,VENEX2,900001,VENDAS VENDEDORES (EXTERNO),284,RAFAELLA BRAGA ARARIPE,00651790301,24/05/85,rafaella-araujo77@hotmail.com
QX600L,VENEX2,900001,VENDAS VENDEDORES (EXTERNO),279,PAULO ALBERTO CARDOSO SILVA,99388570359,02/06/85,paulo_spe@hotmail.com
UXAGVX,VENEX2,900001,VENDAS VENDEDORES (EXTERNO),145,LETICIA GOMES ARAUJO DA CRUZ,04443931961,02/06/85,consultoresdenegocios@ccv.com.br
AXVU2G,VENEX2,900001,VENDAS VENDEDORES (EXTERNO),228,CRISTIAN BERGMANN,04544326907,17/06/85,cristian@divisaveiculos.com.br
FX95UQ,VENEX2,900001,VENDAS VENDEDORES (EXTERNO),552,Vanessa Ramos da Silva Vaz,04865457925,04/07/85,operadorfi2@santafeveiculos.com.br
RXE0Z0,VENEX2,900001,VENDAS VENDEDORES (EXTERNO),251,RAFAEL JOSE SILVA,06663463640,17/08/85,rajosilva221@outlook.com.br
MX7KN3,VENEX2,900001,VENDAS VENDEDORES (EXTERNO),46,GISELE BEZERRA RODRIGUES RIBEIRO,34692903856,17/08/85,financiamento.ours@ouricar.com.br
ZX3XT4,VENEX2,900001,VENDAS VENDEDORES (EXTERNO),575,Nathalia Rodegheri,00666666199,07/12/85,nathalia.rodegheri@simcauto.com.br
HXV2A1,VENEX2,900001,VENDAS VENDEDORES (EXTERNO),419,Juçara Vinotti,06428944936,02/01/86,jucara.vinotti@grupometronorte.com.br
TXIQGP,VENEX2,900001,VENDAS VENDEDORES (EXTERNO),452,ANA PAULA DA CONCEICAO,00759266107,17/01/86,financiamento@novorioveiculos.com.br
JXK02M,VENEX2,900001,VENDAS VENDEDORES (EXTERNO),279,PIESON LIMA SILVA,05849430407,31/03/86,PLIMASEGUROS@GMAIL.COM
CXWUNE,VENEX2,900001,VENDAS VENDEDORES (EXTERNO),251,ANDRESSA DOS ANJOS ALVES,09939132611,08/04/86,aaalves221@outlook.com.br
FX4JPE,VENEX2,900001,VENDAS VENDEDORES (EXTERNO),284,NAIANA GONÇALVES DA SILVA,02871766576,09/04/86,nayana_gds@hotmail.com
SXP3EV,VENEX2,900001,VENDAS VENDEDORES (EXTERNO),251,DOUGLAS TAYRONE DE OLIVEIRA,01143632184,12/04/86,dtoliveir221@outlook.com.br
AXK9U4,VENEX5,900003,VENDAS PROPRIET CONG (EXTERNO),446,HUELIN DAPIEVE DE FREITAS,00946914010,15/04/86,seguros.nicola@nicola.com.br
YXAT0I,VENEX2,900001,VENDAS VENDEDORES (EXTERNO),97,ALEX SANDRO DA SILVA DO ESPIRITO SANTO,86503375204,27/05/86,alex.santo@bennesby.com.br
MXLGQP,VENEX2,900001,VENDAS VENDEDORES (EXTERNO),17,TATIANE MEZACASA,06566532994,21/06/86,tatiane.mezacasa@cipauto.com.br
HXRFRU,VENEX2,900001,VENDAS VENDEDORES (EXTERNO),251,ADALBERTO JOSE DA SILVA SOBRINHO,05379092730,24/06/86,ajssobrinho221@outlook.com.br
CX9AR5,VENEX2,900001,VENDAS VENDEDORES (EXTERNO),6,MARISA MARA MENDES DA SILVA,05745483946,28/06/86,amgcdr@amgveiculos.com.br
WXLL4F,VENEX2,900001,VENDAS VENDEDORES (EXTERNO),284,PEDRO HENRIQUE FALCÃO CAVALCANTE,00965043312,11/11/86,pedrohenrique@gmail.com
TX4R1Y,VENEX4,900002,VENDAS GER FILIAL (EXTERNO),284,PEDRO HENRIQUE,00965043312,11/11/86,pedrohenrique@codisman.com.br
RXU2DY,VENEX2,900001,VENDAS VENDEDORES (EXTERNO),251,JONATHAN GRATZ DE SOUSA,11108222781,02/12/86,jgsousa221@outlook.com.br
UXFGQL,VENEX2,900001,VENDAS VENDEDORES (EXTERNO),251,PAULA REGINA NEIVA,06630513630,15/12/86,prneiva221@outlook.com.br
VX2Y1F,VENEX2,900001,VENDAS VENDEDORES (EXTERNO),251,SARA CRISTINA FIGUEIREDO DA SILVA,05870546702,07/01/87,scfsilva221@outlook.com.br
AXGBR3,VENEX2,900001,VENDAS VENDEDORES (EXTERNO),251,CHRISTIANO GOULART MARÇAL FERREIRA,02141212162,17/01/87,cgmferrei221@outlook.com.br
EXUPEL,VENEX2,900001,VENDAS VENDEDORES (EXTERNO),284,FLÁVIA ALEXANDRA MATOS LOPES,01905561377,19/01/87,flaviaalematos321@outlook.com
BXQ4NG,VENEX2,900001,VENDAS VENDEDORES (EXTERNO),419,Valquiria Oliveira do Valle Boni,22948507855,24/02/87,'valquiria.araujo@grupometronorte.com.br'
UXFLHN,VENEX2,900001,VENDAS VENDEDORES (EXTERNO),,Flávia Gabriela Campos,36186505820,27/02/87,flavia.campos@investbankcompany.com.br
FXK5I4,VENEX2,900001,VENDAS VENDEDORES (EXTERNO),641,SIBELE DA SILVA TRINDADE,01080153004,09/03/87,sibele.silva@uvel.com.br
HXD8KZ,VENEX2,900001,VENDAS VENDEDORES (EXTERNO),251,LUCRECIA APARECIDA DA SILVA,07615313600,17/03/87,lasilva221@outlook.com.br
CX4E96,VENEX2,900001,VENDAS VENDEDORES (EXTERNO),588,GUSTAVO MEIRA DE GOIS,06366673403,28/04/87,gustavo.meira@terrasal.com.br
NXT86K,VENEX2,900001,VENDAS VENDEDORES (EXTERNO),97,José Henrique da Rocha Leite,52921832291,13/05/87,jose.l@bennesby.com.br
PXVNB5,VENEX2,900001,VENDAS VENDEDORES (EXTERNO),22,Carina da Cruz Saitu,37551049894,03/06/87,financiamentosuzano@cotac.com.br
AXL3E3,VENEX2,900001,VENDAS VENDEDORES (EXTERNO),251,HENRIQUE DE FREITAS MOL,08972617636,06/08/87,hfmol221@outlook.com.br
LXQRV5,VENEX2,900001,VENDAS VENDEDORES (EXTERNO),251,Johnny Eudoxio Dias,34752152843,14/09/87,jedias221@outlook.com.br
XXIM94,VENEX2,900001,VENDAS VENDEDORES (EXTERNO),617,CARINA OLIVEIRA DE ALMEIDA KOLLING,02619157544,15/09/87,carina.oliveira@topvelveiculos.com.br
DXNH4J,VENEX2,900001,VENDAS VENDEDORES (EXTERNO),251,Jesse Farias do Ouro,95935592215,02/11/87,jfouro221@outlook.com.br
UXUC42,VENEX2,900001,VENDAS VENDEDORES (EXTERNO),279,FLAVIA CARLA DA SILVA FEITOSA,08128038419,01/12/87,flavia.globoconsorcios@gmail.com
UXAQ4Y,VENEX2,900001,VENDAS VENDEDORES (EXTERNO),284,JOHNY DANIEL MATHIAS VIRGILIO,12653509733,17/12/87,danieldjohny33@gmail.com
RX6GG8,VENEX2,900001,VENDAS VENDEDORES (EXTERNO),251,ANTONIO RAMIRO DA SILVA NETO,02223220126,01/01/88,arsneto221@outlook.com.br
WX5325,VENEX5,900003,VENDAS PROPRIET CONG (EXTERNO),518,PAULA VERGAÇAS DE SOUSA BANDEIRA,36231809803,21/01/88,paula@consorcionarede.com.br
WXMU7U,VENEX2,900001,VENDAS VENDEDORES (EXTERNO),284,JAIME SANTOS DE SÁ,02891183525,25/01/88,neto_rapeer@hotmail.com
PXPAKR,VENEX2,900001,VENDAS VENDEDORES (EXTERNO),251,MARDIONE IGIDIO MIRANDA,01658879660,02/02/88,mimiramda221@outlook.com.br
QXHCP3,VENEX2,900001,VENDAS VENDEDORES (EXTERNO),671,Vanderson de Souza,01039945996,06/02/88,vanderson.souza@zacarias.com.br
LXNCB9,VENEX5,900003,VENDAS PROPRIET CONG (EXTERNO),642,SÉRGIO HENRIQUE LIMA BEZERRA,94880778249,07/02/88,sergio@valcarconsorcio.com.br
ZXZZ0E,VENEX2,900001,VENDAS VENDEDORES (EXTERNO),279,GERMANO VIEIRA PORTELA,02205364308,23/02/88,germano.globoconsorcio@gmail.com
CXF5PN,VENEX5,900003,VENDAS PROPRIET CONG (EXTERNO),518,RAQUEL HELENA REZENDE DOS SANTOS,36164052890,17/03/88,raquel@consorcioautochevrolet.com.br
QXR8AD,VENEX2,900001,VENDAS VENDEDORES (EXTERNO),284,DANIEL DYJON FONTELES DE LIMA,02917609370,25/03/88,danieldyjon@gmail.com
RX338C,VENEX2,900001,VENDAS VENDEDORES (EXTERNO),284,MARLON DE ALMEIDA LIMA,04500936548,01/04/88,marlonlmrlma@gmail.com
HX9BU2,VENEX2,900001,VENDAS VENDEDORES (EXTERNO),251,ALEX RODRIGUES BENEVOLO,12226117750,01/05/88,arbenevolo221@outlook.com.br
MXHCG5,VENEX2,900001,VENDAS VENDEDORES (EXTERNO),17,Katty Cristiane Carneiro,07279891977,23/05/88,katty.carneiro@cipauto.com.br
LXCI9S,VENEX2,900001,VENDAS VENDEDORES (EXTERNO),228,FABIO SOLA DE ALMEIDA,01006740970,16/07/88,siga@divisaveiculos.com.br
VXXLN0,VENEX2,900001,VENDAS VENDEDORES (EXTERNO),588,ALINY DANIELLE DA SILVA SANTOS RODRIGUES,07773380414,16/08/88,aliny.danielle@terrasal.com.br
IXYAW9,VENEX5,900003,VENDAS PROPRIET CONG (EXTERNO),617,BRUNA SOUZA DA SILVA,03126249566,02/12/88,bruna.souza@topvelveiculos.com.br
YXFNYW,VENEX2,900001,VENDAS VENDEDORES (EXTERNO),474,Sueliton Vieira Ferrari,12633697747,07/01/89,sueliton.vieira@piannaveiculos.com.br
XXW1IU,VENEX2,900001,VENDAS VENDEDORES (EXTERNO),593,Elenise M P da Silva,02279007070,14/02/89,elenise.ijui@sponchiado.com.br
HXRJZQ,VENEX4,900002,VENDAS GER FILIAL (EXTERNO),279,BRUNA LIMA BRAGA,04195174309,04/03/89,bruna.globoconsorcios@gmail.com
KXVD5I,VENEX2,900001,VENDAS VENDEDORES (EXTERNO),251,ALAN DE JESUS SANTOS,12763073735,17/03/89,ajsantos221@outlook.com.br
IXJP7R,VENEX2,900001,VENDAS VENDEDORES (EXTERNO),65,PATRICIA ROSA MARTINS,37780708861,18/03/89,patriciamartins@velmax.com.br
AX8TPS,VENEX2,900001,VENDAS VENDEDORES (EXTERNO),251,DANIEL CARDOSO DE OLIVEIRA MICLOS,04496903504,19/03/89,dcomiclos221@outlook.com.br
QXGB9T,VENEX2,900001,VENDAS VENDEDORES (EXTERNO),251,ADRIANO DE SOUZA MORAIS,03501278160,15/11/89,arsouzamorais221@outlook.com.br
MXVVW6,VENEX4,900002,VENDAS GER FILIAL (EXTERNO),648,Christiane Michelle Lopes,38000402807,28/11/89,christianelopes@veibras.com.br
RXUX8C,VENEX2,900001,VENDAS VENDEDORES (EXTERNO),251,LUCIANO MARQUES VIANA,02542012105,08/12/89,lmviana221@outlook.com.br
QX2UM3,VENEX2,900001,VENDAS VENDEDORES (EXTERNO),617,EDIRAN SANTOS DE OLIVEIRA,10818785683,21/12/89,ediran.santos@topvelveiculos.com.br
AX7D9Q,VENEX2,900001,VENDAS VENDEDORES (EXTERNO),251,JANDER MAYKON DA SILVA SANTOS,01778589154,12/01/91,jmssantos221@outlook.com.br
GX5JBF,VENEX2,900001,VENDAS VENDEDORES (EXTERNO),251,LEANDRO MEDINA DA SILVA,10287162656,11/02/91,lemsilva221@outlook.com.br
HX9TA7,VENEX2,900001,VENDAS VENDEDORES (EXTERNO),251,RAFAEL DE ARAUJO GOMES,02527865135,04/03/91,ragomes221@outlook.com.br
FXCT4L,VENEX4,900002,VENDAS GER FILIAL (EXTERNO),575,Karulina Steffel e Souza,14602591736,06/04/91,karulina.souza@simcauto.com.br
KXCXBK,VENEX2,900001,VENDAS VENDEDORES (EXTERNO),48,ANARIEL DE SOUSA GONÇALVES,05006989378,02/05/91,consorcio@autorio.com.br
QXX5BQ,VENEX2,900001,VENDAS VENDEDORES (EXTERNO),593,Stevan Soares Pezzini,02711987027,24/06/91,stevan.pf@sponchiado.com.br
IX7VLU,VENEX2,900001,VENDAS VENDEDORES (EXTERNO),284,CLEIRIANE JULIO LIMA PAIVA,04373432350,29/06/91,cleiri.julio@gmail.com
TXZ3Q5,VENEX2,900001,VENDAS VENDEDORES (EXTERNO),588,MARIANE ROBERTA FERREIRA DA SILVA,08860170419,12/08/91,mariane.roberta@terrasal.com.br
LXKZWX,VENEX2,900001,VENDAS VENDEDORES (EXTERNO),35,RAFAEL NEVES SILVA,00247238198,14/09/91,rafael.neves@jorlan.com
ZX7KKL,VENEX2,900001,VENDAS VENDEDORES (EXTERNO),51,CLEBER ALCIDES DA SILVA ALVES DE SOUZA,33572281814,03/02/92,CLEBER.SEGURO@ATLASCHEVROLET.COM.BR
BXGU76,VENEX2,900001,VENDAS VENDEDORES (EXTERNO),22,Camila Bueno de Lima,40708738800,16/02/92,camila.bueno@intervalor.com.br
UXCL7I,VENEX2,900001,VENDAS VENDEDORES (EXTERNO),6,GABRIELLE MENDES REZENDE DOS SANTOS,32788839855,17/03/92,gabrielle.santos@intervalor.com.br
FXG3DK,VENEX2,900001,VENDAS VENDEDORES (EXTERNO),68,NADIA RITA ARANTES DE OLIVEIRA,11102149608,02/05/92,nadia@autogerais.com
RXP68V,VENEX2,900001,VENDAS VENDEDORES (EXTERNO),279,Maria Janaina Da Silva,06129299303,21/05/92,janainamaria222111@gmail.com
LXDYMF,VENEX2,900001,VENDAS VENDEDORES (EXTERNO),35,THIAGO MICHEL DIAS DE CARVALHO,40891924809,06/06/92,thiago.carvalho@jorlan.com
CXL4HI,VENEX2,900001,VENDAS VENDEDORES (EXTERNO),68,Jéssica Elias da Silva Abdenor,10290387671,22/07/92,jessica@autogerais.com
FXH4AD,VENEX2,900001,VENDAS VENDEDORES (EXTERNO),284,RAFAELA DANELA COSTA FONSECA,05124412518,02/08/92,rafadanilo@hotmail.com
UX6ZPH,VENEX2,900001,VENDAS VENDEDORES (EXTERNO),279,LUCAS VIEIRA NUNES,05337773305,12/09/92,lucas.globoconsorcios@hotmail.com
QXFDPV,VENEX2,900001,VENDAS VENDEDORES (EXTERNO),279,RONALD PAULO RIBEIRO DOS SANTOS,00853759260,01/12/92,Ronaldpaulo22@gmail.com
GXU5BQ,VENEX5,900003,VENDAS PROPRIET CONG (EXTERNO),42,Caroline Georges Nabhan,07958500939,01/02/93,caroline.n@metrosul.com.br
JXR2GA,VENEX2,900001,VENDAS VENDEDORES (EXTERNO),228,MAIZA PIVA,08621133938,03/03/93,maiza@divisaveiculos.com.br
XXJYD1,VENEX2,900001,VENDAS VENDEDORES (EXTERNO),279,HIAGO DE PAULA SANTOS MARQUES,01266513299,01/04/93,marqueshiago22@gmail.com
EX5G75,VENEX2,900001,VENDAS VENDEDORES (EXTERNO),671,RODRIGO FERNANDES,07996106908,18/08/93,"rodrigo.fernandes@zacarias.com.br	"
ZX7PZI,VENEX2,900001,VENDAS VENDEDORES (EXTERNO),251,JOANE SANTANA ALVES,04753544192,29/09/93,jsalves221@outlook.com.br
WX3927,VENEX2,900001,VENDAS VENDEDORES (EXTERNO),195,JADSON SOUZA DOS SANTOS,04850989543,03/12/93,JADSONSOUZA.11@HOTMAIL.COM
EXYZVR,VENEX2,900001,VENDAS VENDEDORES (EXTERNO),617,GABRIELE SANTOS SOUSA,06146332577,23/01/94,gabriele.sousa@topvelveiculos.com.br
CX5WW7,VENEX2,900001,VENDAS VENDEDORES (EXTERNO),284,NOEL BATISTA MACIEL FILHO,04221851597,24/02/94,N.therengha215@outlook.com
TXVKFR,VENEX2,900001,VENDAS VENDEDORES (EXTERNO),33,EDUARDO VILA SANTANA,41473572886,14/04/94,eduardo.santana@apravel.com.br
YXGDQN,VENEX2,900001,VENDAS VENDEDORES (EXTERNO),251,MICHAEL CARDOSO DE OLIVEIRA MICLOS,05896997507,01/06/94,mcomiclos221@outlook.com.br
JX0YLL,VENEX2,900001,VENDAS VENDEDORES (EXTERNO),251,DANIEL FELIX DE SOUZA,05094377108,02/08/94,dfsouza221@outlook.com.br
IXE4WE,VENEX4,900002,VENDAS GER FILIAL (EXTERNO),45,VALERIA DE SOUSA LIMA,05713904393,02/01/95,financiamento.gac@hotmail.com
JX4Q9C,VENEX2,900001,VENDAS VENDEDORES (EXTERNO),641,CAMILA TORRES FURTADO,03934944035,02/05/95,camila.furtado@uvel.com.br
TXDT4F,VENEX2,900001,VENDAS VENDEDORES (EXTERNO),279,MARIA CHEILYANE DOMINGOS DA SILVA,60538947373,08/05/95,centraldoconsorcio@outlook.com
ZXCTAC,VENEX4,900002,VENDAS GER FILIAL (EXTERNO),454,ALICE DE MELO PEREIRA RUBIO,05171673101,24/08/95,banco@oesteveiculos.com.br
TXXUX4,VENEX2,900001,VENDAS VENDEDORES (EXTERNO),648,LAIS ALMEIDA PEREIRA,45421834832,29/01/96,laisalmeida@veibras.com.br
VX8ZDR,VENEX2,900001,VENDAS VENDEDORES (EXTERNO),251,AMANDA SILMARA ROCHA BARBOSA,12909552632,17/02/96,asrbarbosa221@outlook.com.br
IX1B19,VENEX2,900001,VENDAS VENDEDORES (EXTERNO),279,Rafaelly Coelho Santos Maia,03266244222,02/05/96,faellycoelho@gmail.com
TXWQ87,VENEX2,900001,VENDAS VENDEDORES (EXTERNO),284,GIOVANA COUTINHO PEREIRA,07463801519,21/06/96,giovanapereira@grandebahia.com.br
GXHJ46,VENEX2,900001,VENDAS VENDEDORES (EXTERNO),251,THAIS DA SILVA GOMES,12655255798,02/09/96,tsgomes221@outlook.com.br
FXT04Z,VENEX2,900001,VENDAS VENDEDORES (EXTERNO),286,NADINE BEATRIZ DOS SANTOS,45499989893,23/01/97,financiamentos@graciano.com.br
DX5AQR,VENEX2,900001,VENDAS VENDEDORES (EXTERNO),284,Esther dos Santos Oliveira,85999742544,27/02/97,estheroliveira@grupognc.com.br
AXIS7M,VENEX2,900001,VENDAS VENDEDORES (EXTERNO),77,ANDERSON DA SILVA FELICIANO,08495105624,16/07/98,anderson.feliciano648131@gmail.com
DX1TAD,VENEX2,900001,VENDAS VENDEDORES (EXTERNO),48,IGOR HONORATO SILVA,70601650107,01/05/02,igor.honorato@galileiagm.com.br
EXGGPR,VENEX2,900001,VENDAS VENDEDORES (EXTERNO),419,Nathan Lima,11690758945,03/07/02,nathan.lima@grupometronorte.com.br
MXMIPW,VENEX5,900003,VENDAS PROPRIET CONG (EXTERNO),17,VIVIANE PEDROLLO,00787564990,29/04/18,vivipedrollo@gmail.com
VX4TA3,VENEX2,900001,VENDAS VENDEDORES (EXTERNO),,Gabriela Laís Moreno da Silva,49577125816,02/03/21,gabriela.lais@investbankcompany.com.br
JX4LCK,VENEX2,900001,VENDAS VENDEDORES (EXTERNO),251,CARLOS DANIEL FERNANDES LACERDA,01859817637,22/06/21,cdflacerd221@outlook.com.br
WX4XIV,VENEX2,900001,VENDAS VENDEDORES (EXTERNO),251,EVANILDO DE SOUZA DIAS,51207451649,27/05/62,evsdias221@outlook.com.br
JX4QG5,VENEX5,900003,VENDAS PROPRIET CONG (EXTERNO),413,ADALBERTO FERREIRA DE MAGALHÃES,03306450642,,maga.adm@hotmail.com
FX8AUW,VENEX4,900002,VENDAS GER FILIAL (EXTERNO),413,Fernando Ferreira de Magalhães,06534894637,,magalhaes.1@hotmail.com
EXY3UT,VENEX2,900001,VENDAS VENDEDORES (EXTERNO),251,EDVALDO JOSE DA SILVA,63326205449,01/01/97,ejsilva221@outlook.com.br
GXXA12,VENEX2,900001,VENDAS VENDEDORES (EXTERNO),35,SIBERIA DO CARMO RIBEIRO,85083658615,01/06/69,siberia.ribeiro@jorlan.com 
SXX0A1,VENEX2,900001,VENDAS VENDEDORES (EXTERNO),648,INGRID BIANCA TARDIM MENDES,39575133838,01/07/99,ingridmendes@veibras.com.br
XX6M41,VENEX2,900001,VENDAS VENDEDORES (EXTERNO),465,Sandro Ney Araujo de Oliveira,09535147811,11/01/75,gerencia.serrinha@paraguassuveiculos.com.br
PX52RS,VENEX2,900001,VENDAS VENDEDORES (EXTERNO),113,VANDERLEI MILLANI,77765320963,11/02/97,vande@bregomar.com.br
UXVH6U,VENEX2,900001,VENDAS VENDEDORES (EXTERNO),671,MARCIO GUSILINI,00626315948,11/03/98,"marcio.guisini@zacarias.com.br	"
FX9IA2,VENEX4,900002,VENDAS GER FILIAL (EXTERNO),465,LUIZ RODRIGUES DA SILVA SANTOS,25965867115,12/08/62,luizparaguassu218@gmail.com
TX0S25,VENEX2,900001,VENDAS VENDEDORES (EXTERNO),124,ANTONIO SALIM DA SILVA,15098567300,12/01/97,salim@canadaveiculos.com.br
FXGRCN,VENEX2,900001,VENDAS VENDEDORES (EXTERNO),284,SILVIO CEZAR C DOS SANTOS,43559751500,12/11/97,santossanave7@gmail.com
MXM6YR,VENEX2,900001,VENDAS VENDEDORES (EXTERNO),284,GISELE ANNE DE JESUS PEREIRA SOUZA,79250173504,12/11/98,nana8souza@hotmail.com
DXVJLA,VENEX2,900001,VENDAS VENDEDORES (EXTERNO),597,IZABEL CRISTINA B HOLSBACH,12331157820,12/04/97,admwp@grupostefanini.com.br
UXLGJJ,VENEX2,900001,VENDAS VENDEDORES (EXTERNO),251,VERA LÚCIA ALVES,03464450600,12/09/95,vlualves221@outlook.com.br
MXVXAX,VENEX4,900002,VENDAS GER FILIAL (EXTERNO),465,ALINE MATOS DO NASCIMENTO,00118444506,13/05/98,consorcioadm@paraguassuveiculos.com.br
BXT78C,VENEX2,900001,VENDAS VENDEDORES (EXTERNO),251,MARCILIO BERNARDO DE MOURA,08895508408,13/05/99,mbmoura221@outlook.com.br
MXIMGX,VENEX2,900001,VENDAS VENDEDORES (EXTERNO),6,ADRIANO DAVID LORENÇO,27314648875,13/06/98,adriano.david@absolutasantos.com.br
ZXXSN0,VENEX2,900001,VENDAS VENDEDORES (EXTERNO),77,Luiz Cavalcanti Cerqueira Junior,21473960444,13/08/96,luiz.cerqueira@hotmail.com
RXP75L,VENEX2,900001,VENDAS VENDEDORES (EXTERNO),251,DIONY FARLEY SOARES FERNANDES,11116911698,14/11/99,dfsfernan221@outlook.com.br
UXVM47,VENEX2,900001,VENDAS VENDEDORES (EXTERNO),662,Erival Gomes do Carmo,00182951855,14/03/55,gomes@vigorito.com.br
JXZESL,VENEX2,900001,VENDAS VENDEDORES (EXTERNO),662,ANTONIO JOZIMAR RIBEIRO DO DISTERRO,18030394500,14/04/96,antonio.ribeiro@nissankin.com.br
KX4GZV,VENEX2,900001,VENDAS VENDEDORES (EXTERNO),593,Marinez Oliveira de Sousa,00418409099,15/11/84,financiamentos.caxias@sponchiado.com.br
KX66T5,VENEX2,900001,VENDAS VENDEDORES (EXTERNO),35,MAGNA ISTELA MARTINS OLIVEIRA,09676391662,15/05/89,magna.oliveira@jorlan.com 
PXSUIM,VENEX2,900001,VENDAS VENDEDORES (EXTERNO),22,ANGELA OLIVEIRA DA SILVA,31314535838,15/06/98,financiamentomogi@cotac.com.br
XXFLZU,VENEX2,900001,VENDAS VENDEDORES (EXTERNO),167,Thamiris Karen Rotiroti,39815119800,16/05/99,thamiris.rotiroti@cicalrp.com.br
SX3I8N,VENEX4,900002,VENDAS GER FILIAL (EXTERNO),465,JUCIENE DE ALMEIDA NASCIMENTO,50580612520,17/12/97,fi@retirauto.com.br
RXEHWU,VENEX2,900001,VENDAS VENDEDORES (EXTERNO),382,FERNANDO CARLOS SILVA ALVES,59993995568,17/01/73,fernandocarlos5@yahoo.com.br
ZXJXNX,VENEX2,900001,VENDAS VENDEDORES (EXTERNO),251,Antonio Cerqueira Braga,09580786453,17/03/95,acbraga221@outlook.com.br
CXP4YC,VENEX4,900002,VENDAS GER FILIAL (EXTERNO),539,KATIA OSCAR BASTOS,30263484220,17/06/97,katia.bastos@rrchevrolet.com.br
BXA6IR,VENEX2,900001,VENDAS VENDEDORES (EXTERNO),251,REGINALDO VIEIRA MARQUES CALDAS,02725256186,18/01/99,rvmcaldas221@outlook.com.br
UXPJV6,VENEX4,900002,VENDAS GER FILIAL (EXTERNO),35,MARCIA REGINA DE MACEDO COSTA,48637440134,18/06/97,marcia.regina@jorlan.com
YXL19E,VENEX2,900001,VENDAS VENDEDORES (EXTERNO),465,Livia Maria Fonseca Garcia,36696579591,19/01/74,livia@paraguassuveiculos.com.br
ZX97C5,VENEX2,900001,VENDAS VENDEDORES (EXTERNO),465,ITAMAR TORRES FONTES,87237270559,19/01/75,gerencia.alag@paraguassuveiculos.com.br
WX5FXZ,VENEX2,900001,VENDAS VENDEDORES (EXTERNO),465,JOSE ANTONIO LINHARES,18476457391,19/04/59,consorcio.retirauto@gmail.com
XXRGSH,VENEX4,900002,VENDAS GER FILIAL (EXTERNO),486,FABIANA ROCHA RIBEIRO,07245589933,19/05/99,seminovos@pontalchevrolet.com.br
TXICZW,VENEX4,900002,VENDAS GER FILIAL (EXTERNO),284,Paulo Sergio da Anunciaçã Sales,54631203587,02/12/97,paulosales@sanave.com.br
GXITGK,VENEX2,900001,VENDAS VENDEDORES (EXTERNO),279,GLAUBER VIEIRA PORTELA,61536725315,02/04/98,globocearense@gmail.com
VX1FQF,VENEX2,900001,VENDAS VENDEDORES (EXTERNO),114,BRUNA VIANNA,01913765075,02/04/99,admvendas@brozauto.com.br
PXNF1P,VENEX2,900001,VENDAS VENDEDORES (EXTERNO),251,ERICO DE LIMA BUARQUE LIRA,07347972493,02/05/99,elblira221@outlook.com.br
YXDAQ8,VENEX4,900002,VENDAS GER FILIAL (EXTERNO),552,MARLENE KOENIG,42807646972,02/06/96,contabilidade@santafeconsorcio.com.br
FXMQY6,VENEX2,900001,VENDAS VENDEDORES (EXTERNO),662,ANA MARIA SEVERO,09730775818,02/09/58,  anasevero@vigomotors.com.br
LX77A7,VENEX2,900001,VENDAS VENDEDORES (EXTERNO),465,DANIELE ESTRELA DA COSTA SANTOS,02630845583,21/06/84,dannyyele-aj26@hotmail.com
HXM50L,VENEX2,900001,VENDAS VENDEDORES (EXTERNO),279,JONE KENNEDY DINIZ,15371390880,21/06/72,Jkdiniz@gmail.com
FX016X,VENEX2,900001,VENDAS VENDEDORES (EXTERNO),251,JORGE OLIVEIRA DA SILVA FILHO,04411211521,22/01/99,josfilho221@outlook.com.br
AXI1F3,VENEX4,900002,VENDAS GER FILIAL (EXTERNO),486,Fabiano Hermenegue de Assis,00546495958,22/03/98,vendas1.seminovos@pontalchevrolet.com.br
XX1WL8,VENEX2,900001,VENDAS VENDEDORES (EXTERNO),465,Gilvoneia Moreira Santos,01757475559,23/03/85,vendas.sto@paraguassuveiculos.com.br
VXGDFE,VENEX5,900003,VENDAS PROPRIET CONG (EXTERNO),97,NILZA PACHECO DE AGUIAR,34124020287,23/03/97,nilza.a@bennesby.com.br
MXAVHV,VENEX2,900001,VENDAS VENDEDORES (EXTERNO),662,ZEFERINO DE JESUS VENTURA,04669476823,23/05/59,zeferino.ventura@vigorito.com.br
MXYK1S,VENEX2,900001,VENDAS VENDEDORES (EXTERNO),145,Alessandro Oliveira Souza,00724615946,24/09/98,ALESSANDRO.SOUZA@CCV.COM.BR
IXXB97,VENEX2,900001,VENDAS VENDEDORES (EXTERNO),465,Gleice Cunha dos Santos,79672728549,26/01/79,consorcio.retirauto2@gmail.com
SX34LN,VENEX4,900002,VENDAS GER FILIAL (EXTERNO),35,JANAINA BEATRIZ CAMINI,75861763615,26/08/69,consorcio.bh@jorlan.com 
QXZQHK,VENEX2,900001,VENDAS VENDEDORES (EXTERNO),662,KELIMARA LINO MACIEL,44575493805,27/01/95,keilimara.maciel@vigomotors.com.br
BXECZV,VENEX2,900001,VENDAS VENDEDORES (EXTERNO),251,OSEIAS LOPES COSTA FILHO,02506278842,28/11/96,oseiaslopescosta@outlook.com.br
FXDC3D,VENEX2,900001,VENDAS VENDEDORES (EXTERNO),251,DANILO AUGUSTO SOUSA PEDROSO,03800576112,28/06/99,daspedros221@outlook.com.br
KXRY99,VENEX4,900002,VENDAS GER FILIAL (EXTERNO),279,JANAYNA MARIA PEREIRA SOUZA,02676353381,29/07/88,JANAYNA.GLOBOCONSORCIOS@GMAIL.COM
VXJZ8R,VENEX2,900001,VENDAS VENDEDORES (EXTERNO),35,MARCONI VITORINO SOARES,73236128615,29/03/68,marconi.soares@jorlan.com 
ZXK7LZ,VENEX2,900001,VENDAS VENDEDORES (EXTERNO),279,FRANCISCA GEOVANIA SOARES DA SILVA,04571348363,03/05/99,GLOBO.POSVENDACEARA@GMAIL.COM
MXCCAL,VENEX2,900001,VENDAS VENDEDORES (EXTERNO),588,Thyago Cyrus Melo do Nascimento,00970724438,03/12/98,thyago.cyrus@terrasal.com.br
FXX917,VENEX4,900002,VENDAS GER FILIAL (EXTERNO),279,DIANA KELLY BRAGA MELO,61362212334,03/04/98,parceiroschevrolet@yahoo.com
UXMUQB,VENEX2,900001,VENDAS VENDEDORES (EXTERNO),237,ANTONIO REINALDO CAVICHIOLI NETO,02937030270,03/08/99,antonio.neto@rionortegm.com.br
WX7HEZ,VENEX2,900001,VENDAS VENDEDORES (EXTERNO),588,DAVID GLAUCIO RODRIGUES COSTA,03056552486,03/08/79,david.glaucio@terrasal.com.br
YXE5NX,VENEX4,900002,VENDAS GER FILIAL (EXTERNO),6,Adriana Santiago Morelli,08294966886,31/07/97,morelli@absolutagm.com.br
FXJ4C5,VENEX2,900001,VENDAS VENDEDORES (EXTERNO),453,ANDERSON DOS SANTOS SATO,04896048628,05/11/98,atacado@gruponovorumo.com.br
SX3HXL,VENEX2,900001,VENDAS VENDEDORES (EXTERNO),662,CLODOALDO ALVES PEREIRA,18008949880,05/05/97,clodoaldo.pereira@vigomotors.com.br
KXR15J,VENEX2,900001,VENDAS VENDEDORES (EXTERNO),486,LEANDRO GERALDO CAMPOS,03121989901,05/05/98,leandroc@pontalchevrolet.com.br
MX5X8S,VENEX4,900002,VENDAS GER FILIAL (EXTERNO),662,Charles Gabriel Fernandes,17439130871,06/12/76,charles.abc@vigorito.com.br
XX60T0,VENEX2,900001,VENDAS VENDEDORES (EXTERNO),228,FABIANO MENEGASSO,07167287962,06/03/99,fabiano@divisaveiculos.com.br
ZXZYW8,VENEX2,900001,VENDAS VENDEDORES (EXTERNO),662,Umberto Maldonado Barbosa,12810341850,06/08/74,umberto.barobosa@vigorito.com.br
CXZ8ZD,VENEX2,900001,VENDAS VENDEDORES (EXTERNO),35,Juliana Guadalupe de Sousa,03286734632,06/09/89,juliana.sousa@jorlan.com 
TX95QU,VENEX2,900001,VENDAS VENDEDORES (EXTERNO),279,LUIZ MARINHO DE BARROS FILHO,40461149400,07/01/63,marinhoconsorcio1@gmail.com
QXKJQF,VENEX2,900001,VENDAS VENDEDORES (EXTERNO),465,SUELI MARIA DE JESUS SANTOS,86553950563,07/01/64,consorcio@paraguassuveiculos.com.br
HXEG12,VENEX4,900002,VENDAS GER FILIAL (EXTERNO),662,Joao Victor Fernandes Vieira,34827038848,07/04/87,joao.vieira@vigorito.com.br
GXT096,VENEX4,900002,VENDAS GER FILIAL (EXTERNO),662,RENATO LUIS DA SILVA,12673157840,08/03/69,renato.silva@vigorito.com.br
CX6U5V,VENEX4,900002,VENDAS GER FILIAL (EXTERNO),279,MARIANA DE SOUZA PORDEUS,10116791403,08/08/99,mariana.globoconsorcio@gmail.com
LXN7J9,VENEX2,900001,VENDAS VENDEDORES (EXTERNO),284,EDILEUSA SENA PEREIRA,71783520515,09/11/97,sena7@gmail.com
TX3STE,VENEX2,900001,VENDAS VENDEDORES (EXTERNO),251,Celis Souza Cabral,04334529607,09/09/98,cscabral221@outlook.com.br
XXFM3R,VENEX2,900001,VENDAS VENDEDORES (EXTERNO),,RUBIANE DALL AGNOL,03643730918,12/12/81,rubiane@amgveiculos.com.br
TXMLPD,VENEX2,900001,VENDAS VENDEDORES (EXTERNO),,SAMARA PEREIRA,01060920069,04/11/86,financiamento.dgsul@drsulveiculos.com.br
KXQYHT,VENEX2,900001,VENDAS VENDEDORES (EXTERNO),,HEMILLY MARCON NUNES,05997952983,31/03/96,HEMILLY@KOLINATB.COM.BR
IXG9TA,VENEX3,900001,GERENTE/SUPERVISOR (Concessionaria),,Murilo Caetano Zimmer,51993610110,10/02/88,murilozimmer@cia.sinosserra.com.br
RXQ8C0,VENEX2,900001,VENDAS VENDEDORES (EXTERNO),,PAMELA CRISTINA RIZZO MOURA,09300588605,04/11/89,pamela@aapgm.com.br
QXEJAA,VENEX2,900001,VENDAS VENDEDORES (EXTERNO),,Fernando Rocha dos Anjos,97076660059,24/07/80,fernando.anjos@grupoautoshow.com.br
UXA25E,VENEX2,900001,VENDAS VENDEDORES (EXTERNO),,JUIANA DE SOUZA,09513568954,24/06/96,juliana.souza@grupoautoshow.com.br
JXCR8C,VENEX2,900001,VENDAS VENDEDORES (EXTERNO),,Aline Aparecida Varela,06592891998,12/07/93,aline.varela@grupoautoshow.com.br
QX2L7L,VENEX4,900002,VENDAS GER FILIAL (EXTERNO),,LEANDRO TADEU ALVES DA SILVA,33248756845,18/07/83,leandro@proeste.com.br
NXHLW9,VENEX4,900002,VENDAS GER FILIAL (EXTERNO),,JOÃO ROBERTO PEREIRA JARDIM,17035952896,01/10/76,consorcio.gmac@hotmail.com
FXJW1Y,VENEX4,900002,VENDAS GER FILIAL (EXTERNO),,MARCIO JOSÉ PEREIRA JARDIM,27202298813,15/05/78,consorcio.gmac@terra.com.br
GXCB25,VENEX2,900001,VENDAS VENDEDORES (EXTERNO),,VICTOR VIEIRA DAS NEVES NUNES,34301819843,20/09/86,superv.consorcio@grupocical.com.br
EX16D3,VENEX4,900002,VENDAS GER FILIAL (EXTERNO),,Loizeane de Moraes Oliveira,30371636825,03/02/83,vendasdiretas@supremaveiculos.com.br
DXQ35I,VENEX4,900002,VENDAS GER FILIAL (EXTERNO),,DANIELE AQUIMINO DOS SANTOS,27656754814,16/05/80,daniele.penha@apravel.com.br
AXFGRB,VENEX2,900001,VENDAS VENDEDORES (EXTERNO),,VANESSA S. ESTEVO PORLATO,34933194874,24/02/87,vanessa@safiraveiculos.com
UXLANC,VENEX2,900001,VENDAS VENDEDORES (EXTERNO),,THAIS AP DE OLIVEIRA FEREZINI,28794839808,28/08/79,thais@sasiraveiculos.com
XXHN7H,VENEX4,900002,VENDAS GER FILIAL (EXTERNO),,Tamiris Pereira de Santana Angeli,36387316855,25/05/88,financiamentos@colive.com.br
SX086J,VENEX4,900002,VENDAS GER FILIAL (EXTERNO),,Elton Scalfo de Andrade,31805079859,20/06/83,elton.andrade@ritmosp.com.br
QXJBQ6,VENEX2,900001,VENDAS VENDEDORES (EXTERNO),,Kelly Cristina Gomes da Silva,31051445876,31/08/81,kelly.cristina@ritmosp.com.br
JXF5IY,VENEX2,900001,VENDAS VENDEDORES (EXTERNO),,Richard Domingues De Paula,15582378871,08/06/72,seguros.sjbv@ritmosp.com.br
YXLDXU,VENEX4,900002,VENDAS GER FILIAL (EXTERNO),,Eder de Souza Paulo,05137881660,31/03/80,eder.paulo@ritmosp.com.br
IXKXMN,VENEX4,900002,VENDAS GER FILIAL (EXTERNO),,Renato  Drummond,30669389803,09/06/82,renato.drummond@ritmosp.com.br
CXS5GH,VENEX4,900002,VENDAS GER FILIAL (EXTERNO),,MAYARA FRANCIELY BIHAIN,01163792004,18/11/86,credito.veiculos@jardine.com.br
GXUZ4M,VENEX4,900002,VENDAS GER FILIAL (EXTERNO),,KÁTIA OSCAR BASTOS,30263484220,17/06/70,katia.bastos01@gmail.com
SXLIT0,VENEX2,900001,VENDAS VENDEDORES (EXTERNO),,LINDOLFO TEIXEIRA BRANCO JUNIOR,37631454272,10/09/72,lindolfo.branco@rrchevrolet.com.br
NXJM0S,VENEX2,900001,VENDAS VENDEDORES (EXTERNO),,SANDRA GIANE PEREIRA GAMIN,44166656104,06/06/70,giane.gamin@rrchevrolet.com.br
NX5X3V,VENEX2,900001,VENDAS VENDEDORES (EXTERNO),,PATRICIA RAQUEL NUNES REBELO,53176251220,26/02/88,raquel.nunes@rrchevrolet.com.br
DXJSQA,VENEX5,900003,VENDAS PROPRIET CONG (EXTERNO),,EMERSON REIS RODRIGUES,33034036272,25/08/72,emerson.rodrigues@rrchevrolet.com.br
EXFUS9,VENEX2,900001,VENDAS VENDEDORES (EXTERNO),,ANA PAULA RODRIGUES,05266448776,06/05/80,ana.rodrigues@bennesby.com.br
LXHFH8,VENEX2,900001,VENDAS VENDEDORES (EXTERNO),,CLARICE DE PAULA CARNEIRO,35528040809,07/12/86,financiamento.caxias@bennesby.com.br
YX9XGR,VENEX2,900001,VENDAS VENDEDORES (EXTERNO),,LUCIANA DE OLIVEIRA MARINS,11319508790,28/01/87,financiamento.niteroi@bennesby.com.br
BX045W,VENEX2,900001,VENDAS VENDEDORES (EXTERNO),,NAIANA ALVES DOS SANTOS,13865831702,21/01/92,financiamento.caxias2@bennesby.com.br
SXXJ78,VENEX2,900001,VENDAS VENDEDORES (EXTERNO),,NUBIA VALERIA GOMES MACHADO,03062466782,10/09/74,nubia.machado@bennesby.com.br
WXCFQ5,VENEX2,900001,VENDAS VENDEDORES (EXTERNO),,PERLA COSTA MONTEIRO,16056859762,12/11/94,financiamento.estacio1@bennesby.com.br
ZXS2AM,VENEX2,900001,VENDAS VENDEDORES (EXTERNO),,RENATA FERREIRA BOTELHO,08141208730,28/10/78,renata.botelho@bennesby.com.br
VXD1EW,VENEX2,900001,VENDAS VENDEDORES (EXTERNO),,THALITA DE ALMEIDA ALVIM,17442296785,15/12/99,financiamento.niteroi2@bennesby.com.br
FX64QR,VENEX3,900001,GERENTE/SUPERVISOR (Concessionaria),,MARCIA MENDES LEAL,00858891727,31/10/70,marcia.leal@bennesby.com.br
BXNVB1,VENEX5,900003,VENDAS PROPRIET CONG (EXTERNO),,STEPHAN RIBEIRO BENNESBY,11088139760,28/11/84,stephan.b@bennesby.com.br
XXHH7L,VENEX3,900001,GERENTE/SUPERVISOR (Concessionaria),,RAPHAEL CAREIRO,08236725731,09/02/79,.carneiro@raphaelbennesby.com.br
SXT035,VENEX3,900001,GERENTE/SUPERVISOR (Concessionaria),,JOSE RICARDO CAMPELO LIRA,30712874291,19/12/66,josericardo.lira10@hotmail.com
DX6H7Q,VENEX4,900002,VENDAS GER FILIAL (EXTERNO),,TULIO LUCIO DORNELES SANTOS,03108852485,10/12/80,operador@eldoradobelem.com.br
QXJ1IZ,VENEX5,900003,VENDAS PROPRIET CONG (EXTERNO),,ADAUTO FRANCISCO DO AMARAL,45263876653,12/12/62,operadorbr@eldoradoveiculos.com.br
CX3ZD9,VENEX3,900001,GERENTE/SUPERVISOR (Concessionaria),,CELSON SILVA ARAUJO,72222310210,08/11/83,celson@eldoradoveiculos.com.br
LXWB19,VENEX3,900001,GERENTE/SUPERVISOR (Concessionaria),,LAUREANE DUARTE SENA DE MOURA,79495303249,07/12/78,laureane@eldoradoveiculos.com.br
CX052V,VENEX3,900001,GERENTE/SUPERVISOR (Concessionaria),,SILVIA LETICIA NASCIMENTO DA SILVA,72669810268,21/01/81,adconsorcio@eldoradoveiculos.com.br
LXWEAI,VENEX2,900001,VENDAS VENDEDORES (EXTERNO),,ADEMISON MELO MAGNO,03549274262,20/05/99,ademison@eldoradoveiculos.com.br
NXJP9I,VENEX2,900001,VENDAS VENDEDORES (EXTERNO),,BARBARA DE ARAUJO NASCIMENTO,02153098203,10/08/93,barbaraarthur95@gmail.com
XXI3JD,VENEX2,900001,VENDAS VENDEDORES (EXTERNO),,BARBARA STHEFHANY CORREA DA SILVA,02523869225,22/03/99,sthefhanybarba1@gmail.com
QX97SZ,VENEX2,900001,VENDAS VENDEDORES (EXTERNO),,DEBORA MACIEL BORGES MIRANDA,61266663215,19/05/78,debora@eldoradoveiculos.com.br
ZXIM5A,VENEX2,900001,VENDAS VENDEDORES (EXTERNO),,EVA GARDENIA TRINDADE ALMEIDA,50950304204,14/08/68,eva_almeida44@hotmail.com
NXLCE0,VENEX2,900001,VENDAS VENDEDORES (EXTERNO),,EDMARA SILVA CORREA,00475601262,07/05/92,edmara@eldoradoveiculos.com.br
CXUYWD,VENEX2,900001,VENDAS VENDEDORES (EXTERNO),,HICHALLE DA COSTA VIANA,95362525204,17/10/88,hicharlleviana1@gmail.com
BX1ZZB,VENEX2,900001,VENDAS VENDEDORES (EXTERNO),,ITACAUASSU VIANA MACEDO,11899409220,18/03/61,macedo@eldoradoveiculos.com.br
XXI415,VENEX2,900001,VENDAS VENDEDORES (EXTERNO),,MATHEUS HENRIQUE MARTINS ROMAN,04789019250,22/12/00,matheus54romano@gmail.com
DXV0MN,VENEX2,900001,VENDAS VENDEDORES (EXTERNO),,MARCIO MOURA VIANA,08435041215,31/03/77,marcio@eldoradoveiculos.com.br
VX0FWC,VENEX2,900001,VENDAS VENDEDORES (EXTERNO),,RAFAEL FRANQUES PONTES,80699804272,30/12/85,franques56@gmail.com
RXU0YB,VENEX2,900001,VENDAS VENDEDORES (EXTERNO),,RUDGLEUDO ABERTO ALVES,64503216287,28/01/78,alberto_jd2@hotmail.com
RXPITA,VENEX2,900001,VENDAS VENDEDORES (EXTERNO),,VIVIANE ALMEIDA DE OLIVEIRA,69277907215,22/02/82,viviane@eldoradoveiculos.com.br
VXZDWW,VENEX2,900001,VENDAS VENDEDORES (EXTERNO),,CRISTANE HELERIS RODRIGUES,92626017272,01/11/88,consorcio@facilcastanhal.com.br
KXCU6V,VENEX3,900001,GERENTE/SUPERVISOR (Concessionaria),,ANDREZA KARLA SOUZA CID DE ABREU,02346925454,31/12/75,andreza.globoconsorcios@gmail.com
VXL88I,VENEX2,900001,VENDAS VENDEDORES (EXTERNO),,ANA MARIA MELO DE OLIVEIRA,00849516480,20/07/81,anamariamelo.natal@gmail.com
MXQ4P1,VENEX2,900001,VENDAS VENDEDORES (EXTERNO),,BRUNA RAYSSA MONTEIRO TRINDADE SÁ DE OLIVEIRA,09025390439,21/01/93,brunapb.globoconsorcios@gmail.com
CXUPTR,VENEX2,900001,VENDAS VENDEDORES (EXTERNO),,JOSE ROBERTO DOS SANTOS LIMA,01882785320,09/07/86,robertovendas875@gmail.com
IXCLLI,VENEX2,900001,VENDAS VENDEDORES (EXTERNO),,BRUNO MELO MIRANDA,00070128294,11/08/89,MEGACONSORCIOS.PA@GMAIL.COM
YXHB6M,VENEX2,900001,VENDAS VENDEDORES (EXTERNO),,MILENA CRISTINA FERREIRA DA LUZ,03314992238,23/10/96,MILENAFERRE67@GMAIL.COM
YXBNF5,VENEX2,900001,VENDAS VENDEDORES (EXTERNO),,PRISCILA BARROSO BATISTA,60399647317,09/04/93,globoconsorciosrh@hotail.com
BXIA26,VENEX3,900001,GERENTE/SUPERVISOR (Concessionaria),,PATRICIA RODRIGUES LOPES DA SILVA,02770825364,25/10/88,globoconsorcios.patricia@gmail.com
XXNWA3,VENEX2,900001,VENDAS VENDEDORES (EXTERNO),,BRENDA MARLEY DA SILVA ANDRADE,05801618384,03/09/94,brendamarley015@gmail.com
LXECGK,VENEX2,900001,VENDAS VENDEDORES (EXTERNO),,Adenilson Matos de Aquino,05082039105,17/06/94,Adenilson@novorioveiculos.com.br
LX7A1T,VENEX2,900001,VENDAS VENDEDORES (EXTERNO),,Weglis Silva Castro,00136814190,11/07/84,weglis@novorioveiculos.com.br
QXYTZC,VENEX1,900001,DIGITADOR,,Leandro soares dos Santos,02658639104,21/04/91,leandro@novorioveiculos.com.br
XXYHFW,VENEX1,900001,DIGITADOR,,Tamires Brilhante Pereira dos Santos,02244653170,09/05/90,tamires@novorioveiculos.com.br
JX0BJ4,VENEX2,900001,VENDAS VENDEDORES (EXTERNO),,Aurélio Lima Vaqueiro,83933719100,21/11/78,aurelio@novorioveiculos.com.br
VXXANQ,VENEX2,900001,VENDAS VENDEDORES (EXTERNO),,CARLOS EDUARDO PEREIRA DE FONTES,03024299564,28/10/88,CADUPFONTES@GMAIL.COM
FXX60S,VENEX2,900001,VENDAS VENDEDORES (EXTERNO),,IRIS NAYARA SILVA SANTOS,09826924474,11/01/00,IRIS.SANTOS@CONTORNOVEICULOS.COM.BR
RX5XTB,VENEX3,900001,GERENTE/SUPERVISOR (Concessionaria),,ANA RAQUEL DOS SANTOS SILVA,04277500161,09/03/93,ANA.RAQUEL_AJU@HOTMAIL.COM
JXDRGE,VENEX2,900001,VENDAS VENDEDORES (EXTERNO),,RAUL SANTOS FERREIRA DE SOUZA,31628913886,02/09/82,raulsantos@contornoveiculos.com.br
EXXVH1,VENEX2,900001,VENDAS VENDEDORES (EXTERNO),,THAYSA MARA DE LIMA SANTIAGO,60463712366,30/01/97,GLOBO.POSVENDABELEM@GMAIL.COM
NXPL8N,VENEX2,900001,VENDAS VENDEDORES (EXTERNO),,Denise Cristina de Oliveira Delfino Chaves,13533017613,17/04/99,denise@autogerais.com
NXP5U0,VENEX2,900001,VENDAS VENDEDORES (EXTERNO),,Jose Marcelo Mendonça,77249437615,01/12/70,marcelo@autogerais.com
TXYDP1,VENEX2,900001,VENDAS VENDEDORES (EXTERNO),,Juliana Cristina Veloso,10700898697,14/06/90,juliana@autogerais.com
GX25S7,VENEX2,900001,VENDAS VENDEDORES (EXTERNO),,Mylena de Souza Santos,08661807611,19/06/98,mylena@autogerais.com
NXUKLV,VENEX3,900001,GERENTE/SUPERVISOR (Concessionaria),,Ricardo Jose Rodrigues,74747061720,21/05/63,ricardo@autogerais.com
HX1XSQ,VENEX3,900001,GERENTE/SUPERVISOR (Concessionaria),,Marco Aurélio Fonseca da Silva,67626637615,22/11/74,marquinho@autogerais.com
UXVNDM,VENEX2,900001,VENDAS VENDEDORES (EXTERNO),,Elizeu Augusto de Castro,83320105604,08/06/70,elizeu@autogerais.com
CXZJXF,VENEX2,900001,VENDAS VENDEDORES (EXTERNO),,Vinícius Carvalho Rodrigues,06590216681,29/12/83,vinicius@autogerais.com
JXA6QM,VENEX2,900001,VENDAS VENDEDORES (EXTERNO),,Iris Penna Rodrigues Rego,10692293698,08/02/96,iris@autogerais.com
