[
    {
        "actionName": "Action",
        "steps": [
            {
                "stepId": "STEP6",
                "stepName": "Custom Request: REQ21_WS_AtualizarEndereco",
                "infFile": "t1.inf",
                "time": 1627401321746
            }
        ],
        "transactions": [
            {
                "transactionName": "REQ21_WS_AtualizarEndereco",
                "rawStartTime": 1627401306858,
                "rawEndTime": 1627401321794,
                "thinkTime": 0.0,
                "wastedTime": 2.005948543548584
            }
        ]
    }
]