﻿<?xml version="1.0"?>
<!DOCTYPE Report
[
<!ELEMENT Report (General ,(Doc|BPT)) >
<!ATTLIST Report ver CDATA #REQUIRED tmZone CDATA #REQUIRED>

<!ELEMENT General ( DocLocation ) >
<!ATTLIST General productName CDATA #REQUIRED productVer CDATA #REQUIRED os CDATA #REQUIRED host CDATA #REQUIRED qcserver CDATA #IMPLIED qcproject CDATA #IMPLIED SolManSolutionId CDATA #IMPLIED SolManProjectId CDATA #IMPLIED SolManTestPlanId CDATA #IMPLIED SolManTestPackageId CDATA #IMPLIED SolManUserInfoData CDATA #IMPLIED  >

<!ELEMENT BPT (DName,Res,DVer?,TSet?,TInst?,NodeArgs,AdditionalInfo*,Doc*) >
<!ATTLIST BPT rID ID #REQUIRED >

<!ELEMENT Doc (DName,ConfName?,Res,DVer?,TSet?,TInst?,RunType?,DT?,AdditionalInfo*,Step*,DIter*,Step*,Action*,Doc*,Summary?,TestMaintenanceSummary*,NodeArgs?) >
<!ATTLIST Doc rID ID #REQUIRED type (Test|BC|BPTWrapperTest|Flow|Group|Action) "Test" productName CDATA #REQUIRED BCIter CDATA #IMPLIED >

<!ELEMENT RunType ( #PCDATA )>
<!ATTLIST RunType fmStep (False|True) "False" batch (False|True) "False" upDesc (False|True) "False" upChk (False|True) "False" upAS (False|True) "False">

<!ELEMENT DName ( #PCDATA ) >

<!ELEMENT ConfName ( #PCDATA ) >

<!ELEMENT Res ( #PCDATA ) >

<!ELEMENT AdditionalInfo (AdditionalDataName,AdditionalDataValue ) >

<!ELEMENT AdditionalDataName ( #PCDATA ) >

<!ELEMENT AdditionalDataValue ( #PCDATA ) >

<!ELEMENT DVer ( #PCDATA ) >

<!ELEMENT TSet ( #PCDATA ) >

<!ELEMENT TInst ( #PCDATA ) >

<!ELEMENT DIter (Step*,Action+,Summary?,NodeArgs)>
<!ATTLIST DIter rID ID #REQUIRED iterID CDATA #REQUIRED>

<!ELEMENT DocLocation ( #PCDATA )>

<!ELEMENT Action (AName,AIter*,(Step|HtmlStep|Action)*, Summary,ActionMaintenanceSummary*, NodeArgs ) >
<!ATTLIST Action rID ID #REQUIRED>

<!ELEMENT AIter ((Step|HtmlStep|Action)*,DataMapping?, Summary?,NodeArgs) >
<!ATTLIST AIter rID ID #REQUIRED iterID CDATA #REQUIRED isCountable (False|True) "False" >

<!ELEMENT AName ( #PCDATA ) >

<!ELEMENT TestMaintenanceSummary (ActionMaintenanceSummary*) >
<!ATTLIST TestMaintenanceSummary ObjectsAdded CDATA #REQUIRED ObjectsUpdated CDATA #REQUIRED StepsUpdated CDATA #REQUIRED StepsComments CDATA #REQUIRED><!ELEMENT ActionMaintenanceSummary (ObjectChange* ) >
<!ATTLIST ActionMaintenanceSummary Action CDATA #REQUIRED Objects CDATA #REQUIRED Updated CDATA #REQUIRED LinesTotal CDATA #REQUIRED Added CDATA #REQUIRED LinesUpdated CDATA #REQUIRED>

<!ELEMENT ObjectChange  (Hierarchy, PropertyChangeList* ) >
<!ATTLIST ObjectChange Operation CDATA #IMPLIED OriginalRepository CDATA #IMPLIED>

<!ELEMENT PropertyChangeList (PropertyDef*) >

<!ELEMENT PropertyDef (OriginalValue, NewValue) >
<!ATTLIST PropertyDef PropName CDATA #REQUIRED OriginRegularExpression (True|False) "False" NewRegularExpression (True|False) "False" AddedProperty (True|False) "False" >

<!ELEMENT OriginalValue ( #PCDATA )>

<!ELEMENT NewValue ( #PCDATA )>

<!ELEMENT Hierarchy  (ObjectName, Hierarchy*) >
<!ATTLIST Hierarchy MicClass CDATA #REQUIRED>

<!ELEMENT ObjectName  ( #PCDATA ) >

<!ELEMENT Step (Obj,Details,Time,TimeTick* ,(Step|HtmlStep|Doc)*, DataMapping?, NodeArgs) >
<!ATTLIST Step rID ID #REQUIRED retval CDATA #IMPLIED>

<!ELEMENT HtmlStep (HTML,TimeTick*,(Step|HtmlStep|Doc)*,NodeArgs) >
<!ATTLIST HtmlStep rID ID #REQUIRED >

<!ELEMENT Obj ( #PCDATA ) >
<!ATTLIST Obj plainTxt (False|True) "True">

<!ELEMENT Details ( #PCDATA ) >
<!ATTLIST Details plainTxt (False|True) "True">

<!ELEMENT Time ( #PCDATA ) >

<!ELEMENT HTML ( #PCDATA ) >

<!ELEMENT Disp ( #PCDATA ) >

<!ELEMENT TimeTick ( #PCDATA ) >

<!ELEMENT DataMapping ( DataMappedItem* )>
<!ELEMENT DataMappedItem EMPTY >
<!ATTLIST DataMappedItem dsName CDATA #REQUIRED >
<!ATTLIST DataMappedItem rowId CDATA #REQUIRED >

<!ELEMENT NodeArgs (Disp,TopPane?,BtmPane?,ExtendedInfo? )>
<!ATTLIST NodeArgs eType CDATA #REQUIRED icon CDATA #REQUIRED nRep CDATA #REQUIRED UserNote CDATA #IMPLIED filter (False|True) "True">
<!ATTLIST NodeArgs status (Passed|Failed|Done|Warning|Information) "Done">
<!ATTLIST NodeArgs iconSel CDATA #IMPLIED nType CDATA #IMPLIED MovieMarker CDATA "">
<!ATTLIST NodeArgs Source CDATA #IMPLIED SourceLine CDATA #IMPLIED StepFlowItemKey CDATA #IMPLIED >

<!ELEMENT TopPane (Path)>

<!ELEMENT BtmPane ( (Path|WR)?,ASHilite?)>
<!ATTLIST BtmPane vType CDATA "HTML">

<!ELEMENT Path ( #PCDATA ) >

<!ELEMENT ASHilite ( #PCDATA ) >

<!ELEMENT WR ( #PCDATA ) >

<!ELEMENT ExtendedInfo ( StepData ) >

<!ATTLIST ExtendedInfo StepType CDATA #REQUIRED>
<!ELEMENT DT (NodeArgs) >
<!ATTLIST DT rID ID #REQUIRED>

<!ELEMENT Summary (Param*)>
<!ATTLIST Summary sTime CDATA #IMPLIED eTime CDATA #IMPLIED passed CDATA #IMPLIED failed CDATA #IMPLIED warnings CDATA #IMPLIED retval CDATA #IMPLIED stopped (False|True) "False" >

<!ELEMENT Param (ParamName,ParamVal)+ >
<!ATTLIST Param paramInOut (In|Out) "In">

<!ELEMENT ParamName ( #PCDATA ) >

<!ELEMENT ParamVal ( #PCDATA ) >

]
>
<Report ver="2.0" tmZone="E. South America Standard Time">
<General productName="Vugen" productVer="2021" os="" host="BRSPPULI9364SBG"><DocLocation><![CDATA[S:\GMF_NewCon\Test_Scripts\URA009_WS_GeraBoleto]]></DocLocation></General>
<Doc rID="T1"   productName= "Vugen"  >
<DName><![CDATA[URA009_WS_GeraBoleto]]></DName>
<Res><![CDATA[result1]]></Res>
<Action rID="T2">
<AName><![CDATA[vuser_init]]></AName>
<Summary sTime="26/07/2021 - 01:12:11" eTime="26/07/2021 - 01:12:17" passed="0" failed="0" warnings="0" ></Summary>
<NodeArgs eType="StartAction" icon="2" nRep="5" >
<Disp><![CDATA[vuser_init Summary]]></Disp>
</NodeArgs>
</Action>
<DIter rID="T3" iterID="1" >
<Action rID="T4">
<AName><![CDATA[Action]]></AName>
<Step rID="T5">
<Obj plainTxt="False" ><![CDATA[Service: Set Max Html Param Len]]></Obj>
<Details plainTxt="False" ><![CDATA[<CENTER>Maximum length of a HTML string that can be retrieved and saved set to <STRONG><FONT COLOR=#00AF00>1000000</FONT></STRONG> characters</CENTER>]]></Details>
<Time><![CDATA[26/07/2021 - 01:12:33]]></Time>
<TimeTick>1627272753</TimeTick>
<NodeArgs eType="General" icon="4" nRep="9" >
<Disp><![CDATA[Service: Set Max Html Param Len]]></Disp>
</NodeArgs>
</Step>
<Step rID="T6">
<Obj plainTxt="False" ><![CDATA["lr_xml_set_values"]]></Obj>
<Details plainTxt="False" ><![CDATA[<CENTER><STRONG><FONT COLOR=#009A63>"lr_xml_set_values" succeeded</FONT></STRONG></CENTER>]]></Details>
<Time><![CDATA[26/07/2021 - 01:12:36]]></Time>
<TimeTick>1627272756</TimeTick>
<NodeArgs eType="General" icon="5" nRep="10" status="Passed" >
<Disp><![CDATA["lr_xml_set_values"]]></Disp>
</NodeArgs>
</Step>
<Step rID="T7">
<Obj plainTxt="False" ><![CDATA["lr_xml_set_values"]]></Obj>
<Details plainTxt="False" ><![CDATA[<CENTER><STRONG><FONT COLOR=#009A63>"lr_xml_set_values" succeeded</FONT></STRONG></CENTER>]]></Details>
<Time><![CDATA[26/07/2021 - 01:12:39]]></Time>
<TimeTick>1627272759</TimeTick>
<NodeArgs eType="General" icon="5" nRep="11" status="Passed" >
<Disp><![CDATA["lr_xml_set_values"]]></Disp>
</NodeArgs>
</Step>
<Step rID="T8">
<Obj plainTxt="False" ><![CDATA["lr_xml_set_values"]]></Obj>
<Details plainTxt="False" ><![CDATA[<CENTER><STRONG><FONT COLOR=#009A63>"lr_xml_set_values" succeeded</FONT></STRONG></CENTER>]]></Details>
<Time><![CDATA[26/07/2021 - 01:12:39]]></Time>
<TimeTick>1627272759</TimeTick>
<NodeArgs eType="General" icon="5" nRep="12" status="Passed" >
<Disp><![CDATA["lr_xml_set_values"]]></Disp>
</NodeArgs>
</Step>
<Step rID="T9">
<Obj plainTxt="False" ><![CDATA["lr_xml_set_values"]]></Obj>
<Details plainTxt="False" ><![CDATA[<CENTER><STRONG><FONT COLOR=#009A63>"lr_xml_set_values" succeeded</FONT></STRONG></CENTER>]]></Details>
<Time><![CDATA[26/07/2021 - 01:12:39]]></Time>
<TimeTick>1627272759</TimeTick>
<NodeArgs eType="General" icon="5" nRep="13" status="Passed" >
<Disp><![CDATA["lr_xml_set_values"]]></Disp>
</NodeArgs>
</Step>
<Step rID="T10">
<Obj plainTxt="False" ><![CDATA["lr_xml_set_values"]]></Obj>
<Details plainTxt="False" ><![CDATA[<CENTER><STRONG><FONT COLOR=#009A63>"lr_xml_set_values" succeeded</FONT></STRONG></CENTER>]]></Details>
<Time><![CDATA[26/07/2021 - 01:12:39]]></Time>
<TimeTick>1627272759</TimeTick>
<NodeArgs eType="General" icon="5" nRep="14" status="Passed" >
<Disp><![CDATA["lr_xml_set_values"]]></Disp>
</NodeArgs>
</Step>
<Step rID="T11">
<Obj plainTxt="False" ><![CDATA["lr_xml_set_values"]]></Obj>
<Details plainTxt="False" ><![CDATA[<CENTER><STRONG><FONT COLOR=#009A63>"lr_xml_set_values" succeeded</FONT></STRONG></CENTER>]]></Details>
<Time><![CDATA[26/07/2021 - 01:12:40]]></Time>
<TimeTick>1627272760</TimeTick>
<NodeArgs eType="General" icon="5" nRep="15" status="Passed" >
<Disp><![CDATA["lr_xml_set_values"]]></Disp>
</NodeArgs>
</Step>
<Step rID="T12">
<Obj plainTxt="False" ><![CDATA["lr_xml_set_values"]]></Obj>
<Details plainTxt="False" ><![CDATA[<CENTER><STRONG><FONT COLOR=#009A63>"lr_xml_set_values" succeeded</FONT></STRONG></CENTER>]]></Details>
<Time><![CDATA[26/07/2021 - 01:12:40]]></Time>
<TimeTick>1627272760</TimeTick>
<NodeArgs eType="General" icon="5" nRep="16" status="Passed" >
<Disp><![CDATA["lr_xml_set_values"]]></Disp>
</NodeArgs>
</Step>
<Step rID="T13">
<Obj plainTxt="False" ><![CDATA[Service: Reg Save Param]]></Obj>
<Details plainTxt="False" ><![CDATA[<CENTER>ParamName =<STRONG><FONT COLOR=#00AF00>response</FONT></STRONG><BR>Left Boundary = <STRONG><FONT COLOR=#00AF00>LB=</FONT></STRONG><BR>Right Boundary = <STRONG><FONT COLOR=#00AF00>RB=</FONT></STRONG><BR>Instance = <STRONG><FONT COLOR=#00AF00>Ord=1</FONT></STRONG></CENTER>]]></Details>
<Time><![CDATA[26/07/2021 - 01:12:40]]></Time>
<TimeTick>1627272760</TimeTick>
<NodeArgs eType="General" icon="6" nRep="17" >
<Disp><![CDATA[Service: Reg Save Param]]></Disp>
</NodeArgs>
</Step>
<Step rID="T14">
<Obj plainTxt="False" ><![CDATA[Custom Request: wstransaction]]></Obj>
<Details plainTxt="False" ><![CDATA[<CENTER><STRONG><FONT COLOR=#009A63>Step completed successfully</FONT></STRONG></CENTER>]]></Details>
<Time><![CDATA[26/07/2021 - 01:12:55]]></Time>
<TimeTick>1627272775</TimeTick>
<NodeArgs eType="General" icon="7" nRep="18" status="Passed" >
<Disp><![CDATA[Custom Request: wstransaction]]></Disp>
<BtmPane vType="HTMLSNSH" >
<Path><![CDATA[\Iteration1\t1.inf]]></Path>
</BtmPane>
</NodeArgs>
</Step>
<Step rID="T15">
<Obj plainTxt="False" ><![CDATA["lr_xml_get_values"]]></Obj>
<Details plainTxt="False" ><![CDATA[<CENTER><STRONG><FONT COLOR=#009A63>"lr_xml_get_values" succeeded</FONT></STRONG></CENTER>]]></Details>
<Time><![CDATA[26/07/2021 - 01:12:59]]></Time>
<TimeTick>1627272779</TimeTick>
<NodeArgs eType="General" icon="8" nRep="19" status="Passed" >
<Disp><![CDATA["lr_xml_get_values"]]></Disp>
</NodeArgs>
</Step>
<Step rID="T16">
<Obj plainTxt="False" ><![CDATA["lr_xml_get_values"]]></Obj>
<Details plainTxt="False" ><![CDATA[<CENTER><STRONG><FONT COLOR=#009A63>"lr_xml_get_values" succeeded</FONT></STRONG></CENTER>]]></Details>
<Time><![CDATA[26/07/2021 - 01:13:02]]></Time>
<TimeTick>1627272782</TimeTick>
<NodeArgs eType="General" icon="8" nRep="20" status="Passed" >
<Disp><![CDATA["lr_xml_get_values"]]></Disp>
</NodeArgs>
</Step>
<Step rID="T17">
<Obj plainTxt="False" ><![CDATA["lr_xml_get_values"]]></Obj>
<Details plainTxt="False" ><![CDATA[<CENTER><STRONG><FONT COLOR=#009A63>"lr_xml_get_values" succeeded</FONT></STRONG></CENTER>]]></Details>
<Time><![CDATA[26/07/2021 - 01:13:02]]></Time>
<TimeTick>1627272782</TimeTick>
<NodeArgs eType="General" icon="8" nRep="21" status="Passed" >
<Disp><![CDATA["lr_xml_get_values"]]></Disp>
</NodeArgs>
</Step>
<Step rID="T18">
<Obj plainTxt="False" ><![CDATA["lr_xml_get_values"]]></Obj>
<Details plainTxt="False" ><![CDATA[<CENTER><STRONG><FONT COLOR=#009A63>"lr_xml_get_values" succeeded</FONT></STRONG></CENTER>]]></Details>
<Time><![CDATA[26/07/2021 - 01:13:02]]></Time>
<TimeTick>1627272782</TimeTick>
<NodeArgs eType="General" icon="8" nRep="22" status="Passed" >
<Disp><![CDATA["lr_xml_get_values"]]></Disp>
</NodeArgs>
</Step>
<Step rID="T19">
<Obj plainTxt="False" ><![CDATA[lr_output_message]]></Obj>
<Details plainTxt="False" ><![CDATA[<CENTER><STRONG><FONT COLOR=#009A63>Output message</FONT></STRONG></CENTER>]]></Details>
<Time><![CDATA[26/07/2021 - 01:13:19]]></Time>
<TimeTick>1627272799</TimeTick>
<NodeArgs eType="General" icon="9" nRep="23" status="Passed" >
<Disp><![CDATA[lr_output_message]]></Disp>
<BtmPane vType="HTMLSNSH" >
<Path><![CDATA[\Iteration1\t16666367.inf]]></Path>
</BtmPane>
</NodeArgs>
</Step>
<Summary sTime="26/07/2021 - 01:12:30" eTime="26/07/2021 - 01:13:25" passed="13" failed="0" warnings="0" ></Summary>
<NodeArgs eType="StartAction" icon="2" nRep="8" status="Passed" >
<Disp><![CDATA[Action Summary]]></Disp>
</NodeArgs>
</Action>
<NodeArgs eType="StartIteration" icon="3" nRep="7" status="Passed" >
<Disp><![CDATA[URA009_WS_GeraBoleto Iteration 1 (Row 1)]]></Disp>
</NodeArgs>
</DIter>
<DIter rID="T20" iterID="2" >
<Action rID="T21">
<AName><![CDATA[Action]]></AName>
<Step rID="T22">
<Obj plainTxt="False" ><![CDATA[Service: Set Max Html Param Len]]></Obj>
<Details plainTxt="False" ><![CDATA[<CENTER>Maximum length of a HTML string that can be retrieved and saved set to <STRONG><FONT COLOR=#00AF00>1000000</FONT></STRONG> characters</CENTER>]]></Details>
<Time><![CDATA[26/07/2021 - 01:13:38]]></Time>
<TimeTick>1627272818</TimeTick>
<NodeArgs eType="General" icon="4" nRep="28" >
<Disp><![CDATA[Service: Set Max Html Param Len]]></Disp>
</NodeArgs>
</Step>
<Step rID="T23">
<Obj plainTxt="False" ><![CDATA["lr_xml_set_values"]]></Obj>
<Details plainTxt="False" ><![CDATA[<CENTER><STRONG><FONT COLOR=#009A63>"lr_xml_set_values" succeeded</FONT></STRONG></CENTER>]]></Details>
<Time><![CDATA[26/07/2021 - 01:13:39]]></Time>
<TimeTick>1627272819</TimeTick>
<NodeArgs eType="General" icon="5" nRep="29" status="Passed" >
<Disp><![CDATA["lr_xml_set_values"]]></Disp>
</NodeArgs>
</Step>
<Step rID="T24">
<Obj plainTxt="False" ><![CDATA["lr_xml_set_values"]]></Obj>
<Details plainTxt="False" ><![CDATA[<CENTER><STRONG><FONT COLOR=#009A63>"lr_xml_set_values" succeeded</FONT></STRONG></CENTER>]]></Details>
<Time><![CDATA[26/07/2021 - 01:13:40]]></Time>
<TimeTick>1627272820</TimeTick>
<NodeArgs eType="General" icon="5" nRep="30" status="Passed" >
<Disp><![CDATA["lr_xml_set_values"]]></Disp>
</NodeArgs>
</Step>
<Step rID="T25">
<Obj plainTxt="False" ><![CDATA["lr_xml_set_values"]]></Obj>
<Details plainTxt="False" ><![CDATA[<CENTER><STRONG><FONT COLOR=#009A63>"lr_xml_set_values" succeeded</FONT></STRONG></CENTER>]]></Details>
<Time><![CDATA[26/07/2021 - 01:13:40]]></Time>
<TimeTick>1627272820</TimeTick>
<NodeArgs eType="General" icon="5" nRep="31" status="Passed" >
<Disp><![CDATA["lr_xml_set_values"]]></Disp>
</NodeArgs>
</Step>
<Step rID="T26">
<Obj plainTxt="False" ><![CDATA["lr_xml_set_values"]]></Obj>
<Details plainTxt="False" ><![CDATA[<CENTER><STRONG><FONT COLOR=#009A63>"lr_xml_set_values" succeeded</FONT></STRONG></CENTER>]]></Details>
<Time><![CDATA[26/07/2021 - 01:13:40]]></Time>
<TimeTick>1627272820</TimeTick>
<NodeArgs eType="General" icon="5" nRep="32" status="Passed" >
<Disp><![CDATA["lr_xml_set_values"]]></Disp>
</NodeArgs>
</Step>
<Step rID="T27">
<Obj plainTxt="False" ><![CDATA["lr_xml_set_values"]]></Obj>
<Details plainTxt="False" ><![CDATA[<CENTER><STRONG><FONT COLOR=#009A63>"lr_xml_set_values" succeeded</FONT></STRONG></CENTER>]]></Details>
<Time><![CDATA[26/07/2021 - 01:13:40]]></Time>
<TimeTick>1627272820</TimeTick>
<NodeArgs eType="General" icon="5" nRep="33" status="Passed" >
<Disp><![CDATA["lr_xml_set_values"]]></Disp>
</NodeArgs>
</Step>
<Step rID="T28">
<Obj plainTxt="False" ><![CDATA["lr_xml_set_values"]]></Obj>
<Details plainTxt="False" ><![CDATA[<CENTER><STRONG><FONT COLOR=#009A63>"lr_xml_set_values" succeeded</FONT></STRONG></CENTER>]]></Details>
<Time><![CDATA[26/07/2021 - 01:13:40]]></Time>
<TimeTick>1627272820</TimeTick>
<NodeArgs eType="General" icon="5" nRep="34" status="Passed" >
<Disp><![CDATA["lr_xml_set_values"]]></Disp>
</NodeArgs>
</Step>
<Step rID="T29">
<Obj plainTxt="False" ><![CDATA["lr_xml_set_values"]]></Obj>
<Details plainTxt="False" ><![CDATA[<CENTER><STRONG><FONT COLOR=#009A63>"lr_xml_set_values" succeeded</FONT></STRONG></CENTER>]]></Details>
<Time><![CDATA[26/07/2021 - 01:13:40]]></Time>
<TimeTick>1627272820</TimeTick>
<NodeArgs eType="General" icon="5" nRep="35" status="Passed" >
<Disp><![CDATA["lr_xml_set_values"]]></Disp>
</NodeArgs>
</Step>
<Step rID="T30">
<Obj plainTxt="False" ><![CDATA[Service: Reg Save Param]]></Obj>
<Details plainTxt="False" ><![CDATA[<CENTER>ParamName =<STRONG><FONT COLOR=#00AF00>response</FONT></STRONG><BR>Left Boundary = <STRONG><FONT COLOR=#00AF00>LB=</FONT></STRONG><BR>Right Boundary = <STRONG><FONT COLOR=#00AF00>RB=</FONT></STRONG><BR>Instance = <STRONG><FONT COLOR=#00AF00>Ord=1</FONT></STRONG></CENTER>]]></Details>
<Time><![CDATA[26/07/2021 - 01:13:40]]></Time>
<TimeTick>1627272820</TimeTick>
<NodeArgs eType="General" icon="6" nRep="36" >
<Disp><![CDATA[Service: Reg Save Param]]></Disp>
</NodeArgs>
</Step>
<Step rID="T31">
<Obj plainTxt="False" ><![CDATA[Custom Request: wstransaction]]></Obj>
<Details plainTxt="False" ><![CDATA[<CENTER><STRONG><FONT COLOR=#009A63>Step completed successfully</FONT></STRONG></CENTER>]]></Details>
<Time><![CDATA[26/07/2021 - 01:13:54]]></Time>
<TimeTick>1627272834</TimeTick>
<NodeArgs eType="General" icon="7" nRep="37" status="Passed" >
<Disp><![CDATA[Custom Request: wstransaction]]></Disp>
<BtmPane vType="HTMLSNSH" >
<Path><![CDATA[\Iteration2\t1.inf]]></Path>
</BtmPane>
</NodeArgs>
</Step>
<Step rID="T32">
<Obj plainTxt="False" ><![CDATA["lr_xml_get_values"]]></Obj>
<Details plainTxt="False" ><![CDATA[<CENTER><STRONG><FONT COLOR=#009A63>"lr_xml_get_values" succeeded</FONT></STRONG></CENTER>]]></Details>
<Time><![CDATA[26/07/2021 - 01:13:57]]></Time>
<TimeTick>1627272837</TimeTick>
<NodeArgs eType="General" icon="8" nRep="38" status="Passed" >
<Disp><![CDATA["lr_xml_get_values"]]></Disp>
</NodeArgs>
</Step>
<Step rID="T33">
<Obj plainTxt="False" ><![CDATA["lr_xml_get_values"]]></Obj>
<Details plainTxt="False" ><![CDATA[<CENTER><STRONG><FONT COLOR=#009A63>"lr_xml_get_values" succeeded</FONT></STRONG></CENTER>]]></Details>
<Time><![CDATA[26/07/2021 - 01:13:58]]></Time>
<TimeTick>1627272838</TimeTick>
<NodeArgs eType="General" icon="8" nRep="39" status="Passed" >
<Disp><![CDATA["lr_xml_get_values"]]></Disp>
</NodeArgs>
</Step>
<Step rID="T34">
<Obj plainTxt="False" ><![CDATA["lr_xml_get_values"]]></Obj>
<Details plainTxt="False" ><![CDATA[<CENTER><STRONG><FONT COLOR=#009A63>"lr_xml_get_values" succeeded</FONT></STRONG></CENTER>]]></Details>
<Time><![CDATA[26/07/2021 - 01:13:58]]></Time>
<TimeTick>1627272838</TimeTick>
<NodeArgs eType="General" icon="8" nRep="40" status="Passed" >
<Disp><![CDATA["lr_xml_get_values"]]></Disp>
</NodeArgs>
</Step>
<Step rID="T35">
<Obj plainTxt="False" ><![CDATA["lr_xml_get_values"]]></Obj>
<Details plainTxt="False" ><![CDATA[<CENTER><STRONG><FONT COLOR=#009A63>"lr_xml_get_values" succeeded</FONT></STRONG></CENTER>]]></Details>
<Time><![CDATA[26/07/2021 - 01:13:58]]></Time>
<TimeTick>1627272838</TimeTick>
<NodeArgs eType="General" icon="8" nRep="41" status="Passed" >
<Disp><![CDATA["lr_xml_get_values"]]></Disp>
</NodeArgs>
</Step>
<Step rID="T36">
<Obj plainTxt="False" ><![CDATA[lr_output_message]]></Obj>
<Details plainTxt="False" ><![CDATA[<CENTER><STRONG><FONT COLOR=#009A63>Output message</FONT></STRONG></CENTER>]]></Details>
<Time><![CDATA[26/07/2021 - 01:14:15]]></Time>
<TimeTick>1627272855</TimeTick>
<NodeArgs eType="General" icon="9" nRep="42" status="Passed" >
<Disp><![CDATA[lr_output_message]]></Disp>
<BtmPane vType="HTMLSNSH" >
<Path><![CDATA[\Iteration2\t54686302.inf]]></Path>
</BtmPane>
</NodeArgs>
</Step>
<Summary sTime="26/07/2021 - 01:13:35" eTime="26/07/2021 - 01:14:18" passed="13" failed="0" warnings="0" ></Summary>
<NodeArgs eType="StartAction" icon="2" nRep="27" status="Passed" >
<Disp><![CDATA[Action Summary]]></Disp>
</NodeArgs>
</Action>
<NodeArgs eType="StartIteration" icon="3" nRep="26" status="Passed" >
<Disp><![CDATA[URA009_WS_GeraBoleto Iteration 2 (Row 2)]]></Disp>
</NodeArgs>
</DIter>
<DIter rID="T37" iterID="3" >
<Action rID="T38">
<AName><![CDATA[Action]]></AName>
<Step rID="T39">
<Obj plainTxt="False" ><![CDATA[Service: Set Max Html Param Len]]></Obj>
<Details plainTxt="False" ><![CDATA[<CENTER>Maximum length of a HTML string that can be retrieved and saved set to <STRONG><FONT COLOR=#00AF00>1000000</FONT></STRONG> characters</CENTER>]]></Details>
<Time><![CDATA[26/07/2021 - 01:14:29]]></Time>
<TimeTick>1627272869</TimeTick>
<NodeArgs eType="General" icon="4" nRep="47" >
<Disp><![CDATA[Service: Set Max Html Param Len]]></Disp>
</NodeArgs>
</Step>
<Step rID="T40">
<Obj plainTxt="False" ><![CDATA["lr_xml_set_values"]]></Obj>
<Details plainTxt="False" ><![CDATA[<CENTER><STRONG><FONT COLOR=#009A63>"lr_xml_set_values" succeeded</FONT></STRONG></CENTER>]]></Details>
<Time><![CDATA[26/07/2021 - 01:14:29]]></Time>
<TimeTick>1627272869</TimeTick>
<NodeArgs eType="General" icon="5" nRep="48" status="Passed" >
<Disp><![CDATA["lr_xml_set_values"]]></Disp>
</NodeArgs>
</Step>
<Step rID="T41">
<Obj plainTxt="False" ><![CDATA["lr_xml_set_values"]]></Obj>
<Details plainTxt="False" ><![CDATA[<CENTER><STRONG><FONT COLOR=#009A63>"lr_xml_set_values" succeeded</FONT></STRONG></CENTER>]]></Details>
<Time><![CDATA[26/07/2021 - 01:14:31]]></Time>
<TimeTick>1627272871</TimeTick>
<NodeArgs eType="General" icon="5" nRep="49" status="Passed" >
<Disp><![CDATA["lr_xml_set_values"]]></Disp>
</NodeArgs>
</Step>
<Step rID="T42">
<Obj plainTxt="False" ><![CDATA["lr_xml_set_values"]]></Obj>
<Details plainTxt="False" ><![CDATA[<CENTER><STRONG><FONT COLOR=#009A63>"lr_xml_set_values" succeeded</FONT></STRONG></CENTER>]]></Details>
<Time><![CDATA[26/07/2021 - 01:14:31]]></Time>
<TimeTick>1627272871</TimeTick>
<NodeArgs eType="General" icon="5" nRep="50" status="Passed" >
<Disp><![CDATA["lr_xml_set_values"]]></Disp>
</NodeArgs>
</Step>
<Step rID="T43">
<Obj plainTxt="False" ><![CDATA["lr_xml_set_values"]]></Obj>
<Details plainTxt="False" ><![CDATA[<CENTER><STRONG><FONT COLOR=#009A63>"lr_xml_set_values" succeeded</FONT></STRONG></CENTER>]]></Details>
<Time><![CDATA[26/07/2021 - 01:14:31]]></Time>
<TimeTick>1627272871</TimeTick>
<NodeArgs eType="General" icon="5" nRep="51" status="Passed" >
<Disp><![CDATA["lr_xml_set_values"]]></Disp>
</NodeArgs>
</Step>
<Step rID="T44">
<Obj plainTxt="False" ><![CDATA["lr_xml_set_values"]]></Obj>
<Details plainTxt="False" ><![CDATA[<CENTER><STRONG><FONT COLOR=#009A63>"lr_xml_set_values" succeeded</FONT></STRONG></CENTER>]]></Details>
<Time><![CDATA[26/07/2021 - 01:14:31]]></Time>
<TimeTick>1627272871</TimeTick>
<NodeArgs eType="General" icon="5" nRep="52" status="Passed" >
<Disp><![CDATA["lr_xml_set_values"]]></Disp>
</NodeArgs>
</Step>
<Step rID="T45">
<Obj plainTxt="False" ><![CDATA["lr_xml_set_values"]]></Obj>
<Details plainTxt="False" ><![CDATA[<CENTER><STRONG><FONT COLOR=#009A63>"lr_xml_set_values" succeeded</FONT></STRONG></CENTER>]]></Details>
<Time><![CDATA[26/07/2021 - 01:14:31]]></Time>
<TimeTick>1627272871</TimeTick>
<NodeArgs eType="General" icon="5" nRep="53" status="Passed" >
<Disp><![CDATA["lr_xml_set_values"]]></Disp>
</NodeArgs>
</Step>
<Step rID="T46">
<Obj plainTxt="False" ><![CDATA["lr_xml_set_values"]]></Obj>
<Details plainTxt="False" ><![CDATA[<CENTER><STRONG><FONT COLOR=#009A63>"lr_xml_set_values" succeeded</FONT></STRONG></CENTER>]]></Details>
<Time><![CDATA[26/07/2021 - 01:14:31]]></Time>
<TimeTick>1627272871</TimeTick>
<NodeArgs eType="General" icon="5" nRep="54" status="Passed" >
<Disp><![CDATA["lr_xml_set_values"]]></Disp>
</NodeArgs>
</Step>
<Step rID="T47">
<Obj plainTxt="False" ><![CDATA[Service: Reg Save Param]]></Obj>
<Details plainTxt="False" ><![CDATA[<CENTER>ParamName =<STRONG><FONT COLOR=#00AF00>response</FONT></STRONG><BR>Left Boundary = <STRONG><FONT COLOR=#00AF00>LB=</FONT></STRONG><BR>Right Boundary = <STRONG><FONT COLOR=#00AF00>RB=</FONT></STRONG><BR>Instance = <STRONG><FONT COLOR=#00AF00>Ord=1</FONT></STRONG></CENTER>]]></Details>
<Time><![CDATA[26/07/2021 - 01:14:31]]></Time>
<TimeTick>1627272871</TimeTick>
<NodeArgs eType="General" icon="6" nRep="55" >
<Disp><![CDATA[Service: Reg Save Param]]></Disp>
</NodeArgs>
</Step>
<Step rID="T48">
<Obj plainTxt="False" ><![CDATA[Custom Request: wstransaction]]></Obj>
<Details plainTxt="False" ><![CDATA[<CENTER><STRONG><FONT COLOR=#009A63>Step completed successfully</FONT></STRONG></CENTER>]]></Details>
<Time><![CDATA[26/07/2021 - 01:14:45]]></Time>
<TimeTick>1627272885</TimeTick>
<NodeArgs eType="General" icon="7" nRep="56" status="Passed" >
<Disp><![CDATA[Custom Request: wstransaction]]></Disp>
<BtmPane vType="HTMLSNSH" >
<Path><![CDATA[\Iteration3\t1.inf]]></Path>
</BtmPane>
</NodeArgs>
</Step>
<Step rID="T49">
<Obj plainTxt="False" ><![CDATA["lr_xml_get_values"]]></Obj>
<Details plainTxt="False" ><![CDATA[<CENTER><STRONG><FONT COLOR=#009A63>"lr_xml_get_values" succeeded</FONT></STRONG></CENTER>]]></Details>
<Time><![CDATA[26/07/2021 - 01:14:46]]></Time>
<TimeTick>1627272886</TimeTick>
<NodeArgs eType="General" icon="8" nRep="57" status="Passed" >
<Disp><![CDATA["lr_xml_get_values"]]></Disp>
</NodeArgs>
</Step>
<Step rID="T50">
<Obj plainTxt="False" ><![CDATA["lr_xml_get_values"]]></Obj>
<Details plainTxt="False" ><![CDATA[<CENTER><STRONG><FONT COLOR=#009A63>"lr_xml_get_values" succeeded</FONT></STRONG></CENTER>]]></Details>
<Time><![CDATA[26/07/2021 - 01:14:47]]></Time>
<TimeTick>1627272887</TimeTick>
<NodeArgs eType="General" icon="8" nRep="58" status="Passed" >
<Disp><![CDATA["lr_xml_get_values"]]></Disp>
</NodeArgs>
</Step>
<Step rID="T51">
<Obj plainTxt="False" ><![CDATA["lr_xml_get_values"]]></Obj>
<Details plainTxt="False" ><![CDATA[<CENTER><STRONG><FONT COLOR=#009A63>"lr_xml_get_values" succeeded</FONT></STRONG></CENTER>]]></Details>
<Time><![CDATA[26/07/2021 - 01:14:47]]></Time>
<TimeTick>1627272887</TimeTick>
<NodeArgs eType="General" icon="8" nRep="59" status="Passed" >
<Disp><![CDATA["lr_xml_get_values"]]></Disp>
</NodeArgs>
</Step>
<Step rID="T52">
<Obj plainTxt="False" ><![CDATA["lr_xml_get_values"]]></Obj>
<Details plainTxt="False" ><![CDATA[<CENTER><STRONG><FONT COLOR=#009A63>"lr_xml_get_values" succeeded</FONT></STRONG></CENTER>]]></Details>
<Time><![CDATA[26/07/2021 - 01:14:47]]></Time>
<TimeTick>1627272887</TimeTick>
<NodeArgs eType="General" icon="8" nRep="60" status="Passed" >
<Disp><![CDATA["lr_xml_get_values"]]></Disp>
</NodeArgs>
</Step>
<Step rID="T53">
<Obj plainTxt="False" ><![CDATA[lr_output_message]]></Obj>
<Details plainTxt="False" ><![CDATA[<CENTER><STRONG><FONT COLOR=#009A63>Output message</FONT></STRONG></CENTER>]]></Details>
<Time><![CDATA[26/07/2021 - 01:15:08]]></Time>
<TimeTick>1627272908</TimeTick>
<NodeArgs eType="General" icon="9" nRep="61" status="Passed" >
<Disp><![CDATA[lr_output_message]]></Disp>
<BtmPane vType="HTMLSNSH" >
<Path><![CDATA[\Iteration3\t74506938.inf]]></Path>
</BtmPane>
</NodeArgs>
</Step>
<Summary sTime="26/07/2021 - 01:14:27" eTime="26/07/2021 - 01:15:10" passed="13" failed="0" warnings="0" ></Summary>
<NodeArgs eType="StartAction" icon="2" nRep="46" status="Passed" >
<Disp><![CDATA[Action Summary]]></Disp>
</NodeArgs>
</Action>
<NodeArgs eType="StartIteration" icon="3" nRep="45" status="Passed" >
<Disp><![CDATA[URA009_WS_GeraBoleto Iteration 3 (Row 3)]]></Disp>
</NodeArgs>
</DIter>
<DIter rID="T54" iterID="4" >
<Action rID="T55">
<AName><![CDATA[Action]]></AName>
<Step rID="T56">
<Obj plainTxt="False" ><![CDATA[Service: Set Max Html Param Len]]></Obj>
<Details plainTxt="False" ><![CDATA[<CENTER>Maximum length of a HTML string that can be retrieved and saved set to <STRONG><FONT COLOR=#00AF00>1000000</FONT></STRONG> characters</CENTER>]]></Details>
<Time><![CDATA[26/07/2021 - 01:15:24]]></Time>
<TimeTick>1627272924</TimeTick>
<NodeArgs eType="General" icon="4" nRep="66" >
<Disp><![CDATA[Service: Set Max Html Param Len]]></Disp>
</NodeArgs>
</Step>
<Step rID="T57">
<Obj plainTxt="False" ><![CDATA["lr_xml_set_values"]]></Obj>
<Details plainTxt="False" ><![CDATA[<CENTER><STRONG><FONT COLOR=#009A63>"lr_xml_set_values" succeeded</FONT></STRONG></CENTER>]]></Details>
<Time><![CDATA[26/07/2021 - 01:15:25]]></Time>
<TimeTick>1627272925</TimeTick>
<NodeArgs eType="General" icon="5" nRep="67" status="Passed" >
<Disp><![CDATA["lr_xml_set_values"]]></Disp>
</NodeArgs>
</Step>
<Step rID="T58">
<Obj plainTxt="False" ><![CDATA["lr_xml_set_values"]]></Obj>
<Details plainTxt="False" ><![CDATA[<CENTER><STRONG><FONT COLOR=#009A63>"lr_xml_set_values" succeeded</FONT></STRONG></CENTER>]]></Details>
<Time><![CDATA[26/07/2021 - 01:15:27]]></Time>
<TimeTick>1627272927</TimeTick>
<NodeArgs eType="General" icon="5" nRep="68" status="Passed" >
<Disp><![CDATA["lr_xml_set_values"]]></Disp>
</NodeArgs>
</Step>
<Step rID="T59">
<Obj plainTxt="False" ><![CDATA["lr_xml_set_values"]]></Obj>
<Details plainTxt="False" ><![CDATA[<CENTER><STRONG><FONT COLOR=#009A63>"lr_xml_set_values" succeeded</FONT></STRONG></CENTER>]]></Details>
<Time><![CDATA[26/07/2021 - 01:15:27]]></Time>
<TimeTick>1627272927</TimeTick>
<NodeArgs eType="General" icon="5" nRep="69" status="Passed" >
<Disp><![CDATA["lr_xml_set_values"]]></Disp>
</NodeArgs>
</Step>
<Step rID="T60">
<Obj plainTxt="False" ><![CDATA["lr_xml_set_values"]]></Obj>
<Details plainTxt="False" ><![CDATA[<CENTER><STRONG><FONT COLOR=#009A63>"lr_xml_set_values" succeeded</FONT></STRONG></CENTER>]]></Details>
<Time><![CDATA[26/07/2021 - 01:15:27]]></Time>
<TimeTick>1627272927</TimeTick>
<NodeArgs eType="General" icon="5" nRep="70" status="Passed" >
<Disp><![CDATA["lr_xml_set_values"]]></Disp>
</NodeArgs>
</Step>
<Step rID="T61">
<Obj plainTxt="False" ><![CDATA["lr_xml_set_values"]]></Obj>
<Details plainTxt="False" ><![CDATA[<CENTER><STRONG><FONT COLOR=#009A63>"lr_xml_set_values" succeeded</FONT></STRONG></CENTER>]]></Details>
<Time><![CDATA[26/07/2021 - 01:15:27]]></Time>
<TimeTick>1627272927</TimeTick>
<NodeArgs eType="General" icon="5" nRep="71" status="Passed" >
<Disp><![CDATA["lr_xml_set_values"]]></Disp>
</NodeArgs>
</Step>
<Step rID="T62">
<Obj plainTxt="False" ><![CDATA["lr_xml_set_values"]]></Obj>
<Details plainTxt="False" ><![CDATA[<CENTER><STRONG><FONT COLOR=#009A63>"lr_xml_set_values" succeeded</FONT></STRONG></CENTER>]]></Details>
<Time><![CDATA[26/07/2021 - 01:15:27]]></Time>
<TimeTick>1627272927</TimeTick>
<NodeArgs eType="General" icon="5" nRep="72" status="Passed" >
<Disp><![CDATA["lr_xml_set_values"]]></Disp>
</NodeArgs>
</Step>
<Step rID="T63">
<Obj plainTxt="False" ><![CDATA["lr_xml_set_values"]]></Obj>
<Details plainTxt="False" ><![CDATA[<CENTER><STRONG><FONT COLOR=#009A63>"lr_xml_set_values" succeeded</FONT></STRONG></CENTER>]]></Details>
<Time><![CDATA[26/07/2021 - 01:15:27]]></Time>
<TimeTick>1627272927</TimeTick>
<NodeArgs eType="General" icon="5" nRep="73" status="Passed" >
<Disp><![CDATA["lr_xml_set_values"]]></Disp>
</NodeArgs>
</Step>
<Step rID="T64">
<Obj plainTxt="False" ><![CDATA[Service: Reg Save Param]]></Obj>
<Details plainTxt="False" ><![CDATA[<CENTER>ParamName =<STRONG><FONT COLOR=#00AF00>response</FONT></STRONG><BR>Left Boundary = <STRONG><FONT COLOR=#00AF00>LB=</FONT></STRONG><BR>Right Boundary = <STRONG><FONT COLOR=#00AF00>RB=</FONT></STRONG><BR>Instance = <STRONG><FONT COLOR=#00AF00>Ord=1</FONT></STRONG></CENTER>]]></Details>
<Time><![CDATA[26/07/2021 - 01:15:27]]></Time>
<TimeTick>1627272927</TimeTick>
<NodeArgs eType="General" icon="6" nRep="74" >
<Disp><![CDATA[Service: Reg Save Param]]></Disp>
</NodeArgs>
</Step>
<Step rID="T65">
<Obj plainTxt="False" ><![CDATA[Custom Request: wstransaction]]></Obj>
<Details plainTxt="False" ><![CDATA[<CENTER><STRONG><FONT COLOR=#009A63>Step completed successfully</FONT></STRONG></CENTER>]]></Details>
<Time><![CDATA[26/07/2021 - 01:15:41]]></Time>
<TimeTick>1627272941</TimeTick>
<NodeArgs eType="General" icon="7" nRep="75" status="Passed" >
<Disp><![CDATA[Custom Request: wstransaction]]></Disp>
<BtmPane vType="HTMLSNSH" >
<Path><![CDATA[\Iteration4\t1.inf]]></Path>
</BtmPane>
</NodeArgs>
</Step>
<Step rID="T66">
<Obj plainTxt="False" ><![CDATA["lr_xml_get_values"]]></Obj>
<Details plainTxt="False" ><![CDATA[<CENTER><STRONG><FONT COLOR=#009A63>"lr_xml_get_values" succeeded</FONT></STRONG></CENTER>]]></Details>
<Time><![CDATA[26/07/2021 - 01:15:44]]></Time>
<TimeTick>1627272944</TimeTick>
<NodeArgs eType="General" icon="8" nRep="76" status="Passed" >
<Disp><![CDATA["lr_xml_get_values"]]></Disp>
</NodeArgs>
</Step>
<Step rID="T67">
<Obj plainTxt="False" ><![CDATA["lr_xml_get_values"]]></Obj>
<Details plainTxt="False" ><![CDATA[<CENTER><STRONG><FONT COLOR=#009A63>"lr_xml_get_values" succeeded</FONT></STRONG></CENTER>]]></Details>
<Time><![CDATA[26/07/2021 - 01:15:45]]></Time>
<TimeTick>1627272945</TimeTick>
<NodeArgs eType="General" icon="8" nRep="77" status="Passed" >
<Disp><![CDATA["lr_xml_get_values"]]></Disp>
</NodeArgs>
</Step>
<Step rID="T68">
<Obj plainTxt="False" ><![CDATA["lr_xml_get_values"]]></Obj>
<Details plainTxt="False" ><![CDATA[<CENTER><STRONG><FONT COLOR=#009A63>"lr_xml_get_values" succeeded</FONT></STRONG></CENTER>]]></Details>
<Time><![CDATA[26/07/2021 - 01:15:45]]></Time>
<TimeTick>1627272945</TimeTick>
<NodeArgs eType="General" icon="8" nRep="78" status="Passed" >
<Disp><![CDATA["lr_xml_get_values"]]></Disp>
</NodeArgs>
</Step>
<Step rID="T69">
<Obj plainTxt="False" ><![CDATA["lr_xml_get_values"]]></Obj>
<Details plainTxt="False" ><![CDATA[<CENTER><STRONG><FONT COLOR=#009A63>"lr_xml_get_values" succeeded</FONT></STRONG></CENTER>]]></Details>
<Time><![CDATA[26/07/2021 - 01:15:45]]></Time>
<TimeTick>1627272945</TimeTick>
<NodeArgs eType="General" icon="8" nRep="79" status="Passed" >
<Disp><![CDATA["lr_xml_get_values"]]></Disp>
</NodeArgs>
</Step>
<Step rID="T70">
<Obj plainTxt="False" ><![CDATA[lr_output_message]]></Obj>
<Details plainTxt="False" ><![CDATA[<CENTER><STRONG><FONT COLOR=#009A63>Output message</FONT></STRONG></CENTER>]]></Details>
<Time><![CDATA[26/07/2021 - 01:16:02]]></Time>
<TimeTick>1627272962</TimeTick>
<NodeArgs eType="General" icon="9" nRep="80" status="Passed" >
<Disp><![CDATA[lr_output_message]]></Disp>
<BtmPane vType="HTMLSNSH" >
<Path><![CDATA[\Iteration4\t93135916.inf]]></Path>
</BtmPane>
</NodeArgs>
</Step>
<Summary sTime="26/07/2021 - 01:15:21" eTime="26/07/2021 - 01:16:05" passed="13" failed="0" warnings="0" ></Summary>
<NodeArgs eType="StartAction" icon="2" nRep="65" status="Passed" >
<Disp><![CDATA[Action Summary]]></Disp>
</NodeArgs>
</Action>
<NodeArgs eType="StartIteration" icon="3" nRep="64" status="Passed" >
<Disp><![CDATA[URA009_WS_GeraBoleto Iteration 4 (Row 4)]]></Disp>
</NodeArgs>
</DIter>
<DIter rID="T71" iterID="5" >
<Action rID="T72">
<AName><![CDATA[Action]]></AName>
<Step rID="T73">
<Obj plainTxt="False" ><![CDATA[Service: Set Max Html Param Len]]></Obj>
<Details plainTxt="False" ><![CDATA[<CENTER>Maximum length of a HTML string that can be retrieved and saved set to <STRONG><FONT COLOR=#00AF00>1000000</FONT></STRONG> characters</CENTER>]]></Details>
<Time><![CDATA[26/07/2021 - 01:16:15]]></Time>
<TimeTick>1627272975</TimeTick>
<NodeArgs eType="General" icon="4" nRep="85" >
<Disp><![CDATA[Service: Set Max Html Param Len]]></Disp>
</NodeArgs>
</Step>
<Step rID="T74">
<Obj plainTxt="False" ><![CDATA["lr_xml_set_values"]]></Obj>
<Details plainTxt="False" ><![CDATA[<CENTER><STRONG><FONT COLOR=#009A63>"lr_xml_set_values" succeeded</FONT></STRONG></CENTER>]]></Details>
<Time><![CDATA[26/07/2021 - 01:16:16]]></Time>
<TimeTick>1627272976</TimeTick>
<NodeArgs eType="General" icon="5" nRep="86" status="Passed" >
<Disp><![CDATA["lr_xml_set_values"]]></Disp>
</NodeArgs>
</Step>
<Step rID="T75">
<Obj plainTxt="False" ><![CDATA["lr_xml_set_values"]]></Obj>
<Details plainTxt="False" ><![CDATA[<CENTER><STRONG><FONT COLOR=#009A63>"lr_xml_set_values" succeeded</FONT></STRONG></CENTER>]]></Details>
<Time><![CDATA[26/07/2021 - 01:16:18]]></Time>
<TimeTick>1627272978</TimeTick>
<NodeArgs eType="General" icon="5" nRep="87" status="Passed" >
<Disp><![CDATA["lr_xml_set_values"]]></Disp>
</NodeArgs>
</Step>
<Step rID="T76">
<Obj plainTxt="False" ><![CDATA["lr_xml_set_values"]]></Obj>
<Details plainTxt="False" ><![CDATA[<CENTER><STRONG><FONT COLOR=#009A63>"lr_xml_set_values" succeeded</FONT></STRONG></CENTER>]]></Details>
<Time><![CDATA[26/07/2021 - 01:16:18]]></Time>
<TimeTick>1627272978</TimeTick>
<NodeArgs eType="General" icon="5" nRep="88" status="Passed" >
<Disp><![CDATA["lr_xml_set_values"]]></Disp>
</NodeArgs>
</Step>
<Step rID="T77">
<Obj plainTxt="False" ><![CDATA["lr_xml_set_values"]]></Obj>
<Details plainTxt="False" ><![CDATA[<CENTER><STRONG><FONT COLOR=#009A63>"lr_xml_set_values" succeeded</FONT></STRONG></CENTER>]]></Details>
<Time><![CDATA[26/07/2021 - 01:16:18]]></Time>
<TimeTick>1627272978</TimeTick>
<NodeArgs eType="General" icon="5" nRep="89" status="Passed" >
<Disp><![CDATA["lr_xml_set_values"]]></Disp>
</NodeArgs>
</Step>
<Step rID="T78">
<Obj plainTxt="False" ><![CDATA["lr_xml_set_values"]]></Obj>
<Details plainTxt="False" ><![CDATA[<CENTER><STRONG><FONT COLOR=#009A63>"lr_xml_set_values" succeeded</FONT></STRONG></CENTER>]]></Details>
<Time><![CDATA[26/07/2021 - 01:16:18]]></Time>
<TimeTick>1627272978</TimeTick>
<NodeArgs eType="General" icon="5" nRep="90" status="Passed" >
<Disp><![CDATA["lr_xml_set_values"]]></Disp>
</NodeArgs>
</Step>
<Step rID="T79">
<Obj plainTxt="False" ><![CDATA["lr_xml_set_values"]]></Obj>
<Details plainTxt="False" ><![CDATA[<CENTER><STRONG><FONT COLOR=#009A63>"lr_xml_set_values" succeeded</FONT></STRONG></CENTER>]]></Details>
<Time><![CDATA[26/07/2021 - 01:16:18]]></Time>
<TimeTick>1627272978</TimeTick>
<NodeArgs eType="General" icon="5" nRep="91" status="Passed" >
<Disp><![CDATA["lr_xml_set_values"]]></Disp>
</NodeArgs>
</Step>
<Step rID="T80">
<Obj plainTxt="False" ><![CDATA["lr_xml_set_values"]]></Obj>
<Details plainTxt="False" ><![CDATA[<CENTER><STRONG><FONT COLOR=#009A63>"lr_xml_set_values" succeeded</FONT></STRONG></CENTER>]]></Details>
<Time><![CDATA[26/07/2021 - 01:16:18]]></Time>
<TimeTick>1627272978</TimeTick>
<NodeArgs eType="General" icon="5" nRep="92" status="Passed" >
<Disp><![CDATA["lr_xml_set_values"]]></Disp>
</NodeArgs>
</Step>
<Step rID="T81">
<Obj plainTxt="False" ><![CDATA[Service: Reg Save Param]]></Obj>
<Details plainTxt="False" ><![CDATA[<CENTER>ParamName =<STRONG><FONT COLOR=#00AF00>response</FONT></STRONG><BR>Left Boundary = <STRONG><FONT COLOR=#00AF00>LB=</FONT></STRONG><BR>Right Boundary = <STRONG><FONT COLOR=#00AF00>RB=</FONT></STRONG><BR>Instance = <STRONG><FONT COLOR=#00AF00>Ord=1</FONT></STRONG></CENTER>]]></Details>
<Time><![CDATA[26/07/2021 - 01:16:18]]></Time>
<TimeTick>1627272978</TimeTick>
<NodeArgs eType="General" icon="6" nRep="93" >
<Disp><![CDATA[Service: Reg Save Param]]></Disp>
</NodeArgs>
</Step>
<Step rID="T82">
<Obj plainTxt="False" ><![CDATA[Custom Request: wstransaction]]></Obj>
<Details plainTxt="False" ><![CDATA[<CENTER><STRONG><FONT COLOR=#009A63>Step completed successfully</FONT></STRONG></CENTER>]]></Details>
<Time><![CDATA[26/07/2021 - 01:16:31]]></Time>
<TimeTick>1627272991</TimeTick>
<NodeArgs eType="General" icon="7" nRep="94" status="Passed" >
<Disp><![CDATA[Custom Request: wstransaction]]></Disp>
<BtmPane vType="HTMLSNSH" >
<Path><![CDATA[\Iteration5\t1.inf]]></Path>
</BtmPane>
</NodeArgs>
</Step>
<Step rID="T83">
<Obj plainTxt="False" ><![CDATA["lr_xml_get_values"]]></Obj>
<Details plainTxt="False" ><![CDATA[<CENTER><STRONG><FONT COLOR=#009A63>"lr_xml_get_values" succeeded</FONT></STRONG></CENTER>]]></Details>
<Time><![CDATA[26/07/2021 - 01:16:33]]></Time>
<TimeTick>1627272993</TimeTick>
<NodeArgs eType="General" icon="8" nRep="95" status="Passed" >
<Disp><![CDATA["lr_xml_get_values"]]></Disp>
</NodeArgs>
</Step>
<Step rID="T84">
<Obj plainTxt="False" ><![CDATA["lr_xml_get_values"]]></Obj>
<Details plainTxt="False" ><![CDATA[<CENTER><STRONG><FONT COLOR=#009A63>"lr_xml_get_values" succeeded</FONT></STRONG></CENTER>]]></Details>
<Time><![CDATA[26/07/2021 - 01:16:34]]></Time>
<TimeTick>1627272994</TimeTick>
<NodeArgs eType="General" icon="8" nRep="96" status="Passed" >
<Disp><![CDATA["lr_xml_get_values"]]></Disp>
</NodeArgs>
</Step>
<Step rID="T85">
<Obj plainTxt="False" ><![CDATA["lr_xml_get_values"]]></Obj>
<Details plainTxt="False" ><![CDATA[<CENTER><STRONG><FONT COLOR=#009A63>"lr_xml_get_values" succeeded</FONT></STRONG></CENTER>]]></Details>
<Time><![CDATA[26/07/2021 - 01:16:34]]></Time>
<TimeTick>1627272994</TimeTick>
<NodeArgs eType="General" icon="8" nRep="97" status="Passed" >
<Disp><![CDATA["lr_xml_get_values"]]></Disp>
</NodeArgs>
</Step>
<Step rID="T86">
<Obj plainTxt="False" ><![CDATA["lr_xml_get_values"]]></Obj>
<Details plainTxt="False" ><![CDATA[<CENTER><STRONG><FONT COLOR=#009A63>"lr_xml_get_values" succeeded</FONT></STRONG></CENTER>]]></Details>
<Time><![CDATA[26/07/2021 - 01:16:34]]></Time>
<TimeTick>1627272994</TimeTick>
<NodeArgs eType="General" icon="8" nRep="98" status="Passed" >
<Disp><![CDATA["lr_xml_get_values"]]></Disp>
</NodeArgs>
</Step>
<Step rID="T87">
<Obj plainTxt="False" ><![CDATA[lr_output_message]]></Obj>
<Details plainTxt="False" ><![CDATA[<CENTER><STRONG><FONT COLOR=#009A63>Output message</FONT></STRONG></CENTER>]]></Details>
<Time><![CDATA[26/07/2021 - 01:16:51]]></Time>
<TimeTick>1627273011</TimeTick>
<NodeArgs eType="General" icon="9" nRep="99" status="Passed" >
<Disp><![CDATA[lr_output_message]]></Disp>
<BtmPane vType="HTMLSNSH" >
<Path><![CDATA[\Iteration5\t2136300.inf]]></Path>
</BtmPane>
</NodeArgs>
</Step>
<Summary sTime="26/07/2021 - 01:16:14" eTime="26/07/2021 - 01:16:54" passed="13" failed="0" warnings="0" ></Summary>
<NodeArgs eType="StartAction" icon="2" nRep="84" status="Passed" >
<Disp><![CDATA[Action Summary]]></Disp>
</NodeArgs>
</Action>
<NodeArgs eType="StartIteration" icon="3" nRep="83" status="Passed" >
<Disp><![CDATA[URA009_WS_GeraBoleto Iteration 5 (Row 5)]]></Disp>
</NodeArgs>
</DIter>
<DIter rID="T88" iterID="6" >
<Action rID="T89">
<AName><![CDATA[Action]]></AName>
<Step rID="T90">
<Obj plainTxt="False" ><![CDATA[Service: Set Max Html Param Len]]></Obj>
<Details plainTxt="False" ><![CDATA[<CENTER>Maximum length of a HTML string that can be retrieved and saved set to <STRONG><FONT COLOR=#00AF00>1000000</FONT></STRONG> characters</CENTER>]]></Details>
<Time><![CDATA[26/07/2021 - 01:17:06]]></Time>
<TimeTick>1627273026</TimeTick>
<NodeArgs eType="General" icon="4" nRep="104" >
<Disp><![CDATA[Service: Set Max Html Param Len]]></Disp>
</NodeArgs>
</Step>
<Step rID="T91">
<Obj plainTxt="False" ><![CDATA["lr_xml_set_values"]]></Obj>
<Details plainTxt="False" ><![CDATA[<CENTER><STRONG><FONT COLOR=#009A63>"lr_xml_set_values" succeeded</FONT></STRONG></CENTER>]]></Details>
<Time><![CDATA[26/07/2021 - 01:17:08]]></Time>
<TimeTick>1627273028</TimeTick>
<NodeArgs eType="General" icon="5" nRep="105" status="Passed" >
<Disp><![CDATA["lr_xml_set_values"]]></Disp>
</NodeArgs>
</Step>
<Step rID="T92">
<Obj plainTxt="False" ><![CDATA["lr_xml_set_values"]]></Obj>
<Details plainTxt="False" ><![CDATA[<CENTER><STRONG><FONT COLOR=#009A63>"lr_xml_set_values" succeeded</FONT></STRONG></CENTER>]]></Details>
<Time><![CDATA[26/07/2021 - 01:17:09]]></Time>
<TimeTick>1627273029</TimeTick>
<NodeArgs eType="General" icon="5" nRep="106" status="Passed" >
<Disp><![CDATA["lr_xml_set_values"]]></Disp>
</NodeArgs>
</Step>
<Step rID="T93">
<Obj plainTxt="False" ><![CDATA["lr_xml_set_values"]]></Obj>
<Details plainTxt="False" ><![CDATA[<CENTER><STRONG><FONT COLOR=#009A63>"lr_xml_set_values" succeeded</FONT></STRONG></CENTER>]]></Details>
<Time><![CDATA[26/07/2021 - 01:17:09]]></Time>
<TimeTick>1627273029</TimeTick>
<NodeArgs eType="General" icon="5" nRep="107" status="Passed" >
<Disp><![CDATA["lr_xml_set_values"]]></Disp>
</NodeArgs>
</Step>
<Step rID="T94">
<Obj plainTxt="False" ><![CDATA["lr_xml_set_values"]]></Obj>
<Details plainTxt="False" ><![CDATA[<CENTER><STRONG><FONT COLOR=#009A63>"lr_xml_set_values" succeeded</FONT></STRONG></CENTER>]]></Details>
<Time><![CDATA[26/07/2021 - 01:17:09]]></Time>
<TimeTick>1627273029</TimeTick>
<NodeArgs eType="General" icon="5" nRep="108" status="Passed" >
<Disp><![CDATA["lr_xml_set_values"]]></Disp>
</NodeArgs>
</Step>
<Step rID="T95">
<Obj plainTxt="False" ><![CDATA["lr_xml_set_values"]]></Obj>
<Details plainTxt="False" ><![CDATA[<CENTER><STRONG><FONT COLOR=#009A63>"lr_xml_set_values" succeeded</FONT></STRONG></CENTER>]]></Details>
<Time><![CDATA[26/07/2021 - 01:17:09]]></Time>
<TimeTick>1627273029</TimeTick>
<NodeArgs eType="General" icon="5" nRep="109" status="Passed" >
<Disp><![CDATA["lr_xml_set_values"]]></Disp>
</NodeArgs>
</Step>
<Step rID="T96">
<Obj plainTxt="False" ><![CDATA["lr_xml_set_values"]]></Obj>
<Details plainTxt="False" ><![CDATA[<CENTER><STRONG><FONT COLOR=#009A63>"lr_xml_set_values" succeeded</FONT></STRONG></CENTER>]]></Details>
<Time><![CDATA[26/07/2021 - 01:17:09]]></Time>
<TimeTick>1627273029</TimeTick>
<NodeArgs eType="General" icon="5" nRep="110" status="Passed" >
<Disp><![CDATA["lr_xml_set_values"]]></Disp>
</NodeArgs>
</Step>
<Step rID="T97">
<Obj plainTxt="False" ><![CDATA["lr_xml_set_values"]]></Obj>
<Details plainTxt="False" ><![CDATA[<CENTER><STRONG><FONT COLOR=#009A63>"lr_xml_set_values" succeeded</FONT></STRONG></CENTER>]]></Details>
<Time><![CDATA[26/07/2021 - 01:17:09]]></Time>
<TimeTick>1627273029</TimeTick>
<NodeArgs eType="General" icon="5" nRep="111" status="Passed" >
<Disp><![CDATA["lr_xml_set_values"]]></Disp>
</NodeArgs>
</Step>
<Step rID="T98">
<Obj plainTxt="False" ><![CDATA[Service: Reg Save Param]]></Obj>
<Details plainTxt="False" ><![CDATA[<CENTER>ParamName =<STRONG><FONT COLOR=#00AF00>response</FONT></STRONG><BR>Left Boundary = <STRONG><FONT COLOR=#00AF00>LB=</FONT></STRONG><BR>Right Boundary = <STRONG><FONT COLOR=#00AF00>RB=</FONT></STRONG><BR>Instance = <STRONG><FONT COLOR=#00AF00>Ord=1</FONT></STRONG></CENTER>]]></Details>
<Time><![CDATA[26/07/2021 - 01:17:09]]></Time>
<TimeTick>1627273029</TimeTick>
<NodeArgs eType="General" icon="6" nRep="112" >
<Disp><![CDATA[Service: Reg Save Param]]></Disp>
</NodeArgs>
</Step>
<Step rID="T99">
<Obj plainTxt="False" ><![CDATA[Custom Request: wstransaction]]></Obj>
<Details plainTxt="False" ><![CDATA[<CENTER><STRONG><FONT COLOR=#009A63>Step completed successfully</FONT></STRONG></CENTER>]]></Details>
<Time><![CDATA[26/07/2021 - 01:17:23]]></Time>
<TimeTick>1627273043</TimeTick>
<NodeArgs eType="General" icon="7" nRep="113" status="Passed" >
<Disp><![CDATA[Custom Request: wstransaction]]></Disp>
<BtmPane vType="HTMLSNSH" >
<Path><![CDATA[\Iteration6\t1.inf]]></Path>
</BtmPane>
</NodeArgs>
</Step>
<Step rID="T100">
<Obj plainTxt="False" ><![CDATA["lr_xml_get_values"]]></Obj>
<Details plainTxt="False" ><![CDATA[<CENTER><STRONG><FONT COLOR=#009A63>"lr_xml_get_values" succeeded</FONT></STRONG></CENTER>]]></Details>
<Time><![CDATA[26/07/2021 - 01:17:25]]></Time>
<TimeTick>1627273045</TimeTick>
<NodeArgs eType="General" icon="8" nRep="114" status="Passed" >
<Disp><![CDATA["lr_xml_get_values"]]></Disp>
</NodeArgs>
</Step>
<Step rID="T101">
<Obj plainTxt="False" ><![CDATA["lr_xml_get_values"]]></Obj>
<Details plainTxt="False" ><![CDATA[<CENTER><STRONG><FONT COLOR=#009A63>"lr_xml_get_values" succeeded</FONT></STRONG></CENTER>]]></Details>
<Time><![CDATA[26/07/2021 - 01:17:26]]></Time>
<TimeTick>1627273046</TimeTick>
<NodeArgs eType="General" icon="8" nRep="115" status="Passed" >
<Disp><![CDATA["lr_xml_get_values"]]></Disp>
</NodeArgs>
</Step>
<Step rID="T102">
<Obj plainTxt="False" ><![CDATA["lr_xml_get_values"]]></Obj>
<Details plainTxt="False" ><![CDATA[<CENTER><STRONG><FONT COLOR=#009A63>"lr_xml_get_values" succeeded</FONT></STRONG></CENTER>]]></Details>
<Time><![CDATA[26/07/2021 - 01:17:26]]></Time>
<TimeTick>1627273046</TimeTick>
<NodeArgs eType="General" icon="8" nRep="116" status="Passed" >
<Disp><![CDATA["lr_xml_get_values"]]></Disp>
</NodeArgs>
</Step>
<Step rID="T103">
<Obj plainTxt="False" ><![CDATA["lr_xml_get_values"]]></Obj>
<Details plainTxt="False" ><![CDATA[<CENTER><STRONG><FONT COLOR=#009A63>"lr_xml_get_values" succeeded</FONT></STRONG></CENTER>]]></Details>
<Time><![CDATA[26/07/2021 - 01:17:26]]></Time>
<TimeTick>1627273046</TimeTick>
<NodeArgs eType="General" icon="8" nRep="117" status="Passed" >
<Disp><![CDATA["lr_xml_get_values"]]></Disp>
</NodeArgs>
</Step>
<Step rID="T104">
<Obj plainTxt="False" ><![CDATA[lr_output_message]]></Obj>
<Details plainTxt="False" ><![CDATA[<CENTER><STRONG><FONT COLOR=#009A63>Output message</FONT></STRONG></CENTER>]]></Details>
<Time><![CDATA[26/07/2021 - 01:17:44]]></Time>
<TimeTick>1627273064</TimeTick>
<NodeArgs eType="General" icon="9" nRep="118" status="Passed" >
<Disp><![CDATA[lr_output_message]]></Disp>
<BtmPane vType="HTMLSNSH" >
<Path><![CDATA[\Iteration6\t76032467.inf]]></Path>
</BtmPane>
</NodeArgs>
</Step>
<Summary sTime="26/07/2021 - 01:17:03" eTime="26/07/2021 - 01:17:47" passed="13" failed="0" warnings="0" ></Summary>
<NodeArgs eType="StartAction" icon="2" nRep="103" status="Passed" >
<Disp><![CDATA[Action Summary]]></Disp>
</NodeArgs>
</Action>
<NodeArgs eType="StartIteration" icon="3" nRep="102" status="Passed" >
<Disp><![CDATA[URA009_WS_GeraBoleto Iteration 6 (Row 6)]]></Disp>
</NodeArgs>
</DIter>
<DIter rID="T105" iterID="7" >
<Action rID="T106">
<AName><![CDATA[Action]]></AName>
<Step rID="T107">
<Obj plainTxt="False" ><![CDATA[Service: Set Max Html Param Len]]></Obj>
<Details plainTxt="False" ><![CDATA[<CENTER>Maximum length of a HTML string that can be retrieved and saved set to <STRONG><FONT COLOR=#00AF00>1000000</FONT></STRONG> characters</CENTER>]]></Details>
<Time><![CDATA[26/07/2021 - 01:17:57]]></Time>
<TimeTick>1627273077</TimeTick>
<NodeArgs eType="General" icon="4" nRep="123" >
<Disp><![CDATA[Service: Set Max Html Param Len]]></Disp>
</NodeArgs>
</Step>
<Step rID="T108">
<Obj plainTxt="False" ><![CDATA["lr_xml_set_values"]]></Obj>
<Details plainTxt="False" ><![CDATA[<CENTER><STRONG><FONT COLOR=#009A63>"lr_xml_set_values" succeeded</FONT></STRONG></CENTER>]]></Details>
<Time><![CDATA[26/07/2021 - 01:17:58]]></Time>
<TimeTick>1627273078</TimeTick>
<NodeArgs eType="General" icon="5" nRep="124" status="Passed" >
<Disp><![CDATA["lr_xml_set_values"]]></Disp>
</NodeArgs>
</Step>
<Step rID="T109">
<Obj plainTxt="False" ><![CDATA["lr_xml_set_values"]]></Obj>
<Details plainTxt="False" ><![CDATA[<CENTER><STRONG><FONT COLOR=#009A63>"lr_xml_set_values" succeeded</FONT></STRONG></CENTER>]]></Details>
<Time><![CDATA[26/07/2021 - 01:18:00]]></Time>
<TimeTick>1627273080</TimeTick>
<NodeArgs eType="General" icon="5" nRep="125" status="Passed" >
<Disp><![CDATA["lr_xml_set_values"]]></Disp>
</NodeArgs>
</Step>
<Step rID="T110">
<Obj plainTxt="False" ><![CDATA["lr_xml_set_values"]]></Obj>
<Details plainTxt="False" ><![CDATA[<CENTER><STRONG><FONT COLOR=#009A63>"lr_xml_set_values" succeeded</FONT></STRONG></CENTER>]]></Details>
<Time><![CDATA[26/07/2021 - 01:18:00]]></Time>
<TimeTick>1627273080</TimeTick>
<NodeArgs eType="General" icon="5" nRep="126" status="Passed" >
<Disp><![CDATA["lr_xml_set_values"]]></Disp>
</NodeArgs>
</Step>
<Step rID="T111">
<Obj plainTxt="False" ><![CDATA["lr_xml_set_values"]]></Obj>
<Details plainTxt="False" ><![CDATA[<CENTER><STRONG><FONT COLOR=#009A63>"lr_xml_set_values" succeeded</FONT></STRONG></CENTER>]]></Details>
<Time><![CDATA[26/07/2021 - 01:18:00]]></Time>
<TimeTick>1627273080</TimeTick>
<NodeArgs eType="General" icon="5" nRep="127" status="Passed" >
<Disp><![CDATA["lr_xml_set_values"]]></Disp>
</NodeArgs>
</Step>
<Step rID="T112">
<Obj plainTxt="False" ><![CDATA["lr_xml_set_values"]]></Obj>
<Details plainTxt="False" ><![CDATA[<CENTER><STRONG><FONT COLOR=#009A63>"lr_xml_set_values" succeeded</FONT></STRONG></CENTER>]]></Details>
<Time><![CDATA[26/07/2021 - 01:18:00]]></Time>
<TimeTick>1627273080</TimeTick>
<NodeArgs eType="General" icon="5" nRep="128" status="Passed" >
<Disp><![CDATA["lr_xml_set_values"]]></Disp>
</NodeArgs>
</Step>
<Step rID="T113">
<Obj plainTxt="False" ><![CDATA["lr_xml_set_values"]]></Obj>
<Details plainTxt="False" ><![CDATA[<CENTER><STRONG><FONT COLOR=#009A63>"lr_xml_set_values" succeeded</FONT></STRONG></CENTER>]]></Details>
<Time><![CDATA[26/07/2021 - 01:18:00]]></Time>
<TimeTick>1627273080</TimeTick>
<NodeArgs eType="General" icon="5" nRep="129" status="Passed" >
<Disp><![CDATA["lr_xml_set_values"]]></Disp>
</NodeArgs>
</Step>
<Step rID="T114">
<Obj plainTxt="False" ><![CDATA["lr_xml_set_values"]]></Obj>
<Details plainTxt="False" ><![CDATA[<CENTER><STRONG><FONT COLOR=#009A63>"lr_xml_set_values" succeeded</FONT></STRONG></CENTER>]]></Details>
<Time><![CDATA[26/07/2021 - 01:18:00]]></Time>
<TimeTick>1627273080</TimeTick>
<NodeArgs eType="General" icon="5" nRep="130" status="Passed" >
<Disp><![CDATA["lr_xml_set_values"]]></Disp>
</NodeArgs>
</Step>
<Step rID="T115">
<Obj plainTxt="False" ><![CDATA[Service: Reg Save Param]]></Obj>
<Details plainTxt="False" ><![CDATA[<CENTER>ParamName =<STRONG><FONT COLOR=#00AF00>response</FONT></STRONG><BR>Left Boundary = <STRONG><FONT COLOR=#00AF00>LB=</FONT></STRONG><BR>Right Boundary = <STRONG><FONT COLOR=#00AF00>RB=</FONT></STRONG><BR>Instance = <STRONG><FONT COLOR=#00AF00>Ord=1</FONT></STRONG></CENTER>]]></Details>
<Time><![CDATA[26/07/2021 - 01:18:00]]></Time>
<TimeTick>1627273080</TimeTick>
<NodeArgs eType="General" icon="6" nRep="131" >
<Disp><![CDATA[Service: Reg Save Param]]></Disp>
</NodeArgs>
</Step>
<Step rID="T116">
<Obj plainTxt="False" ><![CDATA[Custom Request: wstransaction]]></Obj>
<Details plainTxt="False" ><![CDATA[<CENTER><STRONG><FONT COLOR=#009A63>Step completed successfully</FONT></STRONG></CENTER>]]></Details>
<Time><![CDATA[26/07/2021 - 01:18:13]]></Time>
<TimeTick>1627273093</TimeTick>
<NodeArgs eType="General" icon="7" nRep="132" status="Passed" >
<Disp><![CDATA[Custom Request: wstransaction]]></Disp>
<BtmPane vType="HTMLSNSH" >
<Path><![CDATA[\Iteration7\t1.inf]]></Path>
</BtmPane>
</NodeArgs>
</Step>
<Step rID="T117">
<Obj plainTxt="False" ><![CDATA["lr_xml_get_values"]]></Obj>
<Details plainTxt="False" ><![CDATA[<CENTER><STRONG><FONT COLOR=#009A63>"lr_xml_get_values" succeeded</FONT></STRONG></CENTER>]]></Details>
<Time><![CDATA[26/07/2021 - 01:18:15]]></Time>
<TimeTick>1627273095</TimeTick>
<NodeArgs eType="General" icon="8" nRep="133" status="Passed" >
<Disp><![CDATA["lr_xml_get_values"]]></Disp>
</NodeArgs>
</Step>
<Step rID="T118">
<Obj plainTxt="False" ><![CDATA["lr_xml_get_values"]]></Obj>
<Details plainTxt="False" ><![CDATA[<CENTER><STRONG><FONT COLOR=#009A63>"lr_xml_get_values" succeeded</FONT></STRONG></CENTER>]]></Details>
<Time><![CDATA[26/07/2021 - 01:18:16]]></Time>
<TimeTick>1627273096</TimeTick>
<NodeArgs eType="General" icon="8" nRep="134" status="Passed" >
<Disp><![CDATA["lr_xml_get_values"]]></Disp>
</NodeArgs>
</Step>
<Step rID="T119">
<Obj plainTxt="False" ><![CDATA["lr_xml_get_values"]]></Obj>
<Details plainTxt="False" ><![CDATA[<CENTER><STRONG><FONT COLOR=#009A63>"lr_xml_get_values" succeeded</FONT></STRONG></CENTER>]]></Details>
<Time><![CDATA[26/07/2021 - 01:18:16]]></Time>
<TimeTick>1627273096</TimeTick>
<NodeArgs eType="General" icon="8" nRep="135" status="Passed" >
<Disp><![CDATA["lr_xml_get_values"]]></Disp>
</NodeArgs>
</Step>
<Step rID="T120">
<Obj plainTxt="False" ><![CDATA["lr_xml_get_values"]]></Obj>
<Details plainTxt="False" ><![CDATA[<CENTER><STRONG><FONT COLOR=#009A63>"lr_xml_get_values" succeeded</FONT></STRONG></CENTER>]]></Details>
<Time><![CDATA[26/07/2021 - 01:18:16]]></Time>
<TimeTick>1627273096</TimeTick>
<NodeArgs eType="General" icon="8" nRep="136" status="Passed" >
<Disp><![CDATA["lr_xml_get_values"]]></Disp>
</NodeArgs>
</Step>
<Step rID="T121">
<Obj plainTxt="False" ><![CDATA[lr_output_message]]></Obj>
<Details plainTxt="False" ><![CDATA[<CENTER><STRONG><FONT COLOR=#009A63>Output message</FONT></STRONG></CENTER>]]></Details>
<Time><![CDATA[26/07/2021 - 01:18:34]]></Time>
<TimeTick>1627273114</TimeTick>
<NodeArgs eType="General" icon="9" nRep="137" status="Passed" >
<Disp><![CDATA[lr_output_message]]></Disp>
<BtmPane vType="HTMLSNSH" >
<Path><![CDATA[\Iteration7\t55908760.inf]]></Path>
</BtmPane>
</NodeArgs>
</Step>
<Summary sTime="26/07/2021 - 01:17:56" eTime="26/07/2021 - 01:18:36" passed="13" failed="0" warnings="0" ></Summary>
<NodeArgs eType="StartAction" icon="2" nRep="122" status="Passed" >
<Disp><![CDATA[Action Summary]]></Disp>
</NodeArgs>
</Action>
<NodeArgs eType="StartIteration" icon="3" nRep="121" status="Passed" >
<Disp><![CDATA[URA009_WS_GeraBoleto Iteration 7 (Row 7)]]></Disp>
</NodeArgs>
</DIter>
<DIter rID="T122" iterID="8" >
<Action rID="T123">
<AName><![CDATA[Action]]></AName>
<Step rID="T124">
<Obj plainTxt="False" ><![CDATA[Service: Set Max Html Param Len]]></Obj>
<Details plainTxt="False" ><![CDATA[<CENTER>Maximum length of a HTML string that can be retrieved and saved set to <STRONG><FONT COLOR=#00AF00>1000000</FONT></STRONG> characters</CENTER>]]></Details>
<Time><![CDATA[26/07/2021 - 01:18:48]]></Time>
<TimeTick>1627273128</TimeTick>
<NodeArgs eType="General" icon="4" nRep="142" >
<Disp><![CDATA[Service: Set Max Html Param Len]]></Disp>
</NodeArgs>
</Step>
<Step rID="T125">
<Obj plainTxt="False" ><![CDATA["lr_xml_set_values"]]></Obj>
<Details plainTxt="False" ><![CDATA[<CENTER><STRONG><FONT COLOR=#009A63>"lr_xml_set_values" succeeded</FONT></STRONG></CENTER>]]></Details>
<Time><![CDATA[26/07/2021 - 01:18:50]]></Time>
<TimeTick>1627273130</TimeTick>
<NodeArgs eType="General" icon="5" nRep="143" status="Passed" >
<Disp><![CDATA["lr_xml_set_values"]]></Disp>
</NodeArgs>
</Step>
<Step rID="T126">
<Obj plainTxt="False" ><![CDATA["lr_xml_set_values"]]></Obj>
<Details plainTxt="False" ><![CDATA[<CENTER><STRONG><FONT COLOR=#009A63>"lr_xml_set_values" succeeded</FONT></STRONG></CENTER>]]></Details>
<Time><![CDATA[26/07/2021 - 01:18:51]]></Time>
<TimeTick>1627273131</TimeTick>
<NodeArgs eType="General" icon="5" nRep="144" status="Passed" >
<Disp><![CDATA["lr_xml_set_values"]]></Disp>
</NodeArgs>
</Step>
<Step rID="T127">
<Obj plainTxt="False" ><![CDATA["lr_xml_set_values"]]></Obj>
<Details plainTxt="False" ><![CDATA[<CENTER><STRONG><FONT COLOR=#009A63>"lr_xml_set_values" succeeded</FONT></STRONG></CENTER>]]></Details>
<Time><![CDATA[26/07/2021 - 01:18:51]]></Time>
<TimeTick>1627273131</TimeTick>
<NodeArgs eType="General" icon="5" nRep="145" status="Passed" >
<Disp><![CDATA["lr_xml_set_values"]]></Disp>
</NodeArgs>
</Step>
<Step rID="T128">
<Obj plainTxt="False" ><![CDATA["lr_xml_set_values"]]></Obj>
<Details plainTxt="False" ><![CDATA[<CENTER><STRONG><FONT COLOR=#009A63>"lr_xml_set_values" succeeded</FONT></STRONG></CENTER>]]></Details>
<Time><![CDATA[26/07/2021 - 01:18:51]]></Time>
<TimeTick>1627273131</TimeTick>
<NodeArgs eType="General" icon="5" nRep="146" status="Passed" >
<Disp><![CDATA["lr_xml_set_values"]]></Disp>
</NodeArgs>
</Step>
<Step rID="T129">
<Obj plainTxt="False" ><![CDATA["lr_xml_set_values"]]></Obj>
<Details plainTxt="False" ><![CDATA[<CENTER><STRONG><FONT COLOR=#009A63>"lr_xml_set_values" succeeded</FONT></STRONG></CENTER>]]></Details>
<Time><![CDATA[26/07/2021 - 01:18:51]]></Time>
<TimeTick>1627273131</TimeTick>
<NodeArgs eType="General" icon="5" nRep="147" status="Passed" >
<Disp><![CDATA["lr_xml_set_values"]]></Disp>
</NodeArgs>
</Step>
<Step rID="T130">
<Obj plainTxt="False" ><![CDATA["lr_xml_set_values"]]></Obj>
<Details plainTxt="False" ><![CDATA[<CENTER><STRONG><FONT COLOR=#009A63>"lr_xml_set_values" succeeded</FONT></STRONG></CENTER>]]></Details>
<Time><![CDATA[26/07/2021 - 01:18:51]]></Time>
<TimeTick>1627273131</TimeTick>
<NodeArgs eType="General" icon="5" nRep="148" status="Passed" >
<Disp><![CDATA["lr_xml_set_values"]]></Disp>
</NodeArgs>
</Step>
<Step rID="T131">
<Obj plainTxt="False" ><![CDATA["lr_xml_set_values"]]></Obj>
<Details plainTxt="False" ><![CDATA[<CENTER><STRONG><FONT COLOR=#009A63>"lr_xml_set_values" succeeded</FONT></STRONG></CENTER>]]></Details>
<Time><![CDATA[26/07/2021 - 01:18:51]]></Time>
<TimeTick>1627273131</TimeTick>
<NodeArgs eType="General" icon="5" nRep="149" status="Passed" >
<Disp><![CDATA["lr_xml_set_values"]]></Disp>
</NodeArgs>
</Step>
<Step rID="T132">
<Obj plainTxt="False" ><![CDATA[Service: Reg Save Param]]></Obj>
<Details plainTxt="False" ><![CDATA[<CENTER>ParamName =<STRONG><FONT COLOR=#00AF00>response</FONT></STRONG><BR>Left Boundary = <STRONG><FONT COLOR=#00AF00>LB=</FONT></STRONG><BR>Right Boundary = <STRONG><FONT COLOR=#00AF00>RB=</FONT></STRONG><BR>Instance = <STRONG><FONT COLOR=#00AF00>Ord=1</FONT></STRONG></CENTER>]]></Details>
<Time><![CDATA[26/07/2021 - 01:18:51]]></Time>
<TimeTick>1627273131</TimeTick>
<NodeArgs eType="General" icon="6" nRep="150" >
<Disp><![CDATA[Service: Reg Save Param]]></Disp>
</NodeArgs>
</Step>
<Step rID="T133">
<Obj plainTxt="False" ><![CDATA[Custom Request: wstransaction]]></Obj>
<Details plainTxt="False" ><![CDATA[<CENTER><STRONG><FONT COLOR=#009A63>Step completed successfully</FONT></STRONG></CENTER>]]></Details>
<Time><![CDATA[26/07/2021 - 01:19:05]]></Time>
<TimeTick>1627273145</TimeTick>
<NodeArgs eType="General" icon="7" nRep="151" status="Passed" >
<Disp><![CDATA[Custom Request: wstransaction]]></Disp>
<BtmPane vType="HTMLSNSH" >
<Path><![CDATA[\Iteration8\t1.inf]]></Path>
</BtmPane>
</NodeArgs>
</Step>
<Step rID="T134">
<Obj plainTxt="False" ><![CDATA["lr_xml_get_values"]]></Obj>
<Details plainTxt="False" ><![CDATA[<CENTER><STRONG><FONT COLOR=#009A63>"lr_xml_get_values" succeeded</FONT></STRONG></CENTER>]]></Details>
<Time><![CDATA[26/07/2021 - 01:19:07]]></Time>
<TimeTick>1627273147</TimeTick>
<NodeArgs eType="General" icon="8" nRep="152" status="Passed" >
<Disp><![CDATA["lr_xml_get_values"]]></Disp>
</NodeArgs>
</Step>
<Step rID="T135">
<Obj plainTxt="False" ><![CDATA["lr_xml_get_values"]]></Obj>
<Details plainTxt="False" ><![CDATA[<CENTER><STRONG><FONT COLOR=#009A63>"lr_xml_get_values" succeeded</FONT></STRONG></CENTER>]]></Details>
<Time><![CDATA[26/07/2021 - 01:19:09]]></Time>
<TimeTick>1627273149</TimeTick>
<NodeArgs eType="General" icon="8" nRep="153" status="Passed" >
<Disp><![CDATA["lr_xml_get_values"]]></Disp>
</NodeArgs>
</Step>
<Step rID="T136">
<Obj plainTxt="False" ><![CDATA["lr_xml_get_values"]]></Obj>
<Details plainTxt="False" ><![CDATA[<CENTER><STRONG><FONT COLOR=#009A63>"lr_xml_get_values" succeeded</FONT></STRONG></CENTER>]]></Details>
<Time><![CDATA[26/07/2021 - 01:19:09]]></Time>
<TimeTick>1627273149</TimeTick>
<NodeArgs eType="General" icon="8" nRep="154" status="Passed" >
<Disp><![CDATA["lr_xml_get_values"]]></Disp>
</NodeArgs>
</Step>
<Step rID="T137">
<Obj plainTxt="False" ><![CDATA["lr_xml_get_values"]]></Obj>
<Details plainTxt="False" ><![CDATA[<CENTER><STRONG><FONT COLOR=#009A63>"lr_xml_get_values" succeeded</FONT></STRONG></CENTER>]]></Details>
<Time><![CDATA[26/07/2021 - 01:19:09]]></Time>
<TimeTick>1627273149</TimeTick>
<NodeArgs eType="General" icon="8" nRep="155" status="Passed" >
<Disp><![CDATA["lr_xml_get_values"]]></Disp>
</NodeArgs>
</Step>
<Step rID="T138">
<Obj plainTxt="False" ><![CDATA[lr_output_message]]></Obj>
<Details plainTxt="False" ><![CDATA[<CENTER><STRONG><FONT COLOR=#009A63>Output message</FONT></STRONG></CENTER>]]></Details>
<Time><![CDATA[26/07/2021 - 01:19:26]]></Time>
<TimeTick>1627273166</TimeTick>
<NodeArgs eType="General" icon="9" nRep="156" status="Passed" >
<Disp><![CDATA[lr_output_message]]></Disp>
<BtmPane vType="HTMLSNSH" >
<Path><![CDATA[\Iteration8\t11535194.inf]]></Path>
</BtmPane>
</NodeArgs>
</Step>
<Summary sTime="26/07/2021 - 01:18:45" eTime="26/07/2021 - 01:19:29" passed="13" failed="0" warnings="0" ></Summary>
<NodeArgs eType="StartAction" icon="2" nRep="141" status="Passed" >
<Disp><![CDATA[Action Summary]]></Disp>
</NodeArgs>
</Action>
<NodeArgs eType="StartIteration" icon="3" nRep="140" status="Passed" >
<Disp><![CDATA[URA009_WS_GeraBoleto Iteration 8 (Row 8)]]></Disp>
</NodeArgs>
</DIter>
<DIter rID="T139" iterID="9" >
<Action rID="T140">
<AName><![CDATA[Action]]></AName>
<Step rID="T141">
<Obj plainTxt="False" ><![CDATA[Service: Set Max Html Param Len]]></Obj>
<Details plainTxt="False" ><![CDATA[<CENTER>Maximum length of a HTML string that can be retrieved and saved set to <STRONG><FONT COLOR=#00AF00>1000000</FONT></STRONG> characters</CENTER>]]></Details>
<Time><![CDATA[26/07/2021 - 01:19:39]]></Time>
<TimeTick>1627273179</TimeTick>
<NodeArgs eType="General" icon="4" nRep="161" >
<Disp><![CDATA[Service: Set Max Html Param Len]]></Disp>
</NodeArgs>
</Step>
<Step rID="T142">
<Obj plainTxt="False" ><![CDATA["lr_xml_set_values"]]></Obj>
<Details plainTxt="False" ><![CDATA[<CENTER><STRONG><FONT COLOR=#009A63>"lr_xml_set_values" succeeded</FONT></STRONG></CENTER>]]></Details>
<Time><![CDATA[26/07/2021 - 01:19:40]]></Time>
<TimeTick>1627273180</TimeTick>
<NodeArgs eType="General" icon="5" nRep="162" status="Passed" >
<Disp><![CDATA["lr_xml_set_values"]]></Disp>
</NodeArgs>
</Step>
<Step rID="T143">
<Obj plainTxt="False" ><![CDATA["lr_xml_set_values"]]></Obj>
<Details plainTxt="False" ><![CDATA[<CENTER><STRONG><FONT COLOR=#009A63>"lr_xml_set_values" succeeded</FONT></STRONG></CENTER>]]></Details>
<Time><![CDATA[26/07/2021 - 01:19:42]]></Time>
<TimeTick>1627273182</TimeTick>
<NodeArgs eType="General" icon="5" nRep="163" status="Passed" >
<Disp><![CDATA["lr_xml_set_values"]]></Disp>
</NodeArgs>
</Step>
<Step rID="T144">
<Obj plainTxt="False" ><![CDATA["lr_xml_set_values"]]></Obj>
<Details plainTxt="False" ><![CDATA[<CENTER><STRONG><FONT COLOR=#009A63>"lr_xml_set_values" succeeded</FONT></STRONG></CENTER>]]></Details>
<Time><![CDATA[26/07/2021 - 01:19:42]]></Time>
<TimeTick>1627273182</TimeTick>
<NodeArgs eType="General" icon="5" nRep="164" status="Passed" >
<Disp><![CDATA["lr_xml_set_values"]]></Disp>
</NodeArgs>
</Step>
<Step rID="T145">
<Obj plainTxt="False" ><![CDATA["lr_xml_set_values"]]></Obj>
<Details plainTxt="False" ><![CDATA[<CENTER><STRONG><FONT COLOR=#009A63>"lr_xml_set_values" succeeded</FONT></STRONG></CENTER>]]></Details>
<Time><![CDATA[26/07/2021 - 01:19:42]]></Time>
<TimeTick>1627273182</TimeTick>
<NodeArgs eType="General" icon="5" nRep="165" status="Passed" >
<Disp><![CDATA["lr_xml_set_values"]]></Disp>
</NodeArgs>
</Step>
<Step rID="T146">
<Obj plainTxt="False" ><![CDATA["lr_xml_set_values"]]></Obj>
<Details plainTxt="False" ><![CDATA[<CENTER><STRONG><FONT COLOR=#009A63>"lr_xml_set_values" succeeded</FONT></STRONG></CENTER>]]></Details>
<Time><![CDATA[26/07/2021 - 01:19:42]]></Time>
<TimeTick>1627273182</TimeTick>
<NodeArgs eType="General" icon="5" nRep="166" status="Passed" >
<Disp><![CDATA["lr_xml_set_values"]]></Disp>
</NodeArgs>
</Step>
<Step rID="T147">
<Obj plainTxt="False" ><![CDATA["lr_xml_set_values"]]></Obj>
<Details plainTxt="False" ><![CDATA[<CENTER><STRONG><FONT COLOR=#009A63>"lr_xml_set_values" succeeded</FONT></STRONG></CENTER>]]></Details>
<Time><![CDATA[26/07/2021 - 01:19:42]]></Time>
<TimeTick>1627273182</TimeTick>
<NodeArgs eType="General" icon="5" nRep="167" status="Passed" >
<Disp><![CDATA["lr_xml_set_values"]]></Disp>
</NodeArgs>
</Step>
<Step rID="T148">
<Obj plainTxt="False" ><![CDATA["lr_xml_set_values"]]></Obj>
<Details plainTxt="False" ><![CDATA[<CENTER><STRONG><FONT COLOR=#009A63>"lr_xml_set_values" succeeded</FONT></STRONG></CENTER>]]></Details>
<Time><![CDATA[26/07/2021 - 01:19:42]]></Time>
<TimeTick>1627273182</TimeTick>
<NodeArgs eType="General" icon="5" nRep="168" status="Passed" >
<Disp><![CDATA["lr_xml_set_values"]]></Disp>
</NodeArgs>
</Step>
<Step rID="T149">
<Obj plainTxt="False" ><![CDATA[Service: Reg Save Param]]></Obj>
<Details plainTxt="False" ><![CDATA[<CENTER>ParamName =<STRONG><FONT COLOR=#00AF00>response</FONT></STRONG><BR>Left Boundary = <STRONG><FONT COLOR=#00AF00>LB=</FONT></STRONG><BR>Right Boundary = <STRONG><FONT COLOR=#00AF00>RB=</FONT></STRONG><BR>Instance = <STRONG><FONT COLOR=#00AF00>Ord=1</FONT></STRONG></CENTER>]]></Details>
<Time><![CDATA[26/07/2021 - 01:19:42]]></Time>
<TimeTick>1627273182</TimeTick>
<NodeArgs eType="General" icon="6" nRep="169" >
<Disp><![CDATA[Service: Reg Save Param]]></Disp>
</NodeArgs>
</Step>
<Step rID="T150">
<Obj plainTxt="False" ><![CDATA[Custom Request: wstransaction]]></Obj>
<Details plainTxt="False" ><![CDATA[<CENTER><STRONG><FONT COLOR=#009A63>Step completed successfully</FONT></STRONG></CENTER>]]></Details>
<Time><![CDATA[26/07/2021 - 01:19:55]]></Time>
<TimeTick>1627273195</TimeTick>
<NodeArgs eType="General" icon="7" nRep="170" status="Passed" >
<Disp><![CDATA[Custom Request: wstransaction]]></Disp>
<BtmPane vType="HTMLSNSH" >
<Path><![CDATA[\Iteration9\t1.inf]]></Path>
</BtmPane>
</NodeArgs>
</Step>
<Step rID="T151">
<Obj plainTxt="False" ><![CDATA["lr_xml_get_values"]]></Obj>
<Details plainTxt="False" ><![CDATA[<CENTER><STRONG><FONT COLOR=#009A63>"lr_xml_get_values" succeeded</FONT></STRONG></CENTER>]]></Details>
<Time><![CDATA[26/07/2021 - 01:19:57]]></Time>
<TimeTick>1627273197</TimeTick>
<NodeArgs eType="General" icon="8" nRep="171" status="Passed" >
<Disp><![CDATA["lr_xml_get_values"]]></Disp>
</NodeArgs>
</Step>
<Step rID="T152">
<Obj plainTxt="False" ><![CDATA["lr_xml_get_values"]]></Obj>
<Details plainTxt="False" ><![CDATA[<CENTER><STRONG><FONT COLOR=#009A63>"lr_xml_get_values" succeeded</FONT></STRONG></CENTER>]]></Details>
<Time><![CDATA[26/07/2021 - 01:19:58]]></Time>
<TimeTick>1627273198</TimeTick>
<NodeArgs eType="General" icon="8" nRep="172" status="Passed" >
<Disp><![CDATA["lr_xml_get_values"]]></Disp>
</NodeArgs>
</Step>
<Step rID="T153">
<Obj plainTxt="False" ><![CDATA["lr_xml_get_values"]]></Obj>
<Details plainTxt="False" ><![CDATA[<CENTER><STRONG><FONT COLOR=#009A63>"lr_xml_get_values" succeeded</FONT></STRONG></CENTER>]]></Details>
<Time><![CDATA[26/07/2021 - 01:19:58]]></Time>
<TimeTick>1627273198</TimeTick>
<NodeArgs eType="General" icon="8" nRep="173" status="Passed" >
<Disp><![CDATA["lr_xml_get_values"]]></Disp>
</NodeArgs>
</Step>
<Step rID="T154">
<Obj plainTxt="False" ><![CDATA["lr_xml_get_values"]]></Obj>
<Details plainTxt="False" ><![CDATA[<CENTER><STRONG><FONT COLOR=#009A63>"lr_xml_get_values" succeeded</FONT></STRONG></CENTER>]]></Details>
<Time><![CDATA[26/07/2021 - 01:19:58]]></Time>
<TimeTick>1627273198</TimeTick>
<NodeArgs eType="General" icon="8" nRep="174" status="Passed" >
<Disp><![CDATA["lr_xml_get_values"]]></Disp>
</NodeArgs>
</Step>
<Step rID="T155">
<Obj plainTxt="False" ><![CDATA[lr_output_message]]></Obj>
<Details plainTxt="False" ><![CDATA[<CENTER><STRONG><FONT COLOR=#009A63>Output message</FONT></STRONG></CENTER>]]></Details>
<Time><![CDATA[26/07/2021 - 01:20:16]]></Time>
<TimeTick>1627273216</TimeTick>
<NodeArgs eType="General" icon="9" nRep="175" status="Passed" >
<Disp><![CDATA[lr_output_message]]></Disp>
<BtmPane vType="HTMLSNSH" >
<Path><![CDATA[\Iteration9\t67077456.inf]]></Path>
</BtmPane>
</NodeArgs>
</Step>
<Summary sTime="26/07/2021 - 01:19:38" eTime="26/07/2021 - 01:20:19" passed="13" failed="0" warnings="0" ></Summary>
<NodeArgs eType="StartAction" icon="2" nRep="160" status="Passed" >
<Disp><![CDATA[Action Summary]]></Disp>
</NodeArgs>
</Action>
<NodeArgs eType="StartIteration" icon="3" nRep="159" status="Passed" >
<Disp><![CDATA[URA009_WS_GeraBoleto Iteration 9 (Row 9)]]></Disp>
</NodeArgs>
</DIter>
<DIter rID="T156" iterID="10" >
<Action rID="T157">
<AName><![CDATA[Action]]></AName>
<Step rID="T158">
<Obj plainTxt="False" ><![CDATA[Service: Set Max Html Param Len]]></Obj>
<Details plainTxt="False" ><![CDATA[<CENTER>Maximum length of a HTML string that can be retrieved and saved set to <STRONG><FONT COLOR=#00AF00>1000000</FONT></STRONG> characters</CENTER>]]></Details>
<Time><![CDATA[26/07/2021 - 01:20:31]]></Time>
<TimeTick>1627273231</TimeTick>
<NodeArgs eType="General" icon="4" nRep="180" >
<Disp><![CDATA[Service: Set Max Html Param Len]]></Disp>
</NodeArgs>
</Step>
<Step rID="T159">
<Obj plainTxt="False" ><![CDATA["lr_xml_set_values"]]></Obj>
<Details plainTxt="False" ><![CDATA[<CENTER><STRONG><FONT COLOR=#009A63>"lr_xml_set_values" succeeded</FONT></STRONG></CENTER>]]></Details>
<Time><![CDATA[26/07/2021 - 01:20:32]]></Time>
<TimeTick>1627273232</TimeTick>
<NodeArgs eType="General" icon="5" nRep="181" status="Passed" >
<Disp><![CDATA["lr_xml_set_values"]]></Disp>
</NodeArgs>
</Step>
<Step rID="T160">
<Obj plainTxt="False" ><![CDATA["lr_xml_set_values"]]></Obj>
<Details plainTxt="False" ><![CDATA[<CENTER><STRONG><FONT COLOR=#009A63>"lr_xml_set_values" succeeded</FONT></STRONG></CENTER>]]></Details>
<Time><![CDATA[26/07/2021 - 01:20:33]]></Time>
<TimeTick>1627273233</TimeTick>
<NodeArgs eType="General" icon="5" nRep="182" status="Passed" >
<Disp><![CDATA["lr_xml_set_values"]]></Disp>
</NodeArgs>
</Step>
<Step rID="T161">
<Obj plainTxt="False" ><![CDATA["lr_xml_set_values"]]></Obj>
<Details plainTxt="False" ><![CDATA[<CENTER><STRONG><FONT COLOR=#009A63>"lr_xml_set_values" succeeded</FONT></STRONG></CENTER>]]></Details>
<Time><![CDATA[26/07/2021 - 01:20:33]]></Time>
<TimeTick>1627273233</TimeTick>
<NodeArgs eType="General" icon="5" nRep="183" status="Passed" >
<Disp><![CDATA["lr_xml_set_values"]]></Disp>
</NodeArgs>
</Step>
<Step rID="T162">
<Obj plainTxt="False" ><![CDATA["lr_xml_set_values"]]></Obj>
<Details plainTxt="False" ><![CDATA[<CENTER><STRONG><FONT COLOR=#009A63>"lr_xml_set_values" succeeded</FONT></STRONG></CENTER>]]></Details>
<Time><![CDATA[26/07/2021 - 01:20:33]]></Time>
<TimeTick>1627273233</TimeTick>
<NodeArgs eType="General" icon="5" nRep="184" status="Passed" >
<Disp><![CDATA["lr_xml_set_values"]]></Disp>
</NodeArgs>
</Step>
<Step rID="T163">
<Obj plainTxt="False" ><![CDATA["lr_xml_set_values"]]></Obj>
<Details plainTxt="False" ><![CDATA[<CENTER><STRONG><FONT COLOR=#009A63>"lr_xml_set_values" succeeded</FONT></STRONG></CENTER>]]></Details>
<Time><![CDATA[26/07/2021 - 01:20:33]]></Time>
<TimeTick>1627273233</TimeTick>
<NodeArgs eType="General" icon="5" nRep="185" status="Passed" >
<Disp><![CDATA["lr_xml_set_values"]]></Disp>
</NodeArgs>
</Step>
<Step rID="T164">
<Obj plainTxt="False" ><![CDATA["lr_xml_set_values"]]></Obj>
<Details plainTxt="False" ><![CDATA[<CENTER><STRONG><FONT COLOR=#009A63>"lr_xml_set_values" succeeded</FONT></STRONG></CENTER>]]></Details>
<Time><![CDATA[26/07/2021 - 01:20:33]]></Time>
<TimeTick>1627273233</TimeTick>
<NodeArgs eType="General" icon="5" nRep="186" status="Passed" >
<Disp><![CDATA["lr_xml_set_values"]]></Disp>
</NodeArgs>
</Step>
<Step rID="T165">
<Obj plainTxt="False" ><![CDATA["lr_xml_set_values"]]></Obj>
<Details plainTxt="False" ><![CDATA[<CENTER><STRONG><FONT COLOR=#009A63>"lr_xml_set_values" succeeded</FONT></STRONG></CENTER>]]></Details>
<Time><![CDATA[26/07/2021 - 01:20:33]]></Time>
<TimeTick>1627273233</TimeTick>
<NodeArgs eType="General" icon="5" nRep="187" status="Passed" >
<Disp><![CDATA["lr_xml_set_values"]]></Disp>
</NodeArgs>
</Step>
<Step rID="T166">
<Obj plainTxt="False" ><![CDATA[Service: Reg Save Param]]></Obj>
<Details plainTxt="False" ><![CDATA[<CENTER>ParamName =<STRONG><FONT COLOR=#00AF00>response</FONT></STRONG><BR>Left Boundary = <STRONG><FONT COLOR=#00AF00>LB=</FONT></STRONG><BR>Right Boundary = <STRONG><FONT COLOR=#00AF00>RB=</FONT></STRONG><BR>Instance = <STRONG><FONT COLOR=#00AF00>Ord=1</FONT></STRONG></CENTER>]]></Details>
<Time><![CDATA[26/07/2021 - 01:20:33]]></Time>
<TimeTick>1627273233</TimeTick>
<NodeArgs eType="General" icon="6" nRep="188" >
<Disp><![CDATA[Service: Reg Save Param]]></Disp>
</NodeArgs>
</Step>
<Step rID="T167">
<Obj plainTxt="False" ><![CDATA[Custom Request: wstransaction]]></Obj>
<Details plainTxt="False" ><![CDATA[<CENTER><STRONG><FONT COLOR=#009A63>Step completed successfully</FONT></STRONG></CENTER>]]></Details>
<Time><![CDATA[26/07/2021 - 01:20:47]]></Time>
<TimeTick>1627273247</TimeTick>
<NodeArgs eType="General" icon="7" nRep="189" status="Passed" >
<Disp><![CDATA[Custom Request: wstransaction]]></Disp>
<BtmPane vType="HTMLSNSH" >
<Path><![CDATA[\Iteration10\t1.inf]]></Path>
</BtmPane>
</NodeArgs>
</Step>
<Step rID="T168">
<Obj plainTxt="False" ><![CDATA["lr_xml_get_values"]]></Obj>
<Details plainTxt="False" ><![CDATA[<CENTER><STRONG><FONT COLOR=#009A63>"lr_xml_get_values" succeeded</FONT></STRONG></CENTER>]]></Details>
<Time><![CDATA[26/07/2021 - 01:20:50]]></Time>
<TimeTick>1627273250</TimeTick>
<NodeArgs eType="General" icon="8" nRep="190" status="Passed" >
<Disp><![CDATA["lr_xml_get_values"]]></Disp>
</NodeArgs>
</Step>
<Step rID="T169">
<Obj plainTxt="False" ><![CDATA["lr_xml_get_values"]]></Obj>
<Details plainTxt="False" ><![CDATA[<CENTER><STRONG><FONT COLOR=#009A63>"lr_xml_get_values" succeeded</FONT></STRONG></CENTER>]]></Details>
<Time><![CDATA[26/07/2021 - 01:20:51]]></Time>
<TimeTick>1627273251</TimeTick>
<NodeArgs eType="General" icon="8" nRep="191" status="Passed" >
<Disp><![CDATA["lr_xml_get_values"]]></Disp>
</NodeArgs>
</Step>
<Step rID="T170">
<Obj plainTxt="False" ><![CDATA["lr_xml_get_values"]]></Obj>
<Details plainTxt="False" ><![CDATA[<CENTER><STRONG><FONT COLOR=#009A63>"lr_xml_get_values" succeeded</FONT></STRONG></CENTER>]]></Details>
<Time><![CDATA[26/07/2021 - 01:20:51]]></Time>
<TimeTick>1627273251</TimeTick>
<NodeArgs eType="General" icon="8" nRep="192" status="Passed" >
<Disp><![CDATA["lr_xml_get_values"]]></Disp>
</NodeArgs>
</Step>
<Step rID="T171">
<Obj plainTxt="False" ><![CDATA["lr_xml_get_values"]]></Obj>
<Details plainTxt="False" ><![CDATA[<CENTER><STRONG><FONT COLOR=#009A63>"lr_xml_get_values" succeeded</FONT></STRONG></CENTER>]]></Details>
<Time><![CDATA[26/07/2021 - 01:20:51]]></Time>
<TimeTick>1627273251</TimeTick>
<NodeArgs eType="General" icon="8" nRep="193" status="Passed" >
<Disp><![CDATA["lr_xml_get_values"]]></Disp>
</NodeArgs>
</Step>
<Step rID="T172">
<Obj plainTxt="False" ><![CDATA[lr_output_message]]></Obj>
<Details plainTxt="False" ><![CDATA[<CENTER><STRONG><FONT COLOR=#009A63>Output message</FONT></STRONG></CENTER>]]></Details>
<Time><![CDATA[26/07/2021 - 01:21:08]]></Time>
<TimeTick>1627273268</TimeTick>
<NodeArgs eType="General" icon="9" nRep="194" status="Passed" >
<Disp><![CDATA[lr_output_message]]></Disp>
<BtmPane vType="HTMLSNSH" >
<Path><![CDATA[\Iteration10\t9903859.inf]]></Path>
</BtmPane>
</NodeArgs>
</Step>
<Summary sTime="26/07/2021 - 01:20:28" eTime="26/07/2021 - 01:21:12" passed="13" failed="0" warnings="0" ></Summary>
<NodeArgs eType="StartAction" icon="2" nRep="179" status="Passed" >
<Disp><![CDATA[Action Summary]]></Disp>
</NodeArgs>
</Action>
<NodeArgs eType="StartIteration" icon="3" nRep="178" status="Passed" >
<Disp><![CDATA[URA009_WS_GeraBoleto Iteration 10 (Row 10)]]></Disp>
</NodeArgs>
</DIter>
<Action rID="T173">
<AName><![CDATA[vuser_end]]></AName>
<Summary sTime="26/07/2021 - 01:21:19" eTime="26/07/2021 - 01:21:22" passed="0" failed="0" warnings="0" ></Summary>
<NodeArgs eType="StartAction" icon="2" nRep="197" >
<Disp><![CDATA[vuser_end Summary]]></Disp>
</NodeArgs>
</Action>
<Summary sTime="26/07/2021 - 01:11:55" eTime="26/07/2021 - 01:21:23" passed="130" failed="0" warnings="0" ></Summary>
<NodeArgs eType="StartTest" icon="1" nRep="4" status="Passed" >
<Disp><![CDATA[Test URA009_WS_GeraBoleto Summary]]></Disp>
</NodeArgs>
</Doc>
</Report>