[
    {
        "actionName": "Action",
        "steps": [
            {
                "stepId": "STEP3",
                "stepName": "Custom Request: wstransaction",
                "infFile": "t1.inf",
                "time": 1627272886950
            }
        ],
        "transactions": [
            {
                "transactionName": "URA009_WS_01_transaction",
                "rawStartTime": 1627272872829,
                "rawEndTime": 1627272887860,
                "thinkTime": 0.0,
                "wastedTime": 2.7036772918701175
            }
        ]
    }
]