[
    {
        "actionName": "Action",
        "steps": [
            {
                "stepId": "STEP1",
                "stepName": "Custom Request: wstransaction",
                "infFile": "t1.inf",
                "time": 1627272779336
            }
        ],
        "transactions": [
            {
                "transactionName": "URA009_WS_01_transaction",
                "rawStartTime": 1627272763063,
                "rawEndTime": 1627272782438,
                "thinkTime": 0.0,
                "wastedTime": 4.452013021469115
            }
        ]
    }
]