<?xml version='1.0' encoding='UTF-8'?><soapenv:Envelope xmlns:soapenv="http://schemas.xmlsoap.org/soap/envelope/" xmlns:tns="http://gis.gmfapps.gmfinancial.com/schemas/IVRNewcon/V1_0" xmlns:tns3="http://xmlns.example.com/1586991109725" xmlns:tns4="http://schemas.datacontract.org/2004/07/Newcon.Servicos" xmlns:tns1="http://tempuri.org/" xmlns:xsi="http://www.w3.org/2001/XMLSchema-instance" xmlns:tns2="http://schemas.datacontract.org/2004/07/Newcon.Servicos.Ura.GM"><soapenv:Body><tns:GMUra009Saida><tns:codigoErro>13</tns:codigoErro><tns:mensagemErro>Boleto existente enviado.</tns:mensagemErro><tns:DT_Vencimento>2021-07-28T00:00:00</tns:DT_Vencimento><tns:VL_Boleto>616.3</tns:VL_Boleto></tns:GMUra009Saida></soapenv:Body></soapenv:Envelope>