[
    {
        "actionName": "Action",
        "steps": [
            {
                "stepId": "STEP3",
                "stepName": "Url: frmMain.aspx",
                "infFile": "t6.inf",
                "time": 1627260419112
            },
            {
                "stepId": "STEP4",
                "stepName": "Url: frmMainMenu.aspx",
                "infFile": "t7.inf",
                "time": 1627260421199
            },
            {
                "stepId": "STEP5",
                "stepName": "Url: frmConAtSrcConsorciado.aspx",
                "infFile": "t10.inf",
                "time": 1627260423418
            },
            {
                "stepId": "STEP6",
                "stepName": "Submit Data: frmConAtSrcConsorciado.aspx_2",
                "infFile": "t12.inf",
                "time": 1627260430340
            },
            {
                "stepId": "STEP7",
                "stepName": "Url: Oferta de Lance",
                "infFile": "t17.inf",
                "time": 1627260436187
            },
            {
                "stepId": "STEP8",
                "stepName": "Submit Data: frmConCpCadCredenciamentoLance.aspx",
                "infFile": "t19.inf",
                "time": 1627260438404
            },
            {
                "stepId": "STEP9",
                "stepName": "Submit Data: frmConCpCadCredenciamentoLance.aspx_2",
                "infFile": "t21.inf",
                "time": 1627260440312
            },
            {
                "stepId": "STEP10",
                "stepName": "Submit Data: frmConCpCadCredenciamentoLance.aspx_3",
                "infFile": "t23.inf",
                "time": 1627260443323
            },
            {
                "stepId": "STEP11",
                "stepName": "Submit Data: frmConCpCadCredenciamentoLance.aspx_4",
                "infFile": "t24.inf",
                "time": 1627260446252
            },
            {
                "stepId": "STEP12",
                "stepName": "Url: frmConCpCadCredenciamentoLance.aspx_5",
                "infFile": "t27.inf",
                "time": 1627260455907
            },
            {
                "stepId": "STEP13",
                "stepName": "Url: frmConCmNewconReports.aspx_2",
                "infFile": "t28.inf",
                "time": 1627260457799
            },
            {
                "stepId": "STEP14",
                "stepName": "Submit Data: frmConCmNewconReports.aspx_8",
                "infFile": "t29.inf",
                "time": 1627260467882
            },
            {
                "stepId": "STEP15",
                "stepName": "Url: frmMain.aspx_2",
                "infFile": "t32.inf",
                "time": 1627260470150
            }
        ],
        "transactions": [
            {
                "transactionName": "ID500_DW_03_MenuAtendimento",
                "rawStartTime": 1627260417932,
                "rawEndTime": 1627260421215,
                "thinkTime": 0.0,
                "wastedTime": 0.32170772552490237
            },
            {
                "transactionName": "ID500_DW_04_MenuPosicao",
                "rawStartTime": 1627260421246,
                "rawEndTime": 1627260423434,
                "thinkTime": 0.0,
                "wastedTime": 0.1459946632385254
            },
            {
                "transactionName": "ID500_DW_05_LocalizarConsorciado",
                "rawStartTime": 1627260423465,
                "rawEndTime": 1627260430356,
                "thinkTime": 0.0,
                "wastedTime": 0.21039414405822755
            },
            {
                "transactionName": "ID500_DW_06_MenuOfertaLance",
                "rawStartTime": 1627260430387,
                "rawEndTime": 1627260436200,
                "thinkTime": 0.0,
                "wastedTime": 0.24873709678649903
            },
            {
                "transactionName": "ID500_DW_07_SimularLance",
                "rawStartTime": 1627260436231,
                "rawEndTime": 1627260443327,
                "thinkTime": 0.0,
                "wastedTime": 0.5342657566070557
            },
            {
                "transactionName": "ID500_DW_08_ConfirmarLance",
                "rawStartTime": 1627260443358,
                "rawEndTime": 1627260459063,
                "thinkTime": 0.0,
                "wastedTime": 0.7954590320587158
            },
            {
                "transactionName": "ID500_DW_09_VoltarParaOferta",
                "rawStartTime": 1627260459094,
                "rawEndTime": 1627260467891,
                "thinkTime": 0.0,
                "wastedTime": 0.20543813705444337
            },
            {
                "transactionName": "ID500_DW_10_VoltarAoInicio",
                "rawStartTime": 1627260467923,
                "rawEndTime": 1627260470160,
                "thinkTime": 0.0,
                "wastedTime": 0.14073514938354493
            }
        ]
    }
]