[
    {
        "actionName": "vuser_init",
        "steps": [
            {
                "stepId": "STEP1",
                "stepName": "Url: frmCorCCCnsLogin.aspx",
                "infFile": "t3.inf",
                "time": 1627260413061
            },
            {
                "stepId": "STEP2",
                "stepName": "Submit Data: frmCorCCCnsLogin.aspx_2",
                "infFile": "t5.inf",
                "time": 1627260417461
            }
        ],
        "transactions": [
            {
                "transactionName": "ID500_DW_01_LoadURL",
                "rawStartTime": 1627260411581,
                "rawEndTime": 1627260413064,
                "thinkTime": 0.0,
                "wastedTime": 0.35903024673461916
            },
            {
                "transactionName": "ID500_DW_02_Login",
                "rawStartTime": 1627260413065,
                "rawEndTime": 1627260417461,
                "thinkTime": 0.0,
                "wastedTime": 0.2252485752105713
            }
        ]
    }
]