﻿<DataObject comparison="Ordinal">
  <Section id="">
    <Subsections>
      <Section id="General">
        <Subsections />
        <Entries>
          <Entry key="ElapsedTime">
            <double>530.198419</double>
          </Entry>
          <Entry key="StartedAt">
            <dateTime>2021-07-26T00:46:47.4533405+00:00</dateTime>
          </Entry>
          <Entry key="EndedAt">
            <dateTime>2021-07-26T00:55:37.6517595+00:00</dateTime>
          </Entry>
          <Entry key="ReplayStatus">
            <LastReplayRunStatus>Passed</LastReplayRunStatus>
          </Entry>
          <Entry key="NumberOfReplayErrors">
            <int>0</int>
          </Entry>
          <Entry key="NumberOfReplayCriticalErrors">
            <int>0</int>
          </Entry>
          <Entry key="NumberOfCompilationErrors">
            <int>0</int>
          </Entry>
        </Entries>
      </Section>
    </Subsections>
    <Entries>
      <Entry key="Iterations">
        <int>10</int>
      </Entry>
    </Entries>
  </Section>
</DataObject>