[
    {
        "actionName": "Action",
        "steps": [
            {
                "stepId": "STEP42",
                "stepName": "Url: frmMain.aspx",
                "infFile": "t6.inf",
                "time": 1627260583071
            },
            {
                "stepId": "STEP43",
                "stepName": "Url: frmMainMenu.aspx",
                "infFile": "t7.inf",
                "time": 1627260585821
            },
            {
                "stepId": "STEP44",
                "stepName": "Url: frmConAtSrcConsorciado.aspx",
                "infFile": "t10.inf",
                "time": 1627260588385
            },
            {
                "stepId": "STEP45",
                "stepName": "Submit Data: frmConAtSrcConsorciado.aspx_2",
                "infFile": "t12.inf",
                "time": 1627260595899
            },
            {
                "stepId": "STEP46",
                "stepName": "Url: Oferta de Lance",
                "infFile": "t17.inf",
                "time": 1627260602038
            },
            {
                "stepId": "STEP47",
                "stepName": "Submit Data: frmConCpCadCredenciamentoLance.aspx",
                "infFile": "t19.inf",
                "time": 1627260604205
            },
            {
                "stepId": "STEP48",
                "stepName": "Submit Data: frmConCpCadCredenciamentoLance.aspx_2",
                "infFile": "t21.inf",
                "time": 1627260606035
            },
            {
                "stepId": "STEP49",
                "stepName": "Submit Data: frmConCpCadCredenciamentoLance.aspx_3",
                "infFile": "t23.inf",
                "time": 1627260608925
            },
            {
                "stepId": "STEP50",
                "stepName": "Submit Data: frmConCpCadCredenciamentoLance.aspx_4",
                "infFile": "t24.inf",
                "time": 1627260611893
            },
            {
                "stepId": "STEP51",
                "stepName": "Url: frmConCpCadCredenciamentoLance.aspx_5",
                "infFile": "t27.inf",
                "time": 1627260621015
            },
            {
                "stepId": "STEP52",
                "stepName": "Url: frmConCmNewconReports.aspx_2",
                "infFile": "t28.inf",
                "time": 1627260623109
            },
            {
                "stepId": "STEP53",
                "stepName": "Submit Data: frmConCmNewconReports.aspx_8",
                "infFile": "t29.inf",
                "time": 1627260632116
            },
            {
                "stepId": "STEP54",
                "stepName": "Url: frmMain.aspx_2",
                "infFile": "t32.inf",
                "time": 1627260633896
            }
        ],
        "transactions": [
            {
                "transactionName": "ID500_DW_03_MenuAtendimento",
                "rawStartTime": 1627260581816,
                "rawEndTime": 1627260585832,
                "thinkTime": 0.0,
                "wastedTime": 0.3234241008758545
            },
            {
                "transactionName": "ID500_DW_04_MenuPosicao",
                "rawStartTime": 1627260585863,
                "rawEndTime": 1627260588395,
                "thinkTime": 0.0,
                "wastedTime": 0.16416406631469727
            },
            {
                "transactionName": "ID500_DW_05_LocalizarConsorciado",
                "rawStartTime": 1627260588426,
                "rawEndTime": 1627260595910,
                "thinkTime": 0.0,
                "wastedTime": 0.2371683120727539
            },
            {
                "transactionName": "ID500_DW_06_MenuOfertaLance",
                "rawStartTime": 1627260595941,
                "rawEndTime": 1627260602051,
                "thinkTime": 0.0,
                "wastedTime": 0.20960283279418946
            },
            {
                "transactionName": "ID500_DW_07_SimularLance",
                "rawStartTime": 1627260602082,
                "rawEndTime": 1627260608941,
                "thinkTime": 0.0,
                "wastedTime": 0.5374760627746582
            },
            {
                "transactionName": "ID500_DW_08_ConfirmarLance",
                "rawStartTime": 1627260608972,
                "rawEndTime": 1627260624253,
                "thinkTime": 0.0,
                "wastedTime": 1.1099483966827393
            },
            {
                "transactionName": "ID500_DW_09_VoltarParaOferta",
                "rawStartTime": 1627260624285,
                "rawEndTime": 1627260632128,
                "thinkTime": 0.0,
                "wastedTime": 0.22239947319030763
            },
            {
                "transactionName": "ID500_DW_10_VoltarAoInicio",
                "rawStartTime": 1627260632160,
                "rawEndTime": 1627260633910,
                "thinkTime": 0.0,
                "wastedTime": 0.16218352317810059
            }
        ]
    }
]