[
    {
        "actionName": "Action",
        "steps": [
            {
                "stepId": "STEP1",
                "stepName": "Url: frmCorCCCnsLogin.aspx",
                "infFile": "t3.inf",
                "time": 1627668467031
            },
            {
                "stepId": "STEP2",
                "stepName": "Submit Data: frmCorCCCnsLogin.aspx_2",
                "infFile": "t6.inf",
                "time": 1627668476519
            },
            {
                "stepId": "STEP3",
                "stepName": "Submit Data: frmMain.aspx",
                "infFile": "t9.inf",
                "time": 1627668482276
            },
            {
                "stepId": "STEP4",
                "stepName": "Submit Data: frmConAtSrcConsorciado.aspx",
                "infFile": "t11.inf",
                "time": 1627668492947
            },
            {
                "stepId": "STEP5",
                "stepName": "Submit Data: frmConAtCnsAtendimento.aspx",
                "infFile": "t12.inf",
                "time": 1627668502265
            }
        ],
        "transactions": [
            {
                "transactionName": "ID1033_DW_01_LoadURL",
                "rawStartTime": 1627668458753,
                "rawEndTime": 1627668467033,
                "thinkTime": 0.0,
                "wastedTime": 1.6581902503967286
            },
            {
                "transactionName": "ID1033_DW_02_Login",
                "rawStartTime": 1627668467178,
                "rawEndTime": 1627668476521,
                "thinkTime": 0.0,
                "wastedTime": 1.1675794124603272
            },
            {
                "transactionName": "ID1033_DW_03_Atendimento",
                "rawStartTime": 1627668476678,
                "rawEndTime": 1627668482277,
                "thinkTime": 0.0,
                "wastedTime": 0.3006441593170166
            },
            {
                "transactionName": "ID1033_DW_04_LocalizarConsorciado",
                "rawStartTime": 1627668482438,
                "rawEndTime": 1627668492950,
                "thinkTime": 0.0,
                "wastedTime": 0.5188374519348145
            },
            {
                "transactionName": "ID1033_DW_05_FaseAnalise",
                "rawStartTime": 1627668493117,
                "rawEndTime": 1627668502266,
                "thinkTime": 0.0,
                "wastedTime": 0.24240541458129884
            }
        ]
    }
]