[
    {
        "actionName": "Action",
        "steps": [
            {
                "stepId": "STEP55",
                "stepName": "Url: frmMain.aspx",
                "infFile": "t6.inf",
                "time": 1627260635465
            },
            {
                "stepId": "STEP56",
                "stepName": "Url: frmMainMenu.aspx",
                "infFile": "t7.inf",
                "time": 1627260637784
            },
            {
                "stepId": "STEP57",
                "stepName": "Url: frmConAtSrcConsorciado.aspx",
                "infFile": "t10.inf",
                "time": 1627260640446
            },
            {
                "stepId": "STEP58",
                "stepName": "Submit Data: frmConAtSrcConsorciado.aspx_2",
                "infFile": "t12.inf",
                "time": 1627260646423
            },
            {
                "stepId": "STEP59",
                "stepName": "Url: Oferta de Lance",
                "infFile": "t17.inf",
                "time": 1627260652238
            },
            {
                "stepId": "STEP60",
                "stepName": "Submit Data: frmConCpCadCredenciamentoLance.aspx",
                "infFile": "t19.inf",
                "time": 1627260654368
            },
            {
                "stepId": "STEP61",
                "stepName": "Submit Data: frmConCpCadCredenciamentoLance.aspx_2",
                "infFile": "t21.inf",
                "time": 1627260656308
            },
            {
                "stepId": "STEP62",
                "stepName": "Submit Data: frmConCpCadCredenciamentoLance.aspx_3",
                "infFile": "t23.inf",
                "time": 1627260659360
            },
            {
                "stepId": "STEP63",
                "stepName": "Submit Data: frmConCpCadCredenciamentoLance.aspx_4",
                "infFile": "t24.inf",
                "time": 1627260662450
            },
            {
                "stepId": "STEP64",
                "stepName": "Url: frmConCpCadCredenciamentoLance.aspx_5",
                "infFile": "t27.inf",
                "time": 1627260670531
            },
            {
                "stepId": "STEP65",
                "stepName": "Url: frmConCmNewconReports.aspx_2",
                "infFile": "t28.inf",
                "time": 1627260672509
            },
            {
                "stepId": "STEP66",
                "stepName": "Submit Data: frmConCmNewconReports.aspx_8",
                "infFile": "t29.inf",
                "time": 1627260680648
            },
            {
                "stepId": "STEP67",
                "stepName": "Url: frmMain.aspx_2",
                "infFile": "t32.inf",
                "time": 1627260682402
            }
        ],
        "transactions": [
            {
                "transactionName": "ID500_DW_03_MenuAtendimento",
                "rawStartTime": 1627260634253,
                "rawEndTime": 1627260637786,
                "thinkTime": 0.0,
                "wastedTime": 0.2979621887207031
            },
            {
                "transactionName": "ID500_DW_04_MenuPosicao",
                "rawStartTime": 1627260637817,
                "rawEndTime": 1627260640458,
                "thinkTime": 0.0,
                "wastedTime": 0.14885473251342774
            },
            {
                "transactionName": "ID500_DW_05_LocalizarConsorciado",
                "rawStartTime": 1627260640489,
                "rawEndTime": 1627260646427,
                "thinkTime": 0.0,
                "wastedTime": 0.22257018089294434
            },
            {
                "transactionName": "ID500_DW_06_MenuOfertaLance",
                "rawStartTime": 1627260646458,
                "rawEndTime": 1627260652255,
                "thinkTime": 0.0,
                "wastedTime": 0.2086937427520752
            },
            {
                "transactionName": "ID500_DW_07_SimularLance",
                "rawStartTime": 1627260652286,
                "rawEndTime": 1627260659364,
                "thinkTime": 0.0,
                "wastedTime": 0.5299777984619141
            },
            {
                "transactionName": "ID500_DW_08_ConfirmarLance",
                "rawStartTime": 1627260659395,
                "rawEndTime": 1627260673802,
                "thinkTime": 0.0,
                "wastedTime": 0.9127850532531738
            },
            {
                "transactionName": "ID500_DW_09_VoltarParaOferta",
                "rawStartTime": 1627260673833,
                "rawEndTime": 1627260680662,
                "thinkTime": 0.0,
                "wastedTime": 0.20255684852600099
            },
            {
                "transactionName": "ID500_DW_10_VoltarAoInicio",
                "rawStartTime": 1627260680693,
                "rawEndTime": 1627260682413,
                "thinkTime": 0.0,
                "wastedTime": 0.14397120475769044
            }
        ]
    }
]