[
    {
        "actionName": "Action",
        "steps": [
            {
                "stepId": "STEP2",
                "stepName": "Custom Request: wstransaction",
                "infFile": "t1.inf",
                "time": 1627272837316
            }
        ],
        "transactions": [
            {
                "transactionName": "URA009_WS_01_transaction",
                "rawStartTime": 1627272822235,
                "rawEndTime": 1627272838672,
                "thinkTime": 0.0,
                "wastedTime": 3.0460717220306394
            }
        ]
    }
]