[
    {
        "actionName": "Action",
        "steps": [
            {
                "stepId": "STEP5",
                "stepName": "Custom Request: REQ21_WS_AtualizarEndereco",
                "infFile": "t1.inf",
                "time": 1627401292827
            }
        ],
        "transactions": [
            {
                "transactionName": "REQ21_WS_AtualizarEndereco",
                "rawStartTime": 1627401277576,
                "rawEndTime": 1627401292888,
                "thinkTime": 0.0,
                "wastedTime": 2.0034830570220949
            }
        ]
    }
]