{"OutputFileHashSum":"5090CBC9C50E448ECBC76A768C1C026566BDB6CC7C097D45A5BDF92ED4CEEE2B","Converted":true,"OutputModifyDate":"2021-07-26T15:47:56.8679438Z","Metadatas":[],"MetadataTypes":[{"CategoryName":"VuGen.Replay","MetadataTypeName":"Utt.Debugger.Error","Id":1},{"CategoryName":"VuGen.Replay","MetadataTypeName":"HP.LR.Vugen.Iteration","Id":2},{"CategoryName":"VuGen.Replay","MetadataTypeName":"Utt.Debugger.Warning","Id":3},{"CategoryName":"VuGen.Replay","MetadataTypeName":"HP.LR.Vugen.NotifyTransaction","Id":4}]}