<?xml version="1.0" encoding="utf-8"?>
<VugenScriptMetadata>
  <ScriptName>ID1033_BW_FaseAnalise</ScriptName>
  <Protocol>Web - HTTP/HTML</Protocol>
  <ActionFiles>
    <FileEntry Name="vuser_init.c" Filter="2" />
    <FileEntry Name="Action.c" Filter="2" />
    <FileEntry Name="vuser_end.c" Filter="2" />
  </ActionFiles>
  <GeneralFiles>
    <FileEntry Name="ID1033_BW_FaseAnalise.usr" Filter="4" />
    <FileEntry Name="default.cfg" Filter="4" />
    <FileEntry Name="default.usp" Filter="4" />
    <FileEntry Name="ID1033_BW_FaseAnalise.prm" Filter="2" />
    <FileEntry Name="globals.h" Filter="2" />
    <FileEntry Name="ID1033_TestData.dat" Filter="2" />
    <FileEntry Name="ID1033_Usuario.dat" Filter="2" />
    <FileEntry Name="ID1033_PWD.dat" Filter="2" />
    <FileEntry Name="pURL.dat" Filter="2" />
    <FileEntry Name="Bookmarks.xml" Filter="1" />
    <FileEntry Name="Breakpoints.xml" Filter="1" />
    <FileEntry Name="CompilerLogMetadata.xml" Filter="1" />
    <FileEntry Name="custom_body_variables.txt" Filter="1" />
    <FileEntry Name="ID1033_BW_FaseAnalise.prm.bak" Filter="1" />
    <FileEntry Name="ID1033_BW_FaseAnalise_1.prm.bak" Filter="1" />
    <FileEntry Name="ID1033_DW_FaseAnalise.prm.bak" Filter="1" />
    <FileEntry Name="ID1033_DW_FaseAnalise_01.prm.bak" Filter="1" />
    <FileEntry Name="logfile.log" Filter="1" />
    <FileEntry Name="lrw_custom_body.h" Filter="1" />
    <FileEntry Name="mdrv.log" Filter="1" />
    <FileEntry Name="mdrv_cmd.txt" Filter="1" />
    <FileEntry Name="options.txt" Filter="1" />
    <FileEntry Name="output.bak" Filter="1" />
    <FileEntry Name="output.txt" Filter="1" />
    <FileEntry Name="OutputColoringDatabase.json" Filter="1" />
    <FileEntry Name="p_Grupo.dat" Filter="1" />
    <FileEntry Name="replay.har" Filter="1" />
    <FileEntry Name="ReplaySummaryReport.xml" Filter="1" />
    <FileEntry Name="ScriptUploadMetadata.xml" Filter="1" />
    <FileEntry Name="ThumbnailsCache.tmp" Filter="1" />
    <FileEntry Name="UserTasks.xml" Filter="1" />
    <FileEntry Name="result1\" Filter="1" />
  </GeneralFiles>
</VugenScriptMetadata>