﻿<?xml version="1.0"?>
<!DOCTYPE Report
[
<!ELEMENT Report (General ,(Doc|BPT)) >
<!ATTLIST Report ver CDATA #REQUIRED tmZone CDATA #REQUIRED>

<!ELEMENT General ( DocLocation ) >
<!ATTLIST General productName CDATA #REQUIRED productVer CDATA #REQUIRED os CDATA #REQUIRED host CDATA #REQUIRED qcserver CDATA #IMPLIED qcproject CDATA #IMPLIED SolManSolutionId CDATA #IMPLIED SolManProjectId CDATA #IMPLIED SolManTestPlanId CDATA #IMPLIED SolManTestPackageId CDATA #IMPLIED SolManUserInfoData CDATA #IMPLIED  >

<!ELEMENT BPT (DName,Res,DVer?,TSet?,TInst?,NodeArgs,AdditionalInfo*,Doc*) >
<!ATTLIST BPT rID ID #REQUIRED >

<!ELEMENT Doc (DName,ConfName?,Res,DVer?,TSet?,TInst?,RunType?,DT?,AdditionalInfo*,Step*,DIter*,Step*,Action*,Doc*,Summary?,TestMaintenanceSummary*,NodeArgs?) >
<!ATTLIST Doc rID ID #REQUIRED type (Test|BC|BPTWrapperTest|Flow|Group|Action) "Test" productName CDATA #REQUIRED BCIter CDATA #IMPLIED >

<!ELEMENT RunType ( #PCDATA )>
<!ATTLIST RunType fmStep (False|True) "False" batch (False|True) "False" upDesc (False|True) "False" upChk (False|True) "False" upAS (False|True) "False">

<!ELEMENT DName ( #PCDATA ) >

<!ELEMENT ConfName ( #PCDATA ) >

<!ELEMENT Res ( #PCDATA ) >

<!ELEMENT AdditionalInfo (AdditionalDataName,AdditionalDataValue ) >

<!ELEMENT AdditionalDataName ( #PCDATA ) >

<!ELEMENT AdditionalDataValue ( #PCDATA ) >

<!ELEMENT DVer ( #PCDATA ) >

<!ELEMENT TSet ( #PCDATA ) >

<!ELEMENT TInst ( #PCDATA ) >

<!ELEMENT DIter (Step*,Action+,Summary?,NodeArgs)>
<!ATTLIST DIter rID ID #REQUIRED iterID CDATA #REQUIRED>

<!ELEMENT DocLocation ( #PCDATA )>

<!ELEMENT Action (AName,AIter*,(Step|HtmlStep|Action)*, Summary,ActionMaintenanceSummary*, NodeArgs ) >
<!ATTLIST Action rID ID #REQUIRED>

<!ELEMENT AIter ((Step|HtmlStep|Action)*,DataMapping?, Summary?,NodeArgs) >
<!ATTLIST AIter rID ID #REQUIRED iterID CDATA #REQUIRED isCountable (False|True) "False" >

<!ELEMENT AName ( #PCDATA ) >

<!ELEMENT TestMaintenanceSummary (ActionMaintenanceSummary*) >
<!ATTLIST TestMaintenanceSummary ObjectsAdded CDATA #REQUIRED ObjectsUpdated CDATA #REQUIRED StepsUpdated CDATA #REQUIRED StepsComments CDATA #REQUIRED><!ELEMENT ActionMaintenanceSummary (ObjectChange* ) >
<!ATTLIST ActionMaintenanceSummary Action CDATA #REQUIRED Objects CDATA #REQUIRED Updated CDATA #REQUIRED LinesTotal CDATA #REQUIRED Added CDATA #REQUIRED LinesUpdated CDATA #REQUIRED>

<!ELEMENT ObjectChange  (Hierarchy, PropertyChangeList* ) >
<!ATTLIST ObjectChange Operation CDATA #IMPLIED OriginalRepository CDATA #IMPLIED>

<!ELEMENT PropertyChangeList (PropertyDef*) >

<!ELEMENT PropertyDef (OriginalValue, NewValue) >
<!ATTLIST PropertyDef PropName CDATA #REQUIRED OriginRegularExpression (True|False) "False" NewRegularExpression (True|False) "False" AddedProperty (True|False) "False" >

<!ELEMENT OriginalValue ( #PCDATA )>

<!ELEMENT NewValue ( #PCDATA )>

<!ELEMENT Hierarchy  (ObjectName, Hierarchy*) >
<!ATTLIST Hierarchy MicClass CDATA #REQUIRED>

<!ELEMENT ObjectName  ( #PCDATA ) >

<!ELEMENT Step (Obj,Details,Time,TimeTick* ,(Step|HtmlStep|Doc)*, DataMapping?, NodeArgs) >
<!ATTLIST Step rID ID #REQUIRED retval CDATA #IMPLIED>

<!ELEMENT HtmlStep (HTML,TimeTick*,(Step|HtmlStep|Doc)*,NodeArgs) >
<!ATTLIST HtmlStep rID ID #REQUIRED >

<!ELEMENT Obj ( #PCDATA ) >
<!ATTLIST Obj plainTxt (False|True) "True">

<!ELEMENT Details ( #PCDATA ) >
<!ATTLIST Details plainTxt (False|True) "True">

<!ELEMENT Time ( #PCDATA ) >

<!ELEMENT HTML ( #PCDATA ) >

<!ELEMENT Disp ( #PCDATA ) >

<!ELEMENT TimeTick ( #PCDATA ) >

<!ELEMENT DataMapping ( DataMappedItem* )>
<!ELEMENT DataMappedItem EMPTY >
<!ATTLIST DataMappedItem dsName CDATA #REQUIRED >
<!ATTLIST DataMappedItem rowId CDATA #REQUIRED >

<!ELEMENT NodeArgs (Disp,TopPane?,BtmPane?,ExtendedInfo? )>
<!ATTLIST NodeArgs eType CDATA #REQUIRED icon CDATA #REQUIRED nRep CDATA #REQUIRED UserNote CDATA #IMPLIED filter (False|True) "True">
<!ATTLIST NodeArgs status (Passed|Failed|Done|Warning|Information) "Done">
<!ATTLIST NodeArgs iconSel CDATA #IMPLIED nType CDATA #IMPLIED MovieMarker CDATA "">
<!ATTLIST NodeArgs Source CDATA #IMPLIED SourceLine CDATA #IMPLIED StepFlowItemKey CDATA #IMPLIED >

<!ELEMENT TopPane (Path)>

<!ELEMENT BtmPane ( (Path|WR)?,ASHilite?)>
<!ATTLIST BtmPane vType CDATA "HTML">

<!ELEMENT Path ( #PCDATA ) >

<!ELEMENT ASHilite ( #PCDATA ) >

<!ELEMENT WR ( #PCDATA ) >

<!ELEMENT ExtendedInfo ( StepData ) >

<!ATTLIST ExtendedInfo StepType CDATA #REQUIRED>
<!ELEMENT DT (NodeArgs) >
<!ATTLIST DT rID ID #REQUIRED>

<!ELEMENT Summary (Param*)>
<!ATTLIST Summary sTime CDATA #IMPLIED eTime CDATA #IMPLIED passed CDATA #IMPLIED failed CDATA #IMPLIED warnings CDATA #IMPLIED retval CDATA #IMPLIED stopped (False|True) "False" >

<!ELEMENT Param (ParamName,ParamVal)+ >
<!ATTLIST Param paramInOut (In|Out) "In">

<!ELEMENT ParamName ( #PCDATA ) >

<!ELEMENT ParamVal ( #PCDATA ) >

]
>
<Report ver="2.0" tmZone="E. South America Standard Time">
<General productName="Vugen" productVer="2021" os="" host="BRSPPULI9364SBG"><DocLocation><![CDATA[S:\GMF_NewCon\Test_Scripts\REQ21_WS_AtualizarEndereco]]></DocLocation></General>
<Doc rID="T1"   productName= "Vugen"  >
<DName><![CDATA[REQ21_WS_AtualizarEndereco]]></DName>
<Res><![CDATA[result1]]></Res>
<Action rID="T2">
<AName><![CDATA[vuser_init]]></AName>
<Summary sTime="27/07/2021 - 12:51:58" eTime="27/07/2021 - 12:52:03" passed="0" failed="0" warnings="0" ></Summary>
<NodeArgs eType="StartAction" icon="2" nRep="5" >
<Disp><![CDATA[vuser_init Summary]]></Disp>
</NodeArgs>
</Action>
<DIter rID="T3" iterID="1" >
<Action rID="T4">
<AName><![CDATA[Action]]></AName>
<Step rID="T5">
<Obj plainTxt="False" ><![CDATA[Service: Set Max Html Param Len]]></Obj>
<Details plainTxt="False" ><![CDATA[<CENTER>Maximum length of a HTML string that can be retrieved and saved set to <STRONG><FONT COLOR=#00AF00>1000000</FONT></STRONG> characters</CENTER>]]></Details>
<Time><![CDATA[27/07/2021 - 12:52:19]]></Time>
<TimeTick>1627401139</TimeTick>
<NodeArgs eType="General" icon="4" nRep="9" >
<Disp><![CDATA[Service: Set Max Html Param Len]]></Disp>
</NodeArgs>
</Step>
<Step rID="T6">
<Obj plainTxt="False" ><![CDATA["lr_xml_set_values"]]></Obj>
<Details plainTxt="False" ><![CDATA[<CENTER><STRONG><FONT COLOR=#009A63>"lr_xml_set_values" succeeded</FONT></STRONG></CENTER>]]></Details>
<Time><![CDATA[27/07/2021 - 12:52:23]]></Time>
<TimeTick>1627401143</TimeTick>
<NodeArgs eType="General" icon="5" nRep="10" status="Passed" >
<Disp><![CDATA["lr_xml_set_values"]]></Disp>
</NodeArgs>
</Step>
<Step rID="T7">
<Obj plainTxt="False" ><![CDATA["lr_xml_set_values"]]></Obj>
<Details plainTxt="False" ><![CDATA[<CENTER><STRONG><FONT COLOR=#009A63>"lr_xml_set_values" succeeded</FONT></STRONG></CENTER>]]></Details>
<Time><![CDATA[27/07/2021 - 12:52:26]]></Time>
<TimeTick>1627401146</TimeTick>
<NodeArgs eType="General" icon="5" nRep="11" status="Passed" >
<Disp><![CDATA["lr_xml_set_values"]]></Disp>
</NodeArgs>
</Step>
<Step rID="T8">
<Obj plainTxt="False" ><![CDATA["lr_xml_set_values"]]></Obj>
<Details plainTxt="False" ><![CDATA[<CENTER><STRONG><FONT COLOR=#009A63>"lr_xml_set_values" succeeded</FONT></STRONG></CENTER>]]></Details>
<Time><![CDATA[27/07/2021 - 12:52:26]]></Time>
<TimeTick>1627401146</TimeTick>
<NodeArgs eType="General" icon="5" nRep="12" status="Passed" >
<Disp><![CDATA["lr_xml_set_values"]]></Disp>
</NodeArgs>
</Step>
<Step rID="T9">
<Obj plainTxt="False" ><![CDATA["lr_xml_set_values"]]></Obj>
<Details plainTxt="False" ><![CDATA[<CENTER><STRONG><FONT COLOR=#009A63>"lr_xml_set_values" succeeded</FONT></STRONG></CENTER>]]></Details>
<Time><![CDATA[27/07/2021 - 12:52:26]]></Time>
<TimeTick>1627401146</TimeTick>
<NodeArgs eType="General" icon="5" nRep="13" status="Passed" >
<Disp><![CDATA["lr_xml_set_values"]]></Disp>
</NodeArgs>
</Step>
<Step rID="T10">
<Obj plainTxt="False" ><![CDATA["lr_xml_set_values"]]></Obj>
<Details plainTxt="False" ><![CDATA[<CENTER><STRONG><FONT COLOR=#009A63>"lr_xml_set_values" succeeded</FONT></STRONG></CENTER>]]></Details>
<Time><![CDATA[27/07/2021 - 12:52:26]]></Time>
<TimeTick>1627401146</TimeTick>
<NodeArgs eType="General" icon="5" nRep="14" status="Passed" >
<Disp><![CDATA["lr_xml_set_values"]]></Disp>
</NodeArgs>
</Step>
<Step rID="T11">
<Obj plainTxt="False" ><![CDATA["lr_xml_set_values"]]></Obj>
<Details plainTxt="False" ><![CDATA[<CENTER><STRONG><FONT COLOR=#009A63>"lr_xml_set_values" succeeded</FONT></STRONG></CENTER>]]></Details>
<Time><![CDATA[27/07/2021 - 12:52:26]]></Time>
<TimeTick>1627401146</TimeTick>
<NodeArgs eType="General" icon="5" nRep="15" status="Passed" >
<Disp><![CDATA["lr_xml_set_values"]]></Disp>
</NodeArgs>
</Step>
<Step rID="T12">
<Obj plainTxt="False" ><![CDATA["lr_xml_set_values"]]></Obj>
<Details plainTxt="False" ><![CDATA[<CENTER><STRONG><FONT COLOR=#009A63>"lr_xml_set_values" succeeded</FONT></STRONG></CENTER>]]></Details>
<Time><![CDATA[27/07/2021 - 12:52:27]]></Time>
<TimeTick>1627401147</TimeTick>
<NodeArgs eType="General" icon="5" nRep="16" status="Passed" >
<Disp><![CDATA["lr_xml_set_values"]]></Disp>
</NodeArgs>
</Step>
<Step rID="T13">
<Obj plainTxt="False" ><![CDATA["lr_xml_set_values"]]></Obj>
<Details plainTxt="False" ><![CDATA[<CENTER><STRONG><FONT COLOR=#009A63>"lr_xml_set_values" succeeded</FONT></STRONG></CENTER>]]></Details>
<Time><![CDATA[27/07/2021 - 12:52:27]]></Time>
<TimeTick>1627401147</TimeTick>
<NodeArgs eType="General" icon="5" nRep="17" status="Passed" >
<Disp><![CDATA["lr_xml_set_values"]]></Disp>
</NodeArgs>
</Step>
<Step rID="T14">
<Obj plainTxt="False" ><![CDATA["lr_xml_set_values"]]></Obj>
<Details plainTxt="False" ><![CDATA[<CENTER><STRONG><FONT COLOR=#009A63>"lr_xml_set_values" succeeded</FONT></STRONG></CENTER>]]></Details>
<Time><![CDATA[27/07/2021 - 12:52:27]]></Time>
<TimeTick>1627401147</TimeTick>
<NodeArgs eType="General" icon="5" nRep="18" status="Passed" >
<Disp><![CDATA["lr_xml_set_values"]]></Disp>
</NodeArgs>
</Step>
<Step rID="T15">
<Obj plainTxt="False" ><![CDATA["lr_xml_set_values"]]></Obj>
<Details plainTxt="False" ><![CDATA[<CENTER><STRONG><FONT COLOR=#009A63>"lr_xml_set_values" succeeded</FONT></STRONG></CENTER>]]></Details>
<Time><![CDATA[27/07/2021 - 12:52:27]]></Time>
<TimeTick>1627401147</TimeTick>
<NodeArgs eType="General" icon="5" nRep="19" status="Passed" >
<Disp><![CDATA["lr_xml_set_values"]]></Disp>
</NodeArgs>
</Step>
<Step rID="T16">
<Obj plainTxt="False" ><![CDATA["lr_xml_set_values"]]></Obj>
<Details plainTxt="False" ><![CDATA[<CENTER><STRONG><FONT COLOR=#009A63>"lr_xml_set_values" succeeded</FONT></STRONG></CENTER>]]></Details>
<Time><![CDATA[27/07/2021 - 12:52:27]]></Time>
<TimeTick>1627401147</TimeTick>
<NodeArgs eType="General" icon="5" nRep="20" status="Passed" >
<Disp><![CDATA["lr_xml_set_values"]]></Disp>
</NodeArgs>
</Step>
<Step rID="T17">
<Obj plainTxt="False" ><![CDATA["lr_xml_set_values"]]></Obj>
<Details plainTxt="False" ><![CDATA[<CENTER><STRONG><FONT COLOR=#009A63>"lr_xml_set_values" succeeded</FONT></STRONG></CENTER>]]></Details>
<Time><![CDATA[27/07/2021 - 12:52:27]]></Time>
<TimeTick>1627401147</TimeTick>
<NodeArgs eType="General" icon="5" nRep="21" status="Passed" >
<Disp><![CDATA["lr_xml_set_values"]]></Disp>
</NodeArgs>
</Step>
<Step rID="T18">
<Obj plainTxt="False" ><![CDATA["lr_xml_set_values"]]></Obj>
<Details plainTxt="False" ><![CDATA[<CENTER><STRONG><FONT COLOR=#009A63>"lr_xml_set_values" succeeded</FONT></STRONG></CENTER>]]></Details>
<Time><![CDATA[27/07/2021 - 12:52:27]]></Time>
<TimeTick>1627401147</TimeTick>
<NodeArgs eType="General" icon="5" nRep="22" status="Passed" >
<Disp><![CDATA["lr_xml_set_values"]]></Disp>
</NodeArgs>
</Step>
<Step rID="T19">
<Obj plainTxt="False" ><![CDATA["lr_xml_set_values"]]></Obj>
<Details plainTxt="False" ><![CDATA[<CENTER><STRONG><FONT COLOR=#009A63>"lr_xml_set_values" succeeded</FONT></STRONG></CENTER>]]></Details>
<Time><![CDATA[27/07/2021 - 12:52:28]]></Time>
<TimeTick>1627401148</TimeTick>
<NodeArgs eType="General" icon="5" nRep="23" status="Passed" >
<Disp><![CDATA["lr_xml_set_values"]]></Disp>
</NodeArgs>
</Step>
<Step rID="T20">
<Obj plainTxt="False" ><![CDATA[Service: Reg Save Param]]></Obj>
<Details plainTxt="False" ><![CDATA[<CENTER>ParamName =<STRONG><FONT COLOR=#00AF00>cCodigoErro</FONT></STRONG><BR>Left Boundary = <STRONG><FONT COLOR=#00AF00>LB=<tns1:codigoErro></FONT></STRONG><BR>Right Boundary = <STRONG><FONT COLOR=#00AF00>RB=</tns1:codigoErro></FONT></STRONG><BR>Instance = <STRONG><FONT COLOR=#00AF00>ORD=1</FONT></STRONG></CENTER>]]></Details>
<Time><![CDATA[27/07/2021 - 12:52:28]]></Time>
<TimeTick>1627401148</TimeTick>
<NodeArgs eType="General" icon="6" nRep="24" >
<Disp><![CDATA[Service: Reg Save Param]]></Disp>
</NodeArgs>
</Step>
<Step rID="T21">
<Obj plainTxt="False" ><![CDATA[Service: Reg Save Param]]></Obj>
<Details plainTxt="False" ><![CDATA[<CENTER>ParamName =<STRONG><FONT COLOR=#00AF00>cMensagemErro</FONT></STRONG><BR>Left Boundary = <STRONG><FONT COLOR=#00AF00>LB=<tns1:mensagemErro></FONT></STRONG><BR>Right Boundary = <STRONG><FONT COLOR=#00AF00>RB=</tns1:mensagemErro></FONT></STRONG><BR>Instance = <STRONG><FONT COLOR=#00AF00>ORD=1</FONT></STRONG></CENTER>]]></Details>
<Time><![CDATA[27/07/2021 - 12:52:31]]></Time>
<TimeTick>1627401151</TimeTick>
<NodeArgs eType="General" icon="6" nRep="25" >
<Disp><![CDATA[Service: Reg Save Param]]></Disp>
</NodeArgs>
</Step>
<Step rID="T22">
<Obj plainTxt="False" ><![CDATA[Custom Request: REQ21_WS_AtualizarEndereco]]></Obj>
<Details plainTxt="False" ><![CDATA[<CENTER><STRONG><FONT COLOR=#009A63>Step completed successfully</FONT></STRONG></CENTER>]]></Details>
<Time><![CDATA[27/07/2021 - 12:52:45]]></Time>
<TimeTick>1627401165</TimeTick>
<NodeArgs eType="General" icon="7" nRep="26" status="Passed" >
<Disp><![CDATA[Custom Request: REQ21_WS_AtualizarEndereco]]></Disp>
<BtmPane vType="HTMLSNSH" >
<Path><![CDATA[\Iteration1\t1.inf]]></Path>
</BtmPane>
</NodeArgs>
</Step>
<Summary sTime="27/07/2021 - 12:52:16" eTime="27/07/2021 - 12:52:49" passed="15" failed="0" warnings="0" ></Summary>
<NodeArgs eType="StartAction" icon="2" nRep="8" status="Passed" >
<Disp><![CDATA[Action Summary]]></Disp>
</NodeArgs>
</Action>
<NodeArgs eType="StartIteration" icon="3" nRep="7" status="Passed" >
<Disp><![CDATA[REQ21_WS_AtualizarEndereco Iteration 1 (Row 1)]]></Disp>
</NodeArgs>
</DIter>
<DIter rID="T23" iterID="2" >
<Action rID="T24">
<AName><![CDATA[Action]]></AName>
<Step rID="T25">
<Obj plainTxt="False" ><![CDATA[Service: Set Max Html Param Len]]></Obj>
<Details plainTxt="False" ><![CDATA[<CENTER>Maximum length of a HTML string that can be retrieved and saved set to <STRONG><FONT COLOR=#00AF00>1000000</FONT></STRONG> characters</CENTER>]]></Details>
<Time><![CDATA[27/07/2021 - 12:53:00]]></Time>
<TimeTick>1627401180</TimeTick>
<NodeArgs eType="General" icon="4" nRep="31" >
<Disp><![CDATA[Service: Set Max Html Param Len]]></Disp>
</NodeArgs>
</Step>
<Step rID="T26">
<Obj plainTxt="False" ><![CDATA["lr_xml_set_values"]]></Obj>
<Details plainTxt="False" ><![CDATA[<CENTER><STRONG><FONT COLOR=#009A63>"lr_xml_set_values" succeeded</FONT></STRONG></CENTER>]]></Details>
<Time><![CDATA[27/07/2021 - 12:53:00]]></Time>
<TimeTick>1627401180</TimeTick>
<NodeArgs eType="General" icon="5" nRep="32" status="Passed" >
<Disp><![CDATA["lr_xml_set_values"]]></Disp>
</NodeArgs>
</Step>
<Step rID="T27">
<Obj plainTxt="False" ><![CDATA["lr_xml_set_values"]]></Obj>
<Details plainTxt="False" ><![CDATA[<CENTER><STRONG><FONT COLOR=#009A63>"lr_xml_set_values" succeeded</FONT></STRONG></CENTER>]]></Details>
<Time><![CDATA[27/07/2021 - 12:53:02]]></Time>
<TimeTick>1627401182</TimeTick>
<NodeArgs eType="General" icon="5" nRep="33" status="Passed" >
<Disp><![CDATA["lr_xml_set_values"]]></Disp>
</NodeArgs>
</Step>
<Step rID="T28">
<Obj plainTxt="False" ><![CDATA["lr_xml_set_values"]]></Obj>
<Details plainTxt="False" ><![CDATA[<CENTER><STRONG><FONT COLOR=#009A63>"lr_xml_set_values" succeeded</FONT></STRONG></CENTER>]]></Details>
<Time><![CDATA[27/07/2021 - 12:53:02]]></Time>
<TimeTick>1627401182</TimeTick>
<NodeArgs eType="General" icon="5" nRep="34" status="Passed" >
<Disp><![CDATA["lr_xml_set_values"]]></Disp>
</NodeArgs>
</Step>
<Step rID="T29">
<Obj plainTxt="False" ><![CDATA["lr_xml_set_values"]]></Obj>
<Details plainTxt="False" ><![CDATA[<CENTER><STRONG><FONT COLOR=#009A63>"lr_xml_set_values" succeeded</FONT></STRONG></CENTER>]]></Details>
<Time><![CDATA[27/07/2021 - 12:53:02]]></Time>
<TimeTick>1627401182</TimeTick>
<NodeArgs eType="General" icon="5" nRep="35" status="Passed" >
<Disp><![CDATA["lr_xml_set_values"]]></Disp>
</NodeArgs>
</Step>
<Step rID="T30">
<Obj plainTxt="False" ><![CDATA["lr_xml_set_values"]]></Obj>
<Details plainTxt="False" ><![CDATA[<CENTER><STRONG><FONT COLOR=#009A63>"lr_xml_set_values" succeeded</FONT></STRONG></CENTER>]]></Details>
<Time><![CDATA[27/07/2021 - 12:53:02]]></Time>
<TimeTick>1627401182</TimeTick>
<NodeArgs eType="General" icon="5" nRep="36" status="Passed" >
<Disp><![CDATA["lr_xml_set_values"]]></Disp>
</NodeArgs>
</Step>
<Step rID="T31">
<Obj plainTxt="False" ><![CDATA["lr_xml_set_values"]]></Obj>
<Details plainTxt="False" ><![CDATA[<CENTER><STRONG><FONT COLOR=#009A63>"lr_xml_set_values" succeeded</FONT></STRONG></CENTER>]]></Details>
<Time><![CDATA[27/07/2021 - 12:53:02]]></Time>
<TimeTick>1627401182</TimeTick>
<NodeArgs eType="General" icon="5" nRep="37" status="Passed" >
<Disp><![CDATA["lr_xml_set_values"]]></Disp>
</NodeArgs>
</Step>
<Step rID="T32">
<Obj plainTxt="False" ><![CDATA["lr_xml_set_values"]]></Obj>
<Details plainTxt="False" ><![CDATA[<CENTER><STRONG><FONT COLOR=#009A63>"lr_xml_set_values" succeeded</FONT></STRONG></CENTER>]]></Details>
<Time><![CDATA[27/07/2021 - 12:53:02]]></Time>
<TimeTick>1627401182</TimeTick>
<NodeArgs eType="General" icon="5" nRep="38" status="Passed" >
<Disp><![CDATA["lr_xml_set_values"]]></Disp>
</NodeArgs>
</Step>
<Step rID="T33">
<Obj plainTxt="False" ><![CDATA["lr_xml_set_values"]]></Obj>
<Details plainTxt="False" ><![CDATA[<CENTER><STRONG><FONT COLOR=#009A63>"lr_xml_set_values" succeeded</FONT></STRONG></CENTER>]]></Details>
<Time><![CDATA[27/07/2021 - 12:53:03]]></Time>
<TimeTick>1627401183</TimeTick>
<NodeArgs eType="General" icon="5" nRep="39" status="Passed" >
<Disp><![CDATA["lr_xml_set_values"]]></Disp>
</NodeArgs>
</Step>
<Step rID="T34">
<Obj plainTxt="False" ><![CDATA["lr_xml_set_values"]]></Obj>
<Details plainTxt="False" ><![CDATA[<CENTER><STRONG><FONT COLOR=#009A63>"lr_xml_set_values" succeeded</FONT></STRONG></CENTER>]]></Details>
<Time><![CDATA[27/07/2021 - 12:53:03]]></Time>
<TimeTick>1627401183</TimeTick>
<NodeArgs eType="General" icon="5" nRep="40" status="Passed" >
<Disp><![CDATA["lr_xml_set_values"]]></Disp>
</NodeArgs>
</Step>
<Step rID="T35">
<Obj plainTxt="False" ><![CDATA["lr_xml_set_values"]]></Obj>
<Details plainTxt="False" ><![CDATA[<CENTER><STRONG><FONT COLOR=#009A63>"lr_xml_set_values" succeeded</FONT></STRONG></CENTER>]]></Details>
<Time><![CDATA[27/07/2021 - 12:53:03]]></Time>
<TimeTick>1627401183</TimeTick>
<NodeArgs eType="General" icon="5" nRep="41" status="Passed" >
<Disp><![CDATA["lr_xml_set_values"]]></Disp>
</NodeArgs>
</Step>
<Step rID="T36">
<Obj plainTxt="False" ><![CDATA["lr_xml_set_values"]]></Obj>
<Details plainTxt="False" ><![CDATA[<CENTER><STRONG><FONT COLOR=#009A63>"lr_xml_set_values" succeeded</FONT></STRONG></CENTER>]]></Details>
<Time><![CDATA[27/07/2021 - 12:53:03]]></Time>
<TimeTick>1627401183</TimeTick>
<NodeArgs eType="General" icon="5" nRep="42" status="Passed" >
<Disp><![CDATA["lr_xml_set_values"]]></Disp>
</NodeArgs>
</Step>
<Step rID="T37">
<Obj plainTxt="False" ><![CDATA["lr_xml_set_values"]]></Obj>
<Details plainTxt="False" ><![CDATA[<CENTER><STRONG><FONT COLOR=#009A63>"lr_xml_set_values" succeeded</FONT></STRONG></CENTER>]]></Details>
<Time><![CDATA[27/07/2021 - 12:53:03]]></Time>
<TimeTick>1627401183</TimeTick>
<NodeArgs eType="General" icon="5" nRep="43" status="Passed" >
<Disp><![CDATA["lr_xml_set_values"]]></Disp>
</NodeArgs>
</Step>
<Step rID="T38">
<Obj plainTxt="False" ><![CDATA["lr_xml_set_values"]]></Obj>
<Details plainTxt="False" ><![CDATA[<CENTER><STRONG><FONT COLOR=#009A63>"lr_xml_set_values" succeeded</FONT></STRONG></CENTER>]]></Details>
<Time><![CDATA[27/07/2021 - 12:53:03]]></Time>
<TimeTick>1627401183</TimeTick>
<NodeArgs eType="General" icon="5" nRep="44" status="Passed" >
<Disp><![CDATA["lr_xml_set_values"]]></Disp>
</NodeArgs>
</Step>
<Step rID="T39">
<Obj plainTxt="False" ><![CDATA["lr_xml_set_values"]]></Obj>
<Details plainTxt="False" ><![CDATA[<CENTER><STRONG><FONT COLOR=#009A63>"lr_xml_set_values" succeeded</FONT></STRONG></CENTER>]]></Details>
<Time><![CDATA[27/07/2021 - 12:53:03]]></Time>
<TimeTick>1627401183</TimeTick>
<NodeArgs eType="General" icon="5" nRep="45" status="Passed" >
<Disp><![CDATA["lr_xml_set_values"]]></Disp>
</NodeArgs>
</Step>
<Step rID="T40">
<Obj plainTxt="False" ><![CDATA[Service: Reg Save Param]]></Obj>
<Details plainTxt="False" ><![CDATA[<CENTER>ParamName =<STRONG><FONT COLOR=#00AF00>cCodigoErro</FONT></STRONG><BR>Left Boundary = <STRONG><FONT COLOR=#00AF00>LB=<tns1:codigoErro></FONT></STRONG><BR>Right Boundary = <STRONG><FONT COLOR=#00AF00>RB=</tns1:codigoErro></FONT></STRONG><BR>Instance = <STRONG><FONT COLOR=#00AF00>ORD=1</FONT></STRONG></CENTER>]]></Details>
<Time><![CDATA[27/07/2021 - 12:53:03]]></Time>
<TimeTick>1627401183</TimeTick>
<NodeArgs eType="General" icon="6" nRep="46" >
<Disp><![CDATA[Service: Reg Save Param]]></Disp>
</NodeArgs>
</Step>
<Step rID="T41">
<Obj plainTxt="False" ><![CDATA[Service: Reg Save Param]]></Obj>
<Details plainTxt="False" ><![CDATA[<CENTER>ParamName =<STRONG><FONT COLOR=#00AF00>cMensagemErro</FONT></STRONG><BR>Left Boundary = <STRONG><FONT COLOR=#00AF00>LB=<tns1:mensagemErro></FONT></STRONG><BR>Right Boundary = <STRONG><FONT COLOR=#00AF00>RB=</tns1:mensagemErro></FONT></STRONG><BR>Instance = <STRONG><FONT COLOR=#00AF00>ORD=1</FONT></STRONG></CENTER>]]></Details>
<Time><![CDATA[27/07/2021 - 12:53:04]]></Time>
<TimeTick>1627401184</TimeTick>
<NodeArgs eType="General" icon="6" nRep="47" >
<Disp><![CDATA[Service: Reg Save Param]]></Disp>
</NodeArgs>
</Step>
<Step rID="T42">
<Obj plainTxt="False" ><![CDATA[Custom Request: REQ21_WS_AtualizarEndereco]]></Obj>
<Details plainTxt="False" ><![CDATA[<CENTER><STRONG><FONT COLOR=#009A63>Step completed successfully</FONT></STRONG></CENTER>]]></Details>
<Time><![CDATA[27/07/2021 - 12:53:16]]></Time>
<TimeTick>1627401196</TimeTick>
<NodeArgs eType="General" icon="7" nRep="48" status="Passed" >
<Disp><![CDATA[Custom Request: REQ21_WS_AtualizarEndereco]]></Disp>
<BtmPane vType="HTMLSNSH" >
<Path><![CDATA[\Iteration2\t1.inf]]></Path>
</BtmPane>
</NodeArgs>
</Step>
<Summary sTime="27/07/2021 - 12:52:58" eTime="27/07/2021 - 12:53:18" passed="15" failed="0" warnings="0" ></Summary>
<NodeArgs eType="StartAction" icon="2" nRep="30" status="Passed" >
<Disp><![CDATA[Action Summary]]></Disp>
</NodeArgs>
</Action>
<NodeArgs eType="StartIteration" icon="3" nRep="29" status="Passed" >
<Disp><![CDATA[REQ21_WS_AtualizarEndereco Iteration 2 (Row 2)]]></Disp>
</NodeArgs>
</DIter>
<DIter rID="T43" iterID="3" >
<Action rID="T44">
<AName><![CDATA[Action]]></AName>
<Step rID="T45">
<Obj plainTxt="False" ><![CDATA[Service: Set Max Html Param Len]]></Obj>
<Details plainTxt="False" ><![CDATA[<CENTER>Maximum length of a HTML string that can be retrieved and saved set to <STRONG><FONT COLOR=#00AF00>1000000</FONT></STRONG> characters</CENTER>]]></Details>
<Time><![CDATA[27/07/2021 - 12:53:30]]></Time>
<TimeTick>1627401210</TimeTick>
<NodeArgs eType="General" icon="4" nRep="53" >
<Disp><![CDATA[Service: Set Max Html Param Len]]></Disp>
</NodeArgs>
</Step>
<Step rID="T46">
<Obj plainTxt="False" ><![CDATA["lr_xml_set_values"]]></Obj>
<Details plainTxt="False" ><![CDATA[<CENTER><STRONG><FONT COLOR=#009A63>"lr_xml_set_values" succeeded</FONT></STRONG></CENTER>]]></Details>
<Time><![CDATA[27/07/2021 - 12:53:32]]></Time>
<TimeTick>1627401212</TimeTick>
<NodeArgs eType="General" icon="5" nRep="54" status="Passed" >
<Disp><![CDATA["lr_xml_set_values"]]></Disp>
</NodeArgs>
</Step>
<Step rID="T47">
<Obj plainTxt="False" ><![CDATA["lr_xml_set_values"]]></Obj>
<Details plainTxt="False" ><![CDATA[<CENTER><STRONG><FONT COLOR=#009A63>"lr_xml_set_values" succeeded</FONT></STRONG></CENTER>]]></Details>
<Time><![CDATA[27/07/2021 - 12:53:33]]></Time>
<TimeTick>1627401213</TimeTick>
<NodeArgs eType="General" icon="5" nRep="55" status="Passed" >
<Disp><![CDATA["lr_xml_set_values"]]></Disp>
</NodeArgs>
</Step>
<Step rID="T48">
<Obj plainTxt="False" ><![CDATA["lr_xml_set_values"]]></Obj>
<Details plainTxt="False" ><![CDATA[<CENTER><STRONG><FONT COLOR=#009A63>"lr_xml_set_values" succeeded</FONT></STRONG></CENTER>]]></Details>
<Time><![CDATA[27/07/2021 - 12:53:33]]></Time>
<TimeTick>1627401213</TimeTick>
<NodeArgs eType="General" icon="5" nRep="56" status="Passed" >
<Disp><![CDATA["lr_xml_set_values"]]></Disp>
</NodeArgs>
</Step>
<Step rID="T49">
<Obj plainTxt="False" ><![CDATA["lr_xml_set_values"]]></Obj>
<Details plainTxt="False" ><![CDATA[<CENTER><STRONG><FONT COLOR=#009A63>"lr_xml_set_values" succeeded</FONT></STRONG></CENTER>]]></Details>
<Time><![CDATA[27/07/2021 - 12:53:33]]></Time>
<TimeTick>1627401213</TimeTick>
<NodeArgs eType="General" icon="5" nRep="57" status="Passed" >
<Disp><![CDATA["lr_xml_set_values"]]></Disp>
</NodeArgs>
</Step>
<Step rID="T50">
<Obj plainTxt="False" ><![CDATA["lr_xml_set_values"]]></Obj>
<Details plainTxt="False" ><![CDATA[<CENTER><STRONG><FONT COLOR=#009A63>"lr_xml_set_values" succeeded</FONT></STRONG></CENTER>]]></Details>
<Time><![CDATA[27/07/2021 - 12:53:33]]></Time>
<TimeTick>1627401213</TimeTick>
<NodeArgs eType="General" icon="5" nRep="58" status="Passed" >
<Disp><![CDATA["lr_xml_set_values"]]></Disp>
</NodeArgs>
</Step>
<Step rID="T51">
<Obj plainTxt="False" ><![CDATA["lr_xml_set_values"]]></Obj>
<Details plainTxt="False" ><![CDATA[<CENTER><STRONG><FONT COLOR=#009A63>"lr_xml_set_values" succeeded</FONT></STRONG></CENTER>]]></Details>
<Time><![CDATA[27/07/2021 - 12:53:33]]></Time>
<TimeTick>1627401213</TimeTick>
<NodeArgs eType="General" icon="5" nRep="59" status="Passed" >
<Disp><![CDATA["lr_xml_set_values"]]></Disp>
</NodeArgs>
</Step>
<Step rID="T52">
<Obj plainTxt="False" ><![CDATA["lr_xml_set_values"]]></Obj>
<Details plainTxt="False" ><![CDATA[<CENTER><STRONG><FONT COLOR=#009A63>"lr_xml_set_values" succeeded</FONT></STRONG></CENTER>]]></Details>
<Time><![CDATA[27/07/2021 - 12:53:33]]></Time>
<TimeTick>1627401213</TimeTick>
<NodeArgs eType="General" icon="5" nRep="60" status="Passed" >
<Disp><![CDATA["lr_xml_set_values"]]></Disp>
</NodeArgs>
</Step>
<Step rID="T53">
<Obj plainTxt="False" ><![CDATA["lr_xml_set_values"]]></Obj>
<Details plainTxt="False" ><![CDATA[<CENTER><STRONG><FONT COLOR=#009A63>"lr_xml_set_values" succeeded</FONT></STRONG></CENTER>]]></Details>
<Time><![CDATA[27/07/2021 - 12:53:33]]></Time>
<TimeTick>1627401213</TimeTick>
<NodeArgs eType="General" icon="5" nRep="61" status="Passed" >
<Disp><![CDATA["lr_xml_set_values"]]></Disp>
</NodeArgs>
</Step>
<Step rID="T54">
<Obj plainTxt="False" ><![CDATA["lr_xml_set_values"]]></Obj>
<Details plainTxt="False" ><![CDATA[<CENTER><STRONG><FONT COLOR=#009A63>"lr_xml_set_values" succeeded</FONT></STRONG></CENTER>]]></Details>
<Time><![CDATA[27/07/2021 - 12:53:33]]></Time>
<TimeTick>1627401213</TimeTick>
<NodeArgs eType="General" icon="5" nRep="62" status="Passed" >
<Disp><![CDATA["lr_xml_set_values"]]></Disp>
</NodeArgs>
</Step>
<Step rID="T55">
<Obj plainTxt="False" ><![CDATA["lr_xml_set_values"]]></Obj>
<Details plainTxt="False" ><![CDATA[<CENTER><STRONG><FONT COLOR=#009A63>"lr_xml_set_values" succeeded</FONT></STRONG></CENTER>]]></Details>
<Time><![CDATA[27/07/2021 - 12:53:33]]></Time>
<TimeTick>1627401213</TimeTick>
<NodeArgs eType="General" icon="5" nRep="63" status="Passed" >
<Disp><![CDATA["lr_xml_set_values"]]></Disp>
</NodeArgs>
</Step>
<Step rID="T56">
<Obj plainTxt="False" ><![CDATA["lr_xml_set_values"]]></Obj>
<Details plainTxt="False" ><![CDATA[<CENTER><STRONG><FONT COLOR=#009A63>"lr_xml_set_values" succeeded</FONT></STRONG></CENTER>]]></Details>
<Time><![CDATA[27/07/2021 - 12:53:33]]></Time>
<TimeTick>1627401213</TimeTick>
<NodeArgs eType="General" icon="5" nRep="64" status="Passed" >
<Disp><![CDATA["lr_xml_set_values"]]></Disp>
</NodeArgs>
</Step>
<Step rID="T57">
<Obj plainTxt="False" ><![CDATA["lr_xml_set_values"]]></Obj>
<Details plainTxt="False" ><![CDATA[<CENTER><STRONG><FONT COLOR=#009A63>"lr_xml_set_values" succeeded</FONT></STRONG></CENTER>]]></Details>
<Time><![CDATA[27/07/2021 - 12:53:33]]></Time>
<TimeTick>1627401213</TimeTick>
<NodeArgs eType="General" icon="5" nRep="65" status="Passed" >
<Disp><![CDATA["lr_xml_set_values"]]></Disp>
</NodeArgs>
</Step>
<Step rID="T58">
<Obj plainTxt="False" ><![CDATA["lr_xml_set_values"]]></Obj>
<Details plainTxt="False" ><![CDATA[<CENTER><STRONG><FONT COLOR=#009A63>"lr_xml_set_values" succeeded</FONT></STRONG></CENTER>]]></Details>
<Time><![CDATA[27/07/2021 - 12:53:33]]></Time>
<TimeTick>1627401213</TimeTick>
<NodeArgs eType="General" icon="5" nRep="66" status="Passed" >
<Disp><![CDATA["lr_xml_set_values"]]></Disp>
</NodeArgs>
</Step>
<Step rID="T59">
<Obj plainTxt="False" ><![CDATA["lr_xml_set_values"]]></Obj>
<Details plainTxt="False" ><![CDATA[<CENTER><STRONG><FONT COLOR=#009A63>"lr_xml_set_values" succeeded</FONT></STRONG></CENTER>]]></Details>
<Time><![CDATA[27/07/2021 - 12:53:33]]></Time>
<TimeTick>1627401213</TimeTick>
<NodeArgs eType="General" icon="5" nRep="67" status="Passed" >
<Disp><![CDATA["lr_xml_set_values"]]></Disp>
</NodeArgs>
</Step>
<Step rID="T60">
<Obj plainTxt="False" ><![CDATA[Service: Reg Save Param]]></Obj>
<Details plainTxt="False" ><![CDATA[<CENTER>ParamName =<STRONG><FONT COLOR=#00AF00>cCodigoErro</FONT></STRONG><BR>Left Boundary = <STRONG><FONT COLOR=#00AF00>LB=<tns1:codigoErro></FONT></STRONG><BR>Right Boundary = <STRONG><FONT COLOR=#00AF00>RB=</tns1:codigoErro></FONT></STRONG><BR>Instance = <STRONG><FONT COLOR=#00AF00>ORD=1</FONT></STRONG></CENTER>]]></Details>
<Time><![CDATA[27/07/2021 - 12:53:33]]></Time>
<TimeTick>1627401213</TimeTick>
<NodeArgs eType="General" icon="6" nRep="68" >
<Disp><![CDATA[Service: Reg Save Param]]></Disp>
</NodeArgs>
</Step>
<Step rID="T61">
<Obj plainTxt="False" ><![CDATA[Service: Reg Save Param]]></Obj>
<Details plainTxt="False" ><![CDATA[<CENTER>ParamName =<STRONG><FONT COLOR=#00AF00>cMensagemErro</FONT></STRONG><BR>Left Boundary = <STRONG><FONT COLOR=#00AF00>LB=<tns1:mensagemErro></FONT></STRONG><BR>Right Boundary = <STRONG><FONT COLOR=#00AF00>RB=</tns1:mensagemErro></FONT></STRONG><BR>Instance = <STRONG><FONT COLOR=#00AF00>ORD=1</FONT></STRONG></CENTER>]]></Details>
<Time><![CDATA[27/07/2021 - 12:53:36]]></Time>
<TimeTick>1627401216</TimeTick>
<NodeArgs eType="General" icon="6" nRep="69" >
<Disp><![CDATA[Service: Reg Save Param]]></Disp>
</NodeArgs>
</Step>
<Step rID="T62">
<Obj plainTxt="False" ><![CDATA[Custom Request: REQ21_WS_AtualizarEndereco]]></Obj>
<Details plainTxt="False" ><![CDATA[<CENTER><STRONG><FONT COLOR=#009A63>Step completed successfully</FONT></STRONG></CENTER>]]></Details>
<Time><![CDATA[27/07/2021 - 12:53:49]]></Time>
<TimeTick>1627401229</TimeTick>
<NodeArgs eType="General" icon="7" nRep="70" status="Passed" >
<Disp><![CDATA[Custom Request: REQ21_WS_AtualizarEndereco]]></Disp>
<BtmPane vType="HTMLSNSH" >
<Path><![CDATA[\Iteration3\t1.inf]]></Path>
</BtmPane>
</NodeArgs>
</Step>
<Summary sTime="27/07/2021 - 12:53:27" eTime="27/07/2021 - 12:53:51" passed="15" failed="0" warnings="0" ></Summary>
<NodeArgs eType="StartAction" icon="2" nRep="52" status="Passed" >
<Disp><![CDATA[Action Summary]]></Disp>
</NodeArgs>
</Action>
<NodeArgs eType="StartIteration" icon="3" nRep="51" status="Passed" >
<Disp><![CDATA[REQ21_WS_AtualizarEndereco Iteration 3 (Row 3)]]></Disp>
</NodeArgs>
</DIter>
<DIter rID="T63" iterID="4" >
<Action rID="T64">
<AName><![CDATA[Action]]></AName>
<Step rID="T65">
<Obj plainTxt="False" ><![CDATA[Service: Set Max Html Param Len]]></Obj>
<Details plainTxt="False" ><![CDATA[<CENTER>Maximum length of a HTML string that can be retrieved and saved set to <STRONG><FONT COLOR=#00AF00>1000000</FONT></STRONG> characters</CENTER>]]></Details>
<Time><![CDATA[27/07/2021 - 12:54:01]]></Time>
<TimeTick>1627401241</TimeTick>
<NodeArgs eType="General" icon="4" nRep="75" >
<Disp><![CDATA[Service: Set Max Html Param Len]]></Disp>
</NodeArgs>
</Step>
<Step rID="T66">
<Obj plainTxt="False" ><![CDATA["lr_xml_set_values"]]></Obj>
<Details plainTxt="False" ><![CDATA[<CENTER><STRONG><FONT COLOR=#009A63>"lr_xml_set_values" succeeded</FONT></STRONG></CENTER>]]></Details>
<Time><![CDATA[27/07/2021 - 12:54:02]]></Time>
<TimeTick>1627401242</TimeTick>
<NodeArgs eType="General" icon="5" nRep="76" status="Passed" >
<Disp><![CDATA["lr_xml_set_values"]]></Disp>
</NodeArgs>
</Step>
<Step rID="T67">
<Obj plainTxt="False" ><![CDATA["lr_xml_set_values"]]></Obj>
<Details plainTxt="False" ><![CDATA[<CENTER><STRONG><FONT COLOR=#009A63>"lr_xml_set_values" succeeded</FONT></STRONG></CENTER>]]></Details>
<Time><![CDATA[27/07/2021 - 12:54:04]]></Time>
<TimeTick>1627401244</TimeTick>
<NodeArgs eType="General" icon="5" nRep="77" status="Passed" >
<Disp><![CDATA["lr_xml_set_values"]]></Disp>
</NodeArgs>
</Step>
<Step rID="T68">
<Obj plainTxt="False" ><![CDATA["lr_xml_set_values"]]></Obj>
<Details plainTxt="False" ><![CDATA[<CENTER><STRONG><FONT COLOR=#009A63>"lr_xml_set_values" succeeded</FONT></STRONG></CENTER>]]></Details>
<Time><![CDATA[27/07/2021 - 12:54:04]]></Time>
<TimeTick>1627401244</TimeTick>
<NodeArgs eType="General" icon="5" nRep="78" status="Passed" >
<Disp><![CDATA["lr_xml_set_values"]]></Disp>
</NodeArgs>
</Step>
<Step rID="T69">
<Obj plainTxt="False" ><![CDATA["lr_xml_set_values"]]></Obj>
<Details plainTxt="False" ><![CDATA[<CENTER><STRONG><FONT COLOR=#009A63>"lr_xml_set_values" succeeded</FONT></STRONG></CENTER>]]></Details>
<Time><![CDATA[27/07/2021 - 12:54:04]]></Time>
<TimeTick>1627401244</TimeTick>
<NodeArgs eType="General" icon="5" nRep="79" status="Passed" >
<Disp><![CDATA["lr_xml_set_values"]]></Disp>
</NodeArgs>
</Step>
<Step rID="T70">
<Obj plainTxt="False" ><![CDATA["lr_xml_set_values"]]></Obj>
<Details plainTxt="False" ><![CDATA[<CENTER><STRONG><FONT COLOR=#009A63>"lr_xml_set_values" succeeded</FONT></STRONG></CENTER>]]></Details>
<Time><![CDATA[27/07/2021 - 12:54:04]]></Time>
<TimeTick>1627401244</TimeTick>
<NodeArgs eType="General" icon="5" nRep="80" status="Passed" >
<Disp><![CDATA["lr_xml_set_values"]]></Disp>
</NodeArgs>
</Step>
<Step rID="T71">
<Obj plainTxt="False" ><![CDATA["lr_xml_set_values"]]></Obj>
<Details plainTxt="False" ><![CDATA[<CENTER><STRONG><FONT COLOR=#009A63>"lr_xml_set_values" succeeded</FONT></STRONG></CENTER>]]></Details>
<Time><![CDATA[27/07/2021 - 12:54:04]]></Time>
<TimeTick>1627401244</TimeTick>
<NodeArgs eType="General" icon="5" nRep="81" status="Passed" >
<Disp><![CDATA["lr_xml_set_values"]]></Disp>
</NodeArgs>
</Step>
<Step rID="T72">
<Obj plainTxt="False" ><![CDATA["lr_xml_set_values"]]></Obj>
<Details plainTxt="False" ><![CDATA[<CENTER><STRONG><FONT COLOR=#009A63>"lr_xml_set_values" succeeded</FONT></STRONG></CENTER>]]></Details>
<Time><![CDATA[27/07/2021 - 12:54:04]]></Time>
<TimeTick>1627401244</TimeTick>
<NodeArgs eType="General" icon="5" nRep="82" status="Passed" >
<Disp><![CDATA["lr_xml_set_values"]]></Disp>
</NodeArgs>
</Step>
<Step rID="T73">
<Obj plainTxt="False" ><![CDATA["lr_xml_set_values"]]></Obj>
<Details plainTxt="False" ><![CDATA[<CENTER><STRONG><FONT COLOR=#009A63>"lr_xml_set_values" succeeded</FONT></STRONG></CENTER>]]></Details>
<Time><![CDATA[27/07/2021 - 12:54:04]]></Time>
<TimeTick>1627401244</TimeTick>
<NodeArgs eType="General" icon="5" nRep="83" status="Passed" >
<Disp><![CDATA["lr_xml_set_values"]]></Disp>
</NodeArgs>
</Step>
<Step rID="T74">
<Obj plainTxt="False" ><![CDATA["lr_xml_set_values"]]></Obj>
<Details plainTxt="False" ><![CDATA[<CENTER><STRONG><FONT COLOR=#009A63>"lr_xml_set_values" succeeded</FONT></STRONG></CENTER>]]></Details>
<Time><![CDATA[27/07/2021 - 12:54:04]]></Time>
<TimeTick>1627401244</TimeTick>
<NodeArgs eType="General" icon="5" nRep="84" status="Passed" >
<Disp><![CDATA["lr_xml_set_values"]]></Disp>
</NodeArgs>
</Step>
<Step rID="T75">
<Obj plainTxt="False" ><![CDATA["lr_xml_set_values"]]></Obj>
<Details plainTxt="False" ><![CDATA[<CENTER><STRONG><FONT COLOR=#009A63>"lr_xml_set_values" succeeded</FONT></STRONG></CENTER>]]></Details>
<Time><![CDATA[27/07/2021 - 12:54:04]]></Time>
<TimeTick>1627401244</TimeTick>
<NodeArgs eType="General" icon="5" nRep="85" status="Passed" >
<Disp><![CDATA["lr_xml_set_values"]]></Disp>
</NodeArgs>
</Step>
<Step rID="T76">
<Obj plainTxt="False" ><![CDATA["lr_xml_set_values"]]></Obj>
<Details plainTxt="False" ><![CDATA[<CENTER><STRONG><FONT COLOR=#009A63>"lr_xml_set_values" succeeded</FONT></STRONG></CENTER>]]></Details>
<Time><![CDATA[27/07/2021 - 12:54:04]]></Time>
<TimeTick>1627401244</TimeTick>
<NodeArgs eType="General" icon="5" nRep="86" status="Passed" >
<Disp><![CDATA["lr_xml_set_values"]]></Disp>
</NodeArgs>
</Step>
<Step rID="T77">
<Obj plainTxt="False" ><![CDATA["lr_xml_set_values"]]></Obj>
<Details plainTxt="False" ><![CDATA[<CENTER><STRONG><FONT COLOR=#009A63>"lr_xml_set_values" succeeded</FONT></STRONG></CENTER>]]></Details>
<Time><![CDATA[27/07/2021 - 12:54:04]]></Time>
<TimeTick>1627401244</TimeTick>
<NodeArgs eType="General" icon="5" nRep="87" status="Passed" >
<Disp><![CDATA["lr_xml_set_values"]]></Disp>
</NodeArgs>
</Step>
<Step rID="T78">
<Obj plainTxt="False" ><![CDATA["lr_xml_set_values"]]></Obj>
<Details plainTxt="False" ><![CDATA[<CENTER><STRONG><FONT COLOR=#009A63>"lr_xml_set_values" succeeded</FONT></STRONG></CENTER>]]></Details>
<Time><![CDATA[27/07/2021 - 12:54:04]]></Time>
<TimeTick>1627401244</TimeTick>
<NodeArgs eType="General" icon="5" nRep="88" status="Passed" >
<Disp><![CDATA["lr_xml_set_values"]]></Disp>
</NodeArgs>
</Step>
<Step rID="T79">
<Obj plainTxt="False" ><![CDATA["lr_xml_set_values"]]></Obj>
<Details plainTxt="False" ><![CDATA[<CENTER><STRONG><FONT COLOR=#009A63>"lr_xml_set_values" succeeded</FONT></STRONG></CENTER>]]></Details>
<Time><![CDATA[27/07/2021 - 12:54:04]]></Time>
<TimeTick>1627401244</TimeTick>
<NodeArgs eType="General" icon="5" nRep="89" status="Passed" >
<Disp><![CDATA["lr_xml_set_values"]]></Disp>
</NodeArgs>
</Step>
<Step rID="T80">
<Obj plainTxt="False" ><![CDATA[Service: Reg Save Param]]></Obj>
<Details plainTxt="False" ><![CDATA[<CENTER>ParamName =<STRONG><FONT COLOR=#00AF00>cCodigoErro</FONT></STRONG><BR>Left Boundary = <STRONG><FONT COLOR=#00AF00>LB=<tns1:codigoErro></FONT></STRONG><BR>Right Boundary = <STRONG><FONT COLOR=#00AF00>RB=</tns1:codigoErro></FONT></STRONG><BR>Instance = <STRONG><FONT COLOR=#00AF00>ORD=1</FONT></STRONG></CENTER>]]></Details>
<Time><![CDATA[27/07/2021 - 12:54:04]]></Time>
<TimeTick>1627401244</TimeTick>
<NodeArgs eType="General" icon="6" nRep="90" >
<Disp><![CDATA[Service: Reg Save Param]]></Disp>
</NodeArgs>
</Step>
<Step rID="T81">
<Obj plainTxt="False" ><![CDATA[Service: Reg Save Param]]></Obj>
<Details plainTxt="False" ><![CDATA[<CENTER>ParamName =<STRONG><FONT COLOR=#00AF00>cMensagemErro</FONT></STRONG><BR>Left Boundary = <STRONG><FONT COLOR=#00AF00>LB=<tns1:mensagemErro></FONT></STRONG><BR>Right Boundary = <STRONG><FONT COLOR=#00AF00>RB=</tns1:mensagemErro></FONT></STRONG><BR>Instance = <STRONG><FONT COLOR=#00AF00>ORD=1</FONT></STRONG></CENTER>]]></Details>
<Time><![CDATA[27/07/2021 - 12:54:05]]></Time>
<TimeTick>1627401245</TimeTick>
<NodeArgs eType="General" icon="6" nRep="91" >
<Disp><![CDATA[Service: Reg Save Param]]></Disp>
</NodeArgs>
</Step>
<Step rID="T82">
<Obj plainTxt="False" ><![CDATA[Custom Request: REQ21_WS_AtualizarEndereco]]></Obj>
<Details plainTxt="False" ><![CDATA[<CENTER><STRONG><FONT COLOR=#009A63>Step completed successfully</FONT></STRONG></CENTER>]]></Details>
<Time><![CDATA[27/07/2021 - 12:54:17]]></Time>
<TimeTick>1627401257</TimeTick>
<NodeArgs eType="General" icon="7" nRep="92" status="Passed" >
<Disp><![CDATA[Custom Request: REQ21_WS_AtualizarEndereco]]></Disp>
<BtmPane vType="HTMLSNSH" >
<Path><![CDATA[\Iteration4\t1.inf]]></Path>
</BtmPane>
</NodeArgs>
</Step>
<Summary sTime="27/07/2021 - 12:54:00" eTime="27/07/2021 - 12:54:19" passed="15" failed="0" warnings="0" ></Summary>
<NodeArgs eType="StartAction" icon="2" nRep="74" status="Passed" >
<Disp><![CDATA[Action Summary]]></Disp>
</NodeArgs>
</Action>
<NodeArgs eType="StartIteration" icon="3" nRep="73" status="Passed" >
<Disp><![CDATA[REQ21_WS_AtualizarEndereco Iteration 4 (Row 4)]]></Disp>
</NodeArgs>
</DIter>
<DIter rID="T83" iterID="5" >
<Action rID="T84">
<AName><![CDATA[Action]]></AName>
<Step rID="T85">
<Obj plainTxt="False" ><![CDATA[Service: Set Max Html Param Len]]></Obj>
<Details plainTxt="False" ><![CDATA[<CENTER>Maximum length of a HTML string that can be retrieved and saved set to <STRONG><FONT COLOR=#00AF00>1000000</FONT></STRONG> characters</CENTER>]]></Details>
<Time><![CDATA[27/07/2021 - 12:54:32]]></Time>
<TimeTick>1627401272</TimeTick>
<NodeArgs eType="General" icon="4" nRep="97" >
<Disp><![CDATA[Service: Set Max Html Param Len]]></Disp>
</NodeArgs>
</Step>
<Step rID="T86">
<Obj plainTxt="False" ><![CDATA["lr_xml_set_values"]]></Obj>
<Details plainTxt="False" ><![CDATA[<CENTER><STRONG><FONT COLOR=#009A63>"lr_xml_set_values" succeeded</FONT></STRONG></CENTER>]]></Details>
<Time><![CDATA[27/07/2021 - 12:54:33]]></Time>
<TimeTick>1627401273</TimeTick>
<NodeArgs eType="General" icon="5" nRep="98" status="Passed" >
<Disp><![CDATA["lr_xml_set_values"]]></Disp>
</NodeArgs>
</Step>
<Step rID="T87">
<Obj plainTxt="False" ><![CDATA["lr_xml_set_values"]]></Obj>
<Details plainTxt="False" ><![CDATA[<CENTER><STRONG><FONT COLOR=#009A63>"lr_xml_set_values" succeeded</FONT></STRONG></CENTER>]]></Details>
<Time><![CDATA[27/07/2021 - 12:54:34]]></Time>
<TimeTick>1627401274</TimeTick>
<NodeArgs eType="General" icon="5" nRep="99" status="Passed" >
<Disp><![CDATA["lr_xml_set_values"]]></Disp>
</NodeArgs>
</Step>
<Step rID="T88">
<Obj plainTxt="False" ><![CDATA["lr_xml_set_values"]]></Obj>
<Details plainTxt="False" ><![CDATA[<CENTER><STRONG><FONT COLOR=#009A63>"lr_xml_set_values" succeeded</FONT></STRONG></CENTER>]]></Details>
<Time><![CDATA[27/07/2021 - 12:54:34]]></Time>
<TimeTick>1627401274</TimeTick>
<NodeArgs eType="General" icon="5" nRep="100" status="Passed" >
<Disp><![CDATA["lr_xml_set_values"]]></Disp>
</NodeArgs>
</Step>
<Step rID="T89">
<Obj plainTxt="False" ><![CDATA["lr_xml_set_values"]]></Obj>
<Details plainTxt="False" ><![CDATA[<CENTER><STRONG><FONT COLOR=#009A63>"lr_xml_set_values" succeeded</FONT></STRONG></CENTER>]]></Details>
<Time><![CDATA[27/07/2021 - 12:54:34]]></Time>
<TimeTick>1627401274</TimeTick>
<NodeArgs eType="General" icon="5" nRep="101" status="Passed" >
<Disp><![CDATA["lr_xml_set_values"]]></Disp>
</NodeArgs>
</Step>
<Step rID="T90">
<Obj plainTxt="False" ><![CDATA["lr_xml_set_values"]]></Obj>
<Details plainTxt="False" ><![CDATA[<CENTER><STRONG><FONT COLOR=#009A63>"lr_xml_set_values" succeeded</FONT></STRONG></CENTER>]]></Details>
<Time><![CDATA[27/07/2021 - 12:54:34]]></Time>
<TimeTick>1627401274</TimeTick>
<NodeArgs eType="General" icon="5" nRep="102" status="Passed" >
<Disp><![CDATA["lr_xml_set_values"]]></Disp>
</NodeArgs>
</Step>
<Step rID="T91">
<Obj plainTxt="False" ><![CDATA["lr_xml_set_values"]]></Obj>
<Details plainTxt="False" ><![CDATA[<CENTER><STRONG><FONT COLOR=#009A63>"lr_xml_set_values" succeeded</FONT></STRONG></CENTER>]]></Details>
<Time><![CDATA[27/07/2021 - 12:54:34]]></Time>
<TimeTick>1627401274</TimeTick>
<NodeArgs eType="General" icon="5" nRep="103" status="Passed" >
<Disp><![CDATA["lr_xml_set_values"]]></Disp>
</NodeArgs>
</Step>
<Step rID="T92">
<Obj plainTxt="False" ><![CDATA["lr_xml_set_values"]]></Obj>
<Details plainTxt="False" ><![CDATA[<CENTER><STRONG><FONT COLOR=#009A63>"lr_xml_set_values" succeeded</FONT></STRONG></CENTER>]]></Details>
<Time><![CDATA[27/07/2021 - 12:54:35]]></Time>
<TimeTick>1627401275</TimeTick>
<NodeArgs eType="General" icon="5" nRep="104" status="Passed" >
<Disp><![CDATA["lr_xml_set_values"]]></Disp>
</NodeArgs>
</Step>
<Step rID="T93">
<Obj plainTxt="False" ><![CDATA["lr_xml_set_values"]]></Obj>
<Details plainTxt="False" ><![CDATA[<CENTER><STRONG><FONT COLOR=#009A63>"lr_xml_set_values" succeeded</FONT></STRONG></CENTER>]]></Details>
<Time><![CDATA[27/07/2021 - 12:54:35]]></Time>
<TimeTick>1627401275</TimeTick>
<NodeArgs eType="General" icon="5" nRep="105" status="Passed" >
<Disp><![CDATA["lr_xml_set_values"]]></Disp>
</NodeArgs>
</Step>
<Step rID="T94">
<Obj plainTxt="False" ><![CDATA["lr_xml_set_values"]]></Obj>
<Details plainTxt="False" ><![CDATA[<CENTER><STRONG><FONT COLOR=#009A63>"lr_xml_set_values" succeeded</FONT></STRONG></CENTER>]]></Details>
<Time><![CDATA[27/07/2021 - 12:54:35]]></Time>
<TimeTick>1627401275</TimeTick>
<NodeArgs eType="General" icon="5" nRep="106" status="Passed" >
<Disp><![CDATA["lr_xml_set_values"]]></Disp>
</NodeArgs>
</Step>
<Step rID="T95">
<Obj plainTxt="False" ><![CDATA["lr_xml_set_values"]]></Obj>
<Details plainTxt="False" ><![CDATA[<CENTER><STRONG><FONT COLOR=#009A63>"lr_xml_set_values" succeeded</FONT></STRONG></CENTER>]]></Details>
<Time><![CDATA[27/07/2021 - 12:54:35]]></Time>
<TimeTick>1627401275</TimeTick>
<NodeArgs eType="General" icon="5" nRep="107" status="Passed" >
<Disp><![CDATA["lr_xml_set_values"]]></Disp>
</NodeArgs>
</Step>
<Step rID="T96">
<Obj plainTxt="False" ><![CDATA["lr_xml_set_values"]]></Obj>
<Details plainTxt="False" ><![CDATA[<CENTER><STRONG><FONT COLOR=#009A63>"lr_xml_set_values" succeeded</FONT></STRONG></CENTER>]]></Details>
<Time><![CDATA[27/07/2021 - 12:54:35]]></Time>
<TimeTick>1627401275</TimeTick>
<NodeArgs eType="General" icon="5" nRep="108" status="Passed" >
<Disp><![CDATA["lr_xml_set_values"]]></Disp>
</NodeArgs>
</Step>
<Step rID="T97">
<Obj plainTxt="False" ><![CDATA["lr_xml_set_values"]]></Obj>
<Details plainTxt="False" ><![CDATA[<CENTER><STRONG><FONT COLOR=#009A63>"lr_xml_set_values" succeeded</FONT></STRONG></CENTER>]]></Details>
<Time><![CDATA[27/07/2021 - 12:54:35]]></Time>
<TimeTick>1627401275</TimeTick>
<NodeArgs eType="General" icon="5" nRep="109" status="Passed" >
<Disp><![CDATA["lr_xml_set_values"]]></Disp>
</NodeArgs>
</Step>
<Step rID="T98">
<Obj plainTxt="False" ><![CDATA["lr_xml_set_values"]]></Obj>
<Details plainTxt="False" ><![CDATA[<CENTER><STRONG><FONT COLOR=#009A63>"lr_xml_set_values" succeeded</FONT></STRONG></CENTER>]]></Details>
<Time><![CDATA[27/07/2021 - 12:54:35]]></Time>
<TimeTick>1627401275</TimeTick>
<NodeArgs eType="General" icon="5" nRep="110" status="Passed" >
<Disp><![CDATA["lr_xml_set_values"]]></Disp>
</NodeArgs>
</Step>
<Step rID="T99">
<Obj plainTxt="False" ><![CDATA["lr_xml_set_values"]]></Obj>
<Details plainTxt="False" ><![CDATA[<CENTER><STRONG><FONT COLOR=#009A63>"lr_xml_set_values" succeeded</FONT></STRONG></CENTER>]]></Details>
<Time><![CDATA[27/07/2021 - 12:54:35]]></Time>
<TimeTick>1627401275</TimeTick>
<NodeArgs eType="General" icon="5" nRep="111" status="Passed" >
<Disp><![CDATA["lr_xml_set_values"]]></Disp>
</NodeArgs>
</Step>
<Step rID="T100">
<Obj plainTxt="False" ><![CDATA[Service: Reg Save Param]]></Obj>
<Details plainTxt="False" ><![CDATA[<CENTER>ParamName =<STRONG><FONT COLOR=#00AF00>cCodigoErro</FONT></STRONG><BR>Left Boundary = <STRONG><FONT COLOR=#00AF00>LB=<tns1:codigoErro></FONT></STRONG><BR>Right Boundary = <STRONG><FONT COLOR=#00AF00>RB=</tns1:codigoErro></FONT></STRONG><BR>Instance = <STRONG><FONT COLOR=#00AF00>ORD=1</FONT></STRONG></CENTER>]]></Details>
<Time><![CDATA[27/07/2021 - 12:54:35]]></Time>
<TimeTick>1627401275</TimeTick>
<NodeArgs eType="General" icon="6" nRep="112" >
<Disp><![CDATA[Service: Reg Save Param]]></Disp>
</NodeArgs>
</Step>
<Step rID="T101">
<Obj plainTxt="False" ><![CDATA[Service: Reg Save Param]]></Obj>
<Details plainTxt="False" ><![CDATA[<CENTER>ParamName =<STRONG><FONT COLOR=#00AF00>cMensagemErro</FONT></STRONG><BR>Left Boundary = <STRONG><FONT COLOR=#00AF00>LB=<tns1:mensagemErro></FONT></STRONG><BR>Right Boundary = <STRONG><FONT COLOR=#00AF00>RB=</tns1:mensagemErro></FONT></STRONG><BR>Instance = <STRONG><FONT COLOR=#00AF00>ORD=1</FONT></STRONG></CENTER>]]></Details>
<Time><![CDATA[27/07/2021 - 12:54:37]]></Time>
<TimeTick>1627401277</TimeTick>
<NodeArgs eType="General" icon="6" nRep="113" >
<Disp><![CDATA[Service: Reg Save Param]]></Disp>
</NodeArgs>
</Step>
<Step rID="T102">
<Obj plainTxt="False" ><![CDATA[Custom Request: REQ21_WS_AtualizarEndereco]]></Obj>
<Details plainTxt="False" ><![CDATA[<CENTER><STRONG><FONT COLOR=#009A63>Step completed successfully</FONT></STRONG></CENTER>]]></Details>
<Time><![CDATA[27/07/2021 - 12:54:50]]></Time>
<TimeTick>1627401290</TimeTick>
<NodeArgs eType="General" icon="7" nRep="114" status="Passed" >
<Disp><![CDATA[Custom Request: REQ21_WS_AtualizarEndereco]]></Disp>
<BtmPane vType="HTMLSNSH" >
<Path><![CDATA[\Iteration5\t1.inf]]></Path>
</BtmPane>
</NodeArgs>
</Step>
<Summary sTime="27/07/2021 - 12:54:29" eTime="27/07/2021 - 12:54:52" passed="15" failed="0" warnings="0" ></Summary>
<NodeArgs eType="StartAction" icon="2" nRep="96" status="Passed" >
<Disp><![CDATA[Action Summary]]></Disp>
</NodeArgs>
</Action>
<NodeArgs eType="StartIteration" icon="3" nRep="95" status="Passed" >
<Disp><![CDATA[REQ21_WS_AtualizarEndereco Iteration 5 (Row 5)]]></Disp>
</NodeArgs>
</DIter>
<DIter rID="T103" iterID="6" >
<Action rID="T104">
<AName><![CDATA[Action]]></AName>
<Step rID="T105">
<Obj plainTxt="False" ><![CDATA[Service: Set Max Html Param Len]]></Obj>
<Details plainTxt="False" ><![CDATA[<CENTER>Maximum length of a HTML string that can be retrieved and saved set to <STRONG><FONT COLOR=#00AF00>1000000</FONT></STRONG> characters</CENTER>]]></Details>
<Time><![CDATA[27/07/2021 - 12:55:02]]></Time>
<TimeTick>1627401302</TimeTick>
<NodeArgs eType="General" icon="4" nRep="119" >
<Disp><![CDATA[Service: Set Max Html Param Len]]></Disp>
</NodeArgs>
</Step>
<Step rID="T106">
<Obj plainTxt="False" ><![CDATA["lr_xml_set_values"]]></Obj>
<Details plainTxt="False" ><![CDATA[<CENTER><STRONG><FONT COLOR=#009A63>"lr_xml_set_values" succeeded</FONT></STRONG></CENTER>]]></Details>
<Time><![CDATA[27/07/2021 - 12:55:03]]></Time>
<TimeTick>1627401303</TimeTick>
<NodeArgs eType="General" icon="5" nRep="120" status="Passed" >
<Disp><![CDATA["lr_xml_set_values"]]></Disp>
</NodeArgs>
</Step>
<Step rID="T107">
<Obj plainTxt="False" ><![CDATA["lr_xml_set_values"]]></Obj>
<Details plainTxt="False" ><![CDATA[<CENTER><STRONG><FONT COLOR=#009A63>"lr_xml_set_values" succeeded</FONT></STRONG></CENTER>]]></Details>
<Time><![CDATA[27/07/2021 - 12:55:05]]></Time>
<TimeTick>1627401305</TimeTick>
<NodeArgs eType="General" icon="5" nRep="121" status="Passed" >
<Disp><![CDATA["lr_xml_set_values"]]></Disp>
</NodeArgs>
</Step>
<Step rID="T108">
<Obj plainTxt="False" ><![CDATA["lr_xml_set_values"]]></Obj>
<Details plainTxt="False" ><![CDATA[<CENTER><STRONG><FONT COLOR=#009A63>"lr_xml_set_values" succeeded</FONT></STRONG></CENTER>]]></Details>
<Time><![CDATA[27/07/2021 - 12:55:05]]></Time>
<TimeTick>1627401305</TimeTick>
<NodeArgs eType="General" icon="5" nRep="122" status="Passed" >
<Disp><![CDATA["lr_xml_set_values"]]></Disp>
</NodeArgs>
</Step>
<Step rID="T109">
<Obj plainTxt="False" ><![CDATA["lr_xml_set_values"]]></Obj>
<Details plainTxt="False" ><![CDATA[<CENTER><STRONG><FONT COLOR=#009A63>"lr_xml_set_values" succeeded</FONT></STRONG></CENTER>]]></Details>
<Time><![CDATA[27/07/2021 - 12:55:05]]></Time>
<TimeTick>1627401305</TimeTick>
<NodeArgs eType="General" icon="5" nRep="123" status="Passed" >
<Disp><![CDATA["lr_xml_set_values"]]></Disp>
</NodeArgs>
</Step>
<Step rID="T110">
<Obj plainTxt="False" ><![CDATA["lr_xml_set_values"]]></Obj>
<Details plainTxt="False" ><![CDATA[<CENTER><STRONG><FONT COLOR=#009A63>"lr_xml_set_values" succeeded</FONT></STRONG></CENTER>]]></Details>
<Time><![CDATA[27/07/2021 - 12:55:05]]></Time>
<TimeTick>1627401305</TimeTick>
<NodeArgs eType="General" icon="5" nRep="124" status="Passed" >
<Disp><![CDATA["lr_xml_set_values"]]></Disp>
</NodeArgs>
</Step>
<Step rID="T111">
<Obj plainTxt="False" ><![CDATA["lr_xml_set_values"]]></Obj>
<Details plainTxt="False" ><![CDATA[<CENTER><STRONG><FONT COLOR=#009A63>"lr_xml_set_values" succeeded</FONT></STRONG></CENTER>]]></Details>
<Time><![CDATA[27/07/2021 - 12:55:05]]></Time>
<TimeTick>1627401305</TimeTick>
<NodeArgs eType="General" icon="5" nRep="125" status="Passed" >
<Disp><![CDATA["lr_xml_set_values"]]></Disp>
</NodeArgs>
</Step>
<Step rID="T112">
<Obj plainTxt="False" ><![CDATA["lr_xml_set_values"]]></Obj>
<Details plainTxt="False" ><![CDATA[<CENTER><STRONG><FONT COLOR=#009A63>"lr_xml_set_values" succeeded</FONT></STRONG></CENTER>]]></Details>
<Time><![CDATA[27/07/2021 - 12:55:05]]></Time>
<TimeTick>1627401305</TimeTick>
<NodeArgs eType="General" icon="5" nRep="126" status="Passed" >
<Disp><![CDATA["lr_xml_set_values"]]></Disp>
</NodeArgs>
</Step>
<Step rID="T113">
<Obj plainTxt="False" ><![CDATA["lr_xml_set_values"]]></Obj>
<Details plainTxt="False" ><![CDATA[<CENTER><STRONG><FONT COLOR=#009A63>"lr_xml_set_values" succeeded</FONT></STRONG></CENTER>]]></Details>
<Time><![CDATA[27/07/2021 - 12:55:05]]></Time>
<TimeTick>1627401305</TimeTick>
<NodeArgs eType="General" icon="5" nRep="127" status="Passed" >
<Disp><![CDATA["lr_xml_set_values"]]></Disp>
</NodeArgs>
</Step>
<Step rID="T114">
<Obj plainTxt="False" ><![CDATA["lr_xml_set_values"]]></Obj>
<Details plainTxt="False" ><![CDATA[<CENTER><STRONG><FONT COLOR=#009A63>"lr_xml_set_values" succeeded</FONT></STRONG></CENTER>]]></Details>
<Time><![CDATA[27/07/2021 - 12:55:05]]></Time>
<TimeTick>1627401305</TimeTick>
<NodeArgs eType="General" icon="5" nRep="128" status="Passed" >
<Disp><![CDATA["lr_xml_set_values"]]></Disp>
</NodeArgs>
</Step>
<Step rID="T115">
<Obj plainTxt="False" ><![CDATA["lr_xml_set_values"]]></Obj>
<Details plainTxt="False" ><![CDATA[<CENTER><STRONG><FONT COLOR=#009A63>"lr_xml_set_values" succeeded</FONT></STRONG></CENTER>]]></Details>
<Time><![CDATA[27/07/2021 - 12:55:05]]></Time>
<TimeTick>1627401305</TimeTick>
<NodeArgs eType="General" icon="5" nRep="129" status="Passed" >
<Disp><![CDATA["lr_xml_set_values"]]></Disp>
</NodeArgs>
</Step>
<Step rID="T116">
<Obj plainTxt="False" ><![CDATA["lr_xml_set_values"]]></Obj>
<Details plainTxt="False" ><![CDATA[<CENTER><STRONG><FONT COLOR=#009A63>"lr_xml_set_values" succeeded</FONT></STRONG></CENTER>]]></Details>
<Time><![CDATA[27/07/2021 - 12:55:05]]></Time>
<TimeTick>1627401305</TimeTick>
<NodeArgs eType="General" icon="5" nRep="130" status="Passed" >
<Disp><![CDATA["lr_xml_set_values"]]></Disp>
</NodeArgs>
</Step>
<Step rID="T117">
<Obj plainTxt="False" ><![CDATA["lr_xml_set_values"]]></Obj>
<Details plainTxt="False" ><![CDATA[<CENTER><STRONG><FONT COLOR=#009A63>"lr_xml_set_values" succeeded</FONT></STRONG></CENTER>]]></Details>
<Time><![CDATA[27/07/2021 - 12:55:05]]></Time>
<TimeTick>1627401305</TimeTick>
<NodeArgs eType="General" icon="5" nRep="131" status="Passed" >
<Disp><![CDATA["lr_xml_set_values"]]></Disp>
</NodeArgs>
</Step>
<Step rID="T118">
<Obj plainTxt="False" ><![CDATA["lr_xml_set_values"]]></Obj>
<Details plainTxt="False" ><![CDATA[<CENTER><STRONG><FONT COLOR=#009A63>"lr_xml_set_values" succeeded</FONT></STRONG></CENTER>]]></Details>
<Time><![CDATA[27/07/2021 - 12:55:05]]></Time>
<TimeTick>1627401305</TimeTick>
<NodeArgs eType="General" icon="5" nRep="132" status="Passed" >
<Disp><![CDATA["lr_xml_set_values"]]></Disp>
</NodeArgs>
</Step>
<Step rID="T119">
<Obj plainTxt="False" ><![CDATA["lr_xml_set_values"]]></Obj>
<Details plainTxt="False" ><![CDATA[<CENTER><STRONG><FONT COLOR=#009A63>"lr_xml_set_values" succeeded</FONT></STRONG></CENTER>]]></Details>
<Time><![CDATA[27/07/2021 - 12:55:05]]></Time>
<TimeTick>1627401305</TimeTick>
<NodeArgs eType="General" icon="5" nRep="133" status="Passed" >
<Disp><![CDATA["lr_xml_set_values"]]></Disp>
</NodeArgs>
</Step>
<Step rID="T120">
<Obj plainTxt="False" ><![CDATA[Service: Reg Save Param]]></Obj>
<Details plainTxt="False" ><![CDATA[<CENTER>ParamName =<STRONG><FONT COLOR=#00AF00>cCodigoErro</FONT></STRONG><BR>Left Boundary = <STRONG><FONT COLOR=#00AF00>LB=<tns1:codigoErro></FONT></STRONG><BR>Right Boundary = <STRONG><FONT COLOR=#00AF00>RB=</tns1:codigoErro></FONT></STRONG><BR>Instance = <STRONG><FONT COLOR=#00AF00>ORD=1</FONT></STRONG></CENTER>]]></Details>
<Time><![CDATA[27/07/2021 - 12:55:05]]></Time>
<TimeTick>1627401305</TimeTick>
<NodeArgs eType="General" icon="6" nRep="134" >
<Disp><![CDATA[Service: Reg Save Param]]></Disp>
</NodeArgs>
</Step>
<Step rID="T121">
<Obj plainTxt="False" ><![CDATA[Service: Reg Save Param]]></Obj>
<Details plainTxt="False" ><![CDATA[<CENTER>ParamName =<STRONG><FONT COLOR=#00AF00>cMensagemErro</FONT></STRONG><BR>Left Boundary = <STRONG><FONT COLOR=#00AF00>LB=<tns1:mensagemErro></FONT></STRONG><BR>Right Boundary = <STRONG><FONT COLOR=#00AF00>RB=</tns1:mensagemErro></FONT></STRONG><BR>Instance = <STRONG><FONT COLOR=#00AF00>ORD=1</FONT></STRONG></CENTER>]]></Details>
<Time><![CDATA[27/07/2021 - 12:55:06]]></Time>
<TimeTick>1627401306</TimeTick>
<NodeArgs eType="General" icon="6" nRep="135" >
<Disp><![CDATA[Service: Reg Save Param]]></Disp>
</NodeArgs>
</Step>
<Step rID="T122">
<Obj plainTxt="False" ><![CDATA[Custom Request: REQ21_WS_AtualizarEndereco]]></Obj>
<Details plainTxt="False" ><![CDATA[<CENTER><STRONG><FONT COLOR=#009A63>Step completed successfully</FONT></STRONG></CENTER>]]></Details>
<Time><![CDATA[27/07/2021 - 12:55:19]]></Time>
<TimeTick>1627401319</TimeTick>
<NodeArgs eType="General" icon="7" nRep="136" status="Passed" >
<Disp><![CDATA[Custom Request: REQ21_WS_AtualizarEndereco]]></Disp>
<BtmPane vType="HTMLSNSH" >
<Path><![CDATA[\Iteration6\t1.inf]]></Path>
</BtmPane>
</NodeArgs>
</Step>
<Summary sTime="27/07/2021 - 12:55:01" eTime="27/07/2021 - 12:55:21" passed="15" failed="0" warnings="0" ></Summary>
<NodeArgs eType="StartAction" icon="2" nRep="118" status="Passed" >
<Disp><![CDATA[Action Summary]]></Disp>
</NodeArgs>
</Action>
<NodeArgs eType="StartIteration" icon="3" nRep="117" status="Passed" >
<Disp><![CDATA[REQ21_WS_AtualizarEndereco Iteration 6 (Row 6)]]></Disp>
</NodeArgs>
</DIter>
<Action rID="T123">
<AName><![CDATA[vuser_end]]></AName>
<Summary sTime="27/07/2021 - 12:55:27" eTime="27/07/2021 - 12:55:30" passed="0" failed="0" warnings="0" ></Summary>
<NodeArgs eType="StartAction" icon="2" nRep="139" >
<Disp><![CDATA[vuser_end Summary]]></Disp>
</NodeArgs>
</Action>
<Summary sTime="27/07/2021 - 12:51:48" eTime="27/07/2021 - 12:55:31" passed="90" failed="0" warnings="0" ></Summary>
<NodeArgs eType="StartTest" icon="1" nRep="4" status="Passed" >
<Disp><![CDATA[Test REQ21_WS_AtualizarEndereco Summary]]></Disp>
</NodeArgs>
</Doc>
</Report>