[
    {
        "actionName": "Action",
        "steps": [
            {
                "stepId": "STEP6",
                "stepName": "Custom Request: wstransaction",
                "infFile": "t1.inf",
                "time": 1627273045605
            }
        ],
        "transactions": [
            {
                "transactionName": "URA009_WS_01_transaction",
                "rawStartTime": 1627273030938,
                "rawEndTime": 1627273046953,
                "thinkTime": 0.0,
                "wastedTime": 3.1281577358245848
            }
        ]
    }
]