[
    {
        "actionName": "Action",
        "steps": [
            {
                "stepId": "STEP16",
                "stepName": "Url: frmMain.aspx",
                "infFile": "t6.inf",
                "time": 1627260471774
            },
            {
                "stepId": "STEP17",
                "stepName": "Url: frmMainMenu.aspx",
                "infFile": "t7.inf",
                "time": 1627260474506
            },
            {
                "stepId": "STEP18",
                "stepName": "Url: frmConAtSrcConsorciado.aspx",
                "infFile": "t10.inf",
                "time": 1627260476984
            },
            {
                "stepId": "STEP19",
                "stepName": "Submit Data: frmConAtSrcConsorciado.aspx_2",
                "infFile": "t12.inf",
                "time": 1627260483950
            },
            {
                "stepId": "STEP20",
                "stepName": "Url: Oferta de Lance",
                "infFile": "t17.inf",
                "time": 1627260490190
            },
            {
                "stepId": "STEP21",
                "stepName": "Submit Data: frmConCpCadCredenciamentoLance.aspx",
                "infFile": "t19.inf",
                "time": 1627260492384
            },
            {
                "stepId": "STEP22",
                "stepName": "Submit Data: frmConCpCadCredenciamentoLance.aspx_2",
                "infFile": "t21.inf",
                "time": 1627260494423
            },
            {
                "stepId": "STEP23",
                "stepName": "Submit Data: frmConCpCadCredenciamentoLance.aspx_3",
                "infFile": "t23.inf",
                "time": 1627260497711
            },
            {
                "stepId": "STEP24",
                "stepName": "Submit Data: frmConCpCadCredenciamentoLance.aspx_4",
                "infFile": "t24.inf",
                "time": 1627260500665
            },
            {
                "stepId": "STEP25",
                "stepName": "Url: frmConCpCadCredenciamentoLance.aspx_5",
                "infFile": "t27.inf",
                "time": 1627260509709
            },
            {
                "stepId": "STEP26",
                "stepName": "Url: frmConCmNewconReports.aspx_2",
                "infFile": "t28.inf",
                "time": 1627260512460
            },
            {
                "stepId": "STEP27",
                "stepName": "Submit Data: frmConCmNewconReports.aspx_8",
                "infFile": "t29.inf",
                "time": 1627260524247
            },
            {
                "stepId": "STEP28",
                "stepName": "Url: frmMain.aspx_2",
                "infFile": "t32.inf",
                "time": 1627260526373
            }
        ],
        "transactions": [
            {
                "transactionName": "ID500_DW_03_MenuAtendimento",
                "rawStartTime": 1627260470504,
                "rawEndTime": 1627260474521,
                "thinkTime": 0.0,
                "wastedTime": 0.3250269889831543
            },
            {
                "transactionName": "ID500_DW_04_MenuPosicao",
                "rawStartTime": 1627260474552,
                "rawEndTime": 1627260476990,
                "thinkTime": 0.0,
                "wastedTime": 0.1456911563873291
            },
            {
                "transactionName": "ID500_DW_05_LocalizarConsorciado",
                "rawStartTime": 1627260477021,
                "rawEndTime": 1627260483959,
                "thinkTime": 0.0,
                "wastedTime": 0.24143242835998536
            },
            {
                "transactionName": "ID500_DW_06_MenuOfertaLance",
                "rawStartTime": 1627260483990,
                "rawEndTime": 1627260490195,
                "thinkTime": 0.0,
                "wastedTime": 0.20848679542541505
            },
            {
                "transactionName": "ID500_DW_07_SimularLance",
                "rawStartTime": 1627260490226,
                "rawEndTime": 1627260497728,
                "thinkTime": 0.0,
                "wastedTime": 0.5290327072143555
            },
            {
                "transactionName": "ID500_DW_08_ConfirmarLance",
                "rawStartTime": 1627260497759,
                "rawEndTime": 1627260513807,
                "thinkTime": 0.0,
                "wastedTime": 0.8947291374206543
            },
            {
                "transactionName": "ID500_DW_09_VoltarParaOferta",
                "rawStartTime": 1627260513838,
                "rawEndTime": 1627260524262,
                "thinkTime": 0.0,
                "wastedTime": 0.26456165313720705
            },
            {
                "transactionName": "ID500_DW_10_VoltarAoInicio",
                "rawStartTime": 1627260524293,
                "rawEndTime": 1627260526387,
                "thinkTime": 0.0,
                "wastedTime": 0.1890101432800293
            }
        ]
    }
]