[
    {
        "actionName": "Action",
        "steps": [
            {
                "stepId": "STEP120",
                "stepName": "Url: frmMain.aspx",
                "infFile": "t6.inf",
                "time": 1627260886940
            },
            {
                "stepId": "STEP121",
                "stepName": "Url: frmMainMenu.aspx",
                "infFile": "t7.inf",
                "time": 1627260889535
            },
            {
                "stepId": "STEP122",
                "stepName": "Url: frmConAtSrcConsorciado.aspx",
                "infFile": "t10.inf",
                "time": 1627260892027
            },
            {
                "stepId": "STEP123",
                "stepName": "Submit Data: frmConAtSrcConsorciado.aspx_2",
                "infFile": "t12.inf",
                "time": 1627260898373
            },
            {
                "stepId": "STEP124",
                "stepName": "Url: Oferta de Lance",
                "infFile": "t17.inf",
                "time": 1627260904020
            },
            {
                "stepId": "STEP125",
                "stepName": "Submit Data: frmConCpCadCredenciamentoLance.aspx",
                "infFile": "t19.inf",
                "time": 1627260906182
            },
            {
                "stepId": "STEP126",
                "stepName": "Submit Data: frmConCpCadCredenciamentoLance.aspx_2",
                "infFile": "t21.inf",
                "time": 1627260908130
            },
            {
                "stepId": "STEP127",
                "stepName": "Submit Data: frmConCpCadCredenciamentoLance.aspx_3",
                "infFile": "t23.inf",
                "time": 1627260911193
            },
            {
                "stepId": "STEP128",
                "stepName": "Submit Data: frmConCpCadCredenciamentoLance.aspx_4",
                "infFile": "t24.inf",
                "time": 1627260914420
            },
            {
                "stepId": "STEP129",
                "stepName": "Url: frmConCpCadCredenciamentoLance.aspx_5",
                "infFile": "t27.inf",
                "time": 1627260921994
            },
            {
                "stepId": "STEP130",
                "stepName": "Url: frmConCmNewconReports.aspx_2",
                "infFile": "t28.inf",
                "time": 1627260924214
            },
            {
                "stepId": "STEP131",
                "stepName": "Submit Data: frmConCmNewconReports.aspx_8",
                "infFile": "t29.inf",
                "time": 1627260932500
            },
            {
                "stepId": "STEP132",
                "stepName": "Url: frmMain.aspx_2",
                "infFile": "t32.inf",
                "time": 1627260934253
            }
        ],
        "transactions": [
            {
                "transactionName": "ID500_DW_03_MenuAtendimento",
                "rawStartTime": 1627260885506,
                "rawEndTime": 1627260889538,
                "thinkTime": 0.0,
                "wastedTime": 0.3193824291229248
            },
            {
                "transactionName": "ID500_DW_04_MenuPosicao",
                "rawStartTime": 1627260889569,
                "rawEndTime": 1627260892038,
                "thinkTime": 0.0,
                "wastedTime": 0.16717219352722169
            },
            {
                "transactionName": "ID500_DW_05_LocalizarConsorciado",
                "rawStartTime": 1627260892069,
                "rawEndTime": 1627260898381,
                "thinkTime": 0.0,
                "wastedTime": 0.3323516845703125
            },
            {
                "transactionName": "ID500_DW_06_MenuOfertaLance",
                "rawStartTime": 1627260898413,
                "rawEndTime": 1627260904022,
                "thinkTime": 0.0,
                "wastedTime": 0.22351694107055665
            },
            {
                "transactionName": "ID500_DW_07_SimularLance",
                "rawStartTime": 1627260904053,
                "rawEndTime": 1627260911209,
                "thinkTime": 0.0,
                "wastedTime": 0.5817306041717529
            },
            {
                "transactionName": "ID500_DW_08_ConfirmarLance",
                "rawStartTime": 1627260911241,
                "rawEndTime": 1627260925540,
                "thinkTime": 0.0,
                "wastedTime": 0.9959590435028076
            },
            {
                "transactionName": "ID500_DW_09_VoltarParaOferta",
                "rawStartTime": 1627260925571,
                "rawEndTime": 1627260932509,
                "thinkTime": 0.0,
                "wastedTime": 0.25443172454833987
            },
            {
                "transactionName": "ID500_DW_10_VoltarAoInicio",
                "rawStartTime": 1627260932540,
                "rawEndTime": 1627260934259,
                "thinkTime": 0.0,
                "wastedTime": 0.16396260261535645
            }
        ]
    }
]