[
    {
        "actionName": "vuser_end",
        "steps": [
            {
                "stepId": "STEP133",
                "stepName": "Submit Data: frmMain.aspx_3",
                "infFile": "t33.inf",
                "time": 1627260937228
            }
        ],
        "transactions": [
            {
                "transactionName": "ID500_DW_11_Logout",
                "rawStartTime": 1627260934549,
                "rawEndTime": 1627260937228,
                "thinkTime": 0.0,
                "wastedTime": 0.2343006134033203
            }
        ]
    }
]