[
    {
        "actionName": "Action",
        "steps": [
            {
                "stepId": "STEP1",
                "stepName": "Custom Request: REQ20_WS_EnderecoCota",
                "infFile": "t1.inf",
                "time": 1627667396177
            }
        ],
        "transactions": [
            {
                "transactionName": "REQ20_WS_EnderecoCota",
                "rawStartTime": 1627667374260,
                "rawEndTime": 1627667396203,
                "thinkTime": 0.0,
                "wastedTime": 0.13699936866760255
            }
        ]
    }
]