﻿<?xml version="1.0"?>
<!DOCTYPE Report
[
<!ELEMENT Report (General ,(Doc|BPT)) >
<!ATTLIST Report ver CDATA #REQUIRED tmZone CDATA #REQUIRED>

<!ELEMENT General ( DocLocation ) >
<!ATTLIST General productName CDATA #REQUIRED productVer CDATA #REQUIRED os CDATA #REQUIRED host CDATA #REQUIRED qcserver CDATA #IMPLIED qcproject CDATA #IMPLIED SolManSolutionId CDATA #IMPLIED SolManProjectId CDATA #IMPLIED SolManTestPlanId CDATA #IMPLIED SolManTestPackageId CDATA #IMPLIED SolManUserInfoData CDATA #IMPLIED  >

<!ELEMENT BPT (DName,Res,DVer?,TSet?,TInst?,NodeArgs,AdditionalInfo*,Doc*) >
<!ATTLIST BPT rID ID #REQUIRED >

<!ELEMENT Doc (DName,ConfName?,Res,DVer?,TSet?,TInst?,RunType?,DT?,AdditionalInfo*,Step*,DIter*,Step*,Action*,Doc*,Summary?,TestMaintenanceSummary*,NodeArgs?) >
<!ATTLIST Doc rID ID #REQUIRED type (Test|BC|BPTWrapperTest|Flow|Group|Action) "Test" productName CDATA #REQUIRED BCIter CDATA #IMPLIED >

<!ELEMENT RunType ( #PCDATA )>
<!ATTLIST RunType fmStep (False|True) "False" batch (False|True) "False" upDesc (False|True) "False" upChk (False|True) "False" upAS (False|True) "False">

<!ELEMENT DName ( #PCDATA ) >

<!ELEMENT ConfName ( #PCDATA ) >

<!ELEMENT Res ( #PCDATA ) >

<!ELEMENT AdditionalInfo (AdditionalDataName,AdditionalDataValue ) >

<!ELEMENT AdditionalDataName ( #PCDATA ) >

<!ELEMENT AdditionalDataValue ( #PCDATA ) >

<!ELEMENT DVer ( #PCDATA ) >

<!ELEMENT TSet ( #PCDATA ) >

<!ELEMENT TInst ( #PCDATA ) >

<!ELEMENT DIter (Step*,Action+,Summary?,NodeArgs)>
<!ATTLIST DIter rID ID #REQUIRED iterID CDATA #REQUIRED>

<!ELEMENT DocLocation ( #PCDATA )>

<!ELEMENT Action (AName,AIter*,(Step|HtmlStep|Action)*, Summary,ActionMaintenanceSummary*, NodeArgs ) >
<!ATTLIST Action rID ID #REQUIRED>

<!ELEMENT AIter ((Step|HtmlStep|Action)*,DataMapping?, Summary?,NodeArgs) >
<!ATTLIST AIter rID ID #REQUIRED iterID CDATA #REQUIRED isCountable (False|True) "False" >

<!ELEMENT AName ( #PCDATA ) >

<!ELEMENT TestMaintenanceSummary (ActionMaintenanceSummary*) >
<!ATTLIST TestMaintenanceSummary ObjectsAdded CDATA #REQUIRED ObjectsUpdated CDATA #REQUIRED StepsUpdated CDATA #REQUIRED StepsComments CDATA #REQUIRED><!ELEMENT ActionMaintenanceSummary (ObjectChange* ) >
<!ATTLIST ActionMaintenanceSummary Action CDATA #REQUIRED Objects CDATA #REQUIRED Updated CDATA #REQUIRED LinesTotal CDATA #REQUIRED Added CDATA #REQUIRED LinesUpdated CDATA #REQUIRED>

<!ELEMENT ObjectChange  (Hierarchy, PropertyChangeList* ) >
<!ATTLIST ObjectChange Operation CDATA #IMPLIED OriginalRepository CDATA #IMPLIED>

<!ELEMENT PropertyChangeList (PropertyDef*) >

<!ELEMENT PropertyDef (OriginalValue, NewValue) >
<!ATTLIST PropertyDef PropName CDATA #REQUIRED OriginRegularExpression (True|False) "False" NewRegularExpression (True|False) "False" AddedProperty (True|False) "False" >

<!ELEMENT OriginalValue ( #PCDATA )>

<!ELEMENT NewValue ( #PCDATA )>

<!ELEMENT Hierarchy  (ObjectName, Hierarchy*) >
<!ATTLIST Hierarchy MicClass CDATA #REQUIRED>

<!ELEMENT ObjectName  ( #PCDATA ) >

<!ELEMENT Step (Obj,Details,Time,TimeTick* ,(Step|HtmlStep|Doc)*, DataMapping?, NodeArgs) >
<!ATTLIST Step rID ID #REQUIRED retval CDATA #IMPLIED>

<!ELEMENT HtmlStep (HTML,TimeTick*,(Step|HtmlStep|Doc)*,NodeArgs) >
<!ATTLIST HtmlStep rID ID #REQUIRED >

<!ELEMENT Obj ( #PCDATA ) >
<!ATTLIST Obj plainTxt (False|True) "True">

<!ELEMENT Details ( #PCDATA ) >
<!ATTLIST Details plainTxt (False|True) "True">

<!ELEMENT Time ( #PCDATA ) >

<!ELEMENT HTML ( #PCDATA ) >

<!ELEMENT Disp ( #PCDATA ) >

<!ELEMENT TimeTick ( #PCDATA ) >

<!ELEMENT DataMapping ( DataMappedItem* )>
<!ELEMENT DataMappedItem EMPTY >
<!ATTLIST DataMappedItem dsName CDATA #REQUIRED >
<!ATTLIST DataMappedItem rowId CDATA #REQUIRED >

<!ELEMENT NodeArgs (Disp,TopPane?,BtmPane?,ExtendedInfo? )>
<!ATTLIST NodeArgs eType CDATA #REQUIRED icon CDATA #REQUIRED nRep CDATA #REQUIRED UserNote CDATA #IMPLIED filter (False|True) "True">
<!ATTLIST NodeArgs status (Passed|Failed|Done|Warning|Information) "Done">
<!ATTLIST NodeArgs iconSel CDATA #IMPLIED nType CDATA #IMPLIED MovieMarker CDATA "">
<!ATTLIST NodeArgs Source CDATA #IMPLIED SourceLine CDATA #IMPLIED StepFlowItemKey CDATA #IMPLIED >

<!ELEMENT TopPane (Path)>

<!ELEMENT BtmPane ( (Path|WR)?,ASHilite?)>
<!ATTLIST BtmPane vType CDATA "HTML">

<!ELEMENT Path ( #PCDATA ) >

<!ELEMENT ASHilite ( #PCDATA ) >

<!ELEMENT WR ( #PCDATA ) >

<!ELEMENT ExtendedInfo ( StepData ) >

<!ATTLIST ExtendedInfo StepType CDATA #REQUIRED>
<!ELEMENT DT (NodeArgs) >
<!ATTLIST DT rID ID #REQUIRED>

<!ELEMENT Summary (Param*)>
<!ATTLIST Summary sTime CDATA #IMPLIED eTime CDATA #IMPLIED passed CDATA #IMPLIED failed CDATA #IMPLIED warnings CDATA #IMPLIED retval CDATA #IMPLIED stopped (False|True) "False" >

<!ELEMENT Param (ParamName,ParamVal)+ >
<!ATTLIST Param paramInOut (In|Out) "In">

<!ELEMENT ParamName ( #PCDATA ) >

<!ELEMENT ParamVal ( #PCDATA ) >

]
>
<Report ver="2.0" tmZone="Coordinated Universal Time">
<General productName="Vugen" productVer="2021" os="" host="VMNEWCON060"><DocLocation><![CDATA[S:\GMF_NewCon\Test_Scripts\ID1033_BW_FaseAnalise]]></DocLocation></General>
<Doc rID="T1"   productName= "Vugen"  >
<DName><![CDATA[ID1033_BW_FaseAnalise]]></DName>
<Res><![CDATA[result1]]></Res>
<Action rID="T2">
<AName><![CDATA[vuser_init]]></AName>
<Summary sTime="7/26/2021 - 15:46:06" eTime="7/26/2021 - 15:46:06" passed="0" failed="0" warnings="0" ></Summary>
<NodeArgs eType="StartAction" icon="2" nRep="5" >
<Disp><![CDATA[vuser_init Summary]]></Disp>
</NodeArgs>
</Action>
<DIter rID="T3" iterID="1" >
<Action rID="T4">
<AName><![CDATA[Action]]></AName>
<Step rID="T5">
<Obj plainTxt="False" ><![CDATA[Service: Set Sockets Option]]></Obj>
<Details plainTxt="False" ><![CDATA[<CENTER>Set socket option <STRONG><FONT COLOR=#00AF00>SSL_VERSION</FONT></STRONG> with value <STRONG><FONT COLOR=#00AF00>AUTO</FONT></STRONG></CENTER>]]></Details>
<Time><![CDATA[7/26/2021 - 15:46:07]]></Time>
<TimeTick>1627314367</TimeTick>
<NodeArgs eType="General" icon="4" nRep="9" >
<Disp><![CDATA[Service: Set Sockets Option]]></Disp>
</NodeArgs>
</Step>
<Step rID="T6">
<Obj plainTxt="False" ><![CDATA[Service: Add Cookie]]></Obj>
<Details plainTxt="False" ><![CDATA[<CENTER>Add the following cookie: <STRONG><FONT COLOR=#00AF00>SN_AcessoSiebel=N; DOMAIN=prodnewconweb.gmfinancialdirect.com</FONT></STRONG></CENTER>]]></Details>
<Time><![CDATA[7/26/2021 - 15:46:07]]></Time>
<TimeTick>1627314367</TimeTick>
<NodeArgs eType="General" icon="5" nRep="10" >
<Disp><![CDATA[Service: Add Cookie]]></Disp>
</NodeArgs>
</Step>
<Step rID="T7">
<Obj plainTxt="False" ><![CDATA[Service: Reg Save Param RegExp]]></Obj>
<Details plainTxt="False" ><![CDATA[<CENTER>ParamName = <STRONG><FONT COLOR=#00AF00>c_ViewState</FONT></STRONG><BR>RegExp = <STRONG><FONT COLOR=#00AF00>id="__VIEWSTATE"\ value="(.*?)" /></FONT></STRONG><BR>Instance = <STRONG><FONT COLOR=#00AF00>[param not passed in call]</FONT></STRONG></CENTER>]]></Details>
<Time><![CDATA[7/26/2021 - 15:46:07]]></Time>
<TimeTick>1627314367</TimeTick>
<NodeArgs eType="General" icon="6" nRep="11" >
<Disp><![CDATA[Service: Reg Save Param RegExp]]></Disp>
</NodeArgs>
</Step>
<Step rID="T8">
<Obj plainTxt="False" ><![CDATA[Service: Reg Save Param RegExp]]></Obj>
<Details plainTxt="False" ><![CDATA[<CENTER>ParamName = <STRONG><FONT COLOR=#00AF00>c_EventValidation</FONT></STRONG><BR>RegExp = <STRONG><FONT COLOR=#00AF00>id="__EVENTVALIDATION"\ value="(.*?)" /></FONT></STRONG><BR>Instance = <STRONG><FONT COLOR=#00AF00>[param not passed in call]</FONT></STRONG></CENTER>]]></Details>
<Time><![CDATA[7/26/2021 - 15:46:07]]></Time>
<TimeTick>1627314367</TimeTick>
<NodeArgs eType="General" icon="6" nRep="12" >
<Disp><![CDATA[Service: Reg Save Param RegExp]]></Disp>
</NodeArgs>
</Step>
<Step rID="T9">
<Obj plainTxt="False" ><![CDATA[Url: frmCorCCCnsLogin.aspx]]></Obj>
<Details plainTxt="False" ><![CDATA[<CENTER><STRONG><FONT COLOR=#009A63>Step completed successfully</FONT></STRONG></CENTER>]]></Details>
<Time><![CDATA[7/26/2021 - 15:46:13]]></Time>
<TimeTick>1627314373</TimeTick>
<NodeArgs eType="General" icon="7" nRep="13" status="Passed" >
<Disp><![CDATA[Url: frmCorCCCnsLogin.aspx]]></Disp>
<BtmPane vType="HTMLSNSH" >
<Path><![CDATA[\Iteration1\t3.inf]]></Path>
</BtmPane>
</NodeArgs>
</Step>
<Step rID="T10">
<Obj plainTxt="False" ><![CDATA[Service: Add Cookie]]></Obj>
<Details plainTxt="False" ><![CDATA[<CENTER>Add the following cookie: <STRONG><FONT COLOR=#00AF00>trigger_state=Li1; DOMAIN=prodnewconweb.gmfinancialdirect.com</FONT></STRONG></CENTER>]]></Details>
<Time><![CDATA[7/26/2021 - 15:46:13]]></Time>
<TimeTick>1627314373</TimeTick>
<NodeArgs eType="General" icon="5" nRep="14" >
<Disp><![CDATA[Service: Add Cookie]]></Disp>
</NodeArgs>
</Step>
<Step rID="T11">
<Obj plainTxt="False" ><![CDATA[Service: Reg Save Param RegExp]]></Obj>
<Details plainTxt="False" ><![CDATA[<CENTER>ParamName = <STRONG><FONT COLOR=#00AF00>c_VState</FONT></STRONG><BR>RegExp = <STRONG><FONT COLOR=#00AF00>id="__VSTATE"\ value="(.*?)" /></FONT></STRONG><BR>Instance = <STRONG><FONT COLOR=#00AF00>[param not passed in call]</FONT></STRONG></CENTER>]]></Details>
<Time><![CDATA[7/26/2021 - 15:46:13]]></Time>
<TimeTick>1627314373</TimeTick>
<NodeArgs eType="General" icon="6" nRep="15" >
<Disp><![CDATA[Service: Reg Save Param RegExp]]></Disp>
</NodeArgs>
</Step>
<Step rID="T12">
<Obj plainTxt="False" ><![CDATA[Service: Reg Save Param RegExp]]></Obj>
<Details plainTxt="False" ><![CDATA[<CENTER>ParamName = <STRONG><FONT COLOR=#00AF00>c_EventValidation</FONT></STRONG><BR>RegExp = <STRONG><FONT COLOR=#00AF00>id="__EVENTVALIDATION"\ value="(.*?)" /></FONT></STRONG><BR>Instance = <STRONG><FONT COLOR=#00AF00>[param not passed in call]</FONT></STRONG></CENTER>]]></Details>
<Time><![CDATA[7/26/2021 - 15:46:13]]></Time>
<TimeTick>1627314373</TimeTick>
<NodeArgs eType="General" icon="6" nRep="16" >
<Disp><![CDATA[Service: Reg Save Param RegExp]]></Disp>
</NodeArgs>
</Step>
<Step rID="T13">
<Obj plainTxt="False" ><![CDATA[Submit Data: frmCorCCCnsLogin.aspx_2]]></Obj>
<Details plainTxt="False" ><![CDATA[<CENTER><STRONG><FONT COLOR=#009A63>Step completed successfully</FONT></STRONG></CENTER>]]></Details>
<Time><![CDATA[7/26/2021 - 15:46:19]]></Time>
<TimeTick>1627314379</TimeTick>
<NodeArgs eType="General" icon="8" nRep="17" status="Passed" >
<Disp><![CDATA[Submit Data: frmCorCCCnsLogin.aspx_2]]></Disp>
<BtmPane vType="HTMLSNSH" >
<Path><![CDATA[\Iteration1\t6.inf]]></Path>
</BtmPane>
</NodeArgs>
</Step>
<Step rID="T14">
<Obj plainTxt="False" ><![CDATA[Service: Reg Save Param RegExp]]></Obj>
<Details plainTxt="False" ><![CDATA[<CENTER>ParamName = <STRONG><FONT COLOR=#00AF00>c_VState2</FONT></STRONG><BR>RegExp = <STRONG><FONT COLOR=#00AF00>id="__VSTATE"\ value="(.*?)" /></FONT></STRONG><BR>Instance = <STRONG><FONT COLOR=#00AF00>[param not passed in call]</FONT></STRONG></CENTER>]]></Details>
<Time><![CDATA[7/26/2021 - 15:46:19]]></Time>
<TimeTick>1627314379</TimeTick>
<NodeArgs eType="General" icon="6" nRep="18" >
<Disp><![CDATA[Service: Reg Save Param RegExp]]></Disp>
</NodeArgs>
</Step>
<Step rID="T15">
<Obj plainTxt="False" ><![CDATA[Service: Reg Save Param RegExp]]></Obj>
<Details plainTxt="False" ><![CDATA[<CENTER>ParamName = <STRONG><FONT COLOR=#00AF00>c_EventValidation2</FONT></STRONG><BR>RegExp = <STRONG><FONT COLOR=#00AF00>id="__EVENTVALIDATION"\ value="(.*?)" /></FONT></STRONG><BR>Instance = <STRONG><FONT COLOR=#00AF00>[param not passed in call]</FONT></STRONG></CENTER>]]></Details>
<Time><![CDATA[7/26/2021 - 15:46:19]]></Time>
<TimeTick>1627314379</TimeTick>
<NodeArgs eType="General" icon="6" nRep="19" >
<Disp><![CDATA[Service: Reg Save Param RegExp]]></Disp>
</NodeArgs>
</Step>
<Step rID="T16">
<Obj plainTxt="False" ><![CDATA[Submit Data: frmMain.aspx]]></Obj>
<Details plainTxt="False" ><![CDATA[<CENTER><STRONG><FONT COLOR=#009A63>Step completed successfully</FONT></STRONG></CENTER>]]></Details>
<Time><![CDATA[7/26/2021 - 15:46:22]]></Time>
<TimeTick>1627314382</TimeTick>
<NodeArgs eType="General" icon="8" nRep="20" status="Passed" >
<Disp><![CDATA[Submit Data: frmMain.aspx]]></Disp>
<BtmPane vType="HTMLSNSH" >
<Path><![CDATA[\Iteration1\t9.inf]]></Path>
</BtmPane>
</NodeArgs>
</Step>
<Step rID="T17">
<Obj plainTxt="False" ><![CDATA[Service: Reg Save Param RegExp]]></Obj>
<Details plainTxt="False" ><![CDATA[<CENTER>ParamName = <STRONG><FONT COLOR=#00AF00>c_VState3</FONT></STRONG><BR>RegExp = <STRONG><FONT COLOR=#00AF00>id="__VSTATE"\ value="(.*?)" /></FONT></STRONG><BR>Instance = <STRONG><FONT COLOR=#00AF00>[param not passed in call]</FONT></STRONG></CENTER>]]></Details>
<Time><![CDATA[7/26/2021 - 15:46:22]]></Time>
<TimeTick>1627314382</TimeTick>
<NodeArgs eType="General" icon="6" nRep="21" >
<Disp><![CDATA[Service: Reg Save Param RegExp]]></Disp>
</NodeArgs>
</Step>
<Step rID="T18">
<Obj plainTxt="False" ><![CDATA[Submit Data: frmConAtSrcConsorciado.aspx]]></Obj>
<Details plainTxt="False" ><![CDATA[<CENTER><STRONG><FONT COLOR=#009A63>Step completed successfully</FONT></STRONG></CENTER>]]></Details>
<Time><![CDATA[7/26/2021 - 15:46:30]]></Time>
<TimeTick>1627314390</TimeTick>
<NodeArgs eType="General" icon="8" nRep="22" status="Passed" >
<Disp><![CDATA[Submit Data: frmConAtSrcConsorciado.aspx]]></Disp>
<BtmPane vType="HTMLSNSH" >
<Path><![CDATA[\Iteration1\t11.inf]]></Path>
</BtmPane>
</NodeArgs>
</Step>
<Step rID="T19">
<Obj plainTxt="False" ><![CDATA[Submit Data: frmConAtCnsAtendimento.aspx]]></Obj>
<Details plainTxt="False" ><![CDATA[<CENTER><STRONG><FONT COLOR=#009A63>Step completed successfully</FONT></STRONG></CENTER>]]></Details>
<Time><![CDATA[7/26/2021 - 15:46:37]]></Time>
<TimeTick>1627314397</TimeTick>
<NodeArgs eType="General" icon="8" nRep="23" status="Passed" >
<Disp><![CDATA[Submit Data: frmConAtCnsAtendimento.aspx]]></Disp>
<BtmPane vType="HTMLSNSH" >
<Path><![CDATA[\Iteration1\t12.inf]]></Path>
</BtmPane>
</NodeArgs>
</Step>
<Step rID="T20">
<Obj plainTxt="False" ><![CDATA[Service: Add Cookie]]></Obj>
<Details plainTxt="False" ><![CDATA[<CENTER>Add the following cookie: <STRONG><FONT COLOR=#00AF00>trigger_state=menu_trigger_6; DOMAIN=prodnewconweb.gmfinancialdirect.com</FONT></STRONG></CENTER>]]></Details>
<Time><![CDATA[7/26/2021 - 15:46:38]]></Time>
<TimeTick>1627314398</TimeTick>
<NodeArgs eType="General" icon="5" nRep="24" >
<Disp><![CDATA[Service: Add Cookie]]></Disp>
</NodeArgs>
</Step>
<Step rID="T21">
<Obj plainTxt="False" ><![CDATA[Service: Reg Save Param Attrib]]></Obj>
<Details plainTxt="False" ><![CDATA[<CENTER>ParamName = <STRONG><FONT COLOR=#00AF00>__EVENTVALIDATION</FONT></STRONG><BR>TagName = <STRONG><FONT COLOR=#00AF00>input</FONT></STRONG><BR>Extract = <STRONG><FONT COLOR=#00AF00>value</FONT></STRONG></CENTER>]]></Details>
<Time><![CDATA[7/26/2021 - 15:46:38]]></Time>
<TimeTick>1627314398</TimeTick>
<NodeArgs eType="General" icon="6" nRep="25" >
<Disp><![CDATA[Service: Reg Save Param Attrib]]></Disp>
</NodeArgs>
</Step>
<Step rID="T22">
<Obj plainTxt="False" ><![CDATA[Url: frmMain.aspx_2]]></Obj>
<Details plainTxt="False" ><![CDATA[<CENTER><STRONG><FONT COLOR=#009A63>Step completed successfully</FONT></STRONG></CENTER>]]></Details>
<Time><![CDATA[7/26/2021 - 15:46:41]]></Time>
<TimeTick>1627314401</TimeTick>
<NodeArgs eType="General" icon="7" nRep="26" status="Passed" >
<Disp><![CDATA[Url: frmMain.aspx_2]]></Disp>
<BtmPane vType="HTMLSNSH" >
<Path><![CDATA[\Iteration1\t14.inf]]></Path>
</BtmPane>
</NodeArgs>
</Step>
<Step rID="T23">
<Obj plainTxt="False" ><![CDATA[Submit Data: frmMain.aspx_3]]></Obj>
<Details plainTxt="False" ><![CDATA[<CENTER><STRONG><FONT COLOR=#009A63>Step completed successfully</FONT></STRONG></CENTER>]]></Details>
<Time><![CDATA[7/26/2021 - 15:46:44]]></Time>
<TimeTick>1627314404</TimeTick>
<NodeArgs eType="General" icon="8" nRep="27" status="Passed" >
<Disp><![CDATA[Submit Data: frmMain.aspx_3]]></Disp>
<BtmPane vType="HTMLSNSH" >
<Path><![CDATA[\Iteration1\t15.inf]]></Path>
</BtmPane>
</NodeArgs>
</Step>
<Summary sTime="7/26/2021 - 15:46:07" eTime="7/26/2021 - 15:46:44" passed="7" failed="0" warnings="0" ></Summary>
<NodeArgs eType="StartAction" icon="2" nRep="8" status="Passed" >
<Disp><![CDATA[Action Summary]]></Disp>
</NodeArgs>
</Action>
<NodeArgs eType="StartIteration" icon="3" nRep="7" status="Passed" >
<Disp><![CDATA[ID1033_BW_FaseAnalise Iteration 1 (Row 1)]]></Disp>
</NodeArgs>
</DIter>
<DIter rID="T24" iterID="2" >
<Action rID="T25">
<AName><![CDATA[Action]]></AName>
<Step rID="T26">
<Obj plainTxt="False" ><![CDATA[Service: Set Sockets Option]]></Obj>
<Details plainTxt="False" ><![CDATA[<CENTER>Set socket option <STRONG><FONT COLOR=#00AF00>SSL_VERSION</FONT></STRONG> with value <STRONG><FONT COLOR=#00AF00>AUTO</FONT></STRONG></CENTER>]]></Details>
<Time><![CDATA[7/26/2021 - 15:46:45]]></Time>
<TimeTick>1627314405</TimeTick>
<NodeArgs eType="General" icon="4" nRep="32" >
<Disp><![CDATA[Service: Set Sockets Option]]></Disp>
</NodeArgs>
</Step>
<Step rID="T27">
<Obj plainTxt="False" ><![CDATA[Service: Add Cookie]]></Obj>
<Details plainTxt="False" ><![CDATA[<CENTER>Add the following cookie: <STRONG><FONT COLOR=#00AF00>SN_AcessoSiebel=N; DOMAIN=prodnewconweb.gmfinancialdirect.com</FONT></STRONG></CENTER>]]></Details>
<Time><![CDATA[7/26/2021 - 15:46:45]]></Time>
<TimeTick>1627314405</TimeTick>
<NodeArgs eType="General" icon="5" nRep="33" >
<Disp><![CDATA[Service: Add Cookie]]></Disp>
</NodeArgs>
</Step>
<Step rID="T28">
<Obj plainTxt="False" ><![CDATA[Service: Reg Save Param RegExp]]></Obj>
<Details plainTxt="False" ><![CDATA[<CENTER>ParamName = <STRONG><FONT COLOR=#00AF00>c_ViewState</FONT></STRONG><BR>RegExp = <STRONG><FONT COLOR=#00AF00>id="__VIEWSTATE"\ value="(.*?)" /></FONT></STRONG><BR>Instance = <STRONG><FONT COLOR=#00AF00>[param not passed in call]</FONT></STRONG></CENTER>]]></Details>
<Time><![CDATA[7/26/2021 - 15:46:45]]></Time>
<TimeTick>1627314405</TimeTick>
<NodeArgs eType="General" icon="6" nRep="34" >
<Disp><![CDATA[Service: Reg Save Param RegExp]]></Disp>
</NodeArgs>
</Step>
<Step rID="T29">
<Obj plainTxt="False" ><![CDATA[Service: Reg Save Param RegExp]]></Obj>
<Details plainTxt="False" ><![CDATA[<CENTER>ParamName = <STRONG><FONT COLOR=#00AF00>c_EventValidation</FONT></STRONG><BR>RegExp = <STRONG><FONT COLOR=#00AF00>id="__EVENTVALIDATION"\ value="(.*?)" /></FONT></STRONG><BR>Instance = <STRONG><FONT COLOR=#00AF00>[param not passed in call]</FONT></STRONG></CENTER>]]></Details>
<Time><![CDATA[7/26/2021 - 15:46:45]]></Time>
<TimeTick>1627314405</TimeTick>
<NodeArgs eType="General" icon="6" nRep="35" >
<Disp><![CDATA[Service: Reg Save Param RegExp]]></Disp>
</NodeArgs>
</Step>
<Step rID="T30">
<Obj plainTxt="False" ><![CDATA[Url: frmCorCCCnsLogin.aspx]]></Obj>
<Details plainTxt="False" ><![CDATA[<CENTER><STRONG><FONT COLOR=#009A63>Step completed successfully</FONT></STRONG></CENTER>]]></Details>
<Time><![CDATA[7/26/2021 - 15:46:50]]></Time>
<TimeTick>1627314410</TimeTick>
<NodeArgs eType="General" icon="7" nRep="36" status="Passed" >
<Disp><![CDATA[Url: frmCorCCCnsLogin.aspx]]></Disp>
<BtmPane vType="HTMLSNSH" >
<Path><![CDATA[\Iteration2\t3.inf]]></Path>
</BtmPane>
</NodeArgs>
</Step>
<Step rID="T31">
<Obj plainTxt="False" ><![CDATA[Service: Add Cookie]]></Obj>
<Details plainTxt="False" ><![CDATA[<CENTER>Add the following cookie: <STRONG><FONT COLOR=#00AF00>trigger_state=Li1; DOMAIN=prodnewconweb.gmfinancialdirect.com</FONT></STRONG></CENTER>]]></Details>
<Time><![CDATA[7/26/2021 - 15:46:51]]></Time>
<TimeTick>1627314411</TimeTick>
<NodeArgs eType="General" icon="5" nRep="37" >
<Disp><![CDATA[Service: Add Cookie]]></Disp>
</NodeArgs>
</Step>
<Step rID="T32">
<Obj plainTxt="False" ><![CDATA[Service: Reg Save Param RegExp]]></Obj>
<Details plainTxt="False" ><![CDATA[<CENTER>ParamName = <STRONG><FONT COLOR=#00AF00>c_VState</FONT></STRONG><BR>RegExp = <STRONG><FONT COLOR=#00AF00>id="__VSTATE"\ value="(.*?)" /></FONT></STRONG><BR>Instance = <STRONG><FONT COLOR=#00AF00>[param not passed in call]</FONT></STRONG></CENTER>]]></Details>
<Time><![CDATA[7/26/2021 - 15:46:51]]></Time>
<TimeTick>1627314411</TimeTick>
<NodeArgs eType="General" icon="6" nRep="38" >
<Disp><![CDATA[Service: Reg Save Param RegExp]]></Disp>
</NodeArgs>
</Step>
<Step rID="T33">
<Obj plainTxt="False" ><![CDATA[Service: Reg Save Param RegExp]]></Obj>
<Details plainTxt="False" ><![CDATA[<CENTER>ParamName = <STRONG><FONT COLOR=#00AF00>c_EventValidation</FONT></STRONG><BR>RegExp = <STRONG><FONT COLOR=#00AF00>id="__EVENTVALIDATION"\ value="(.*?)" /></FONT></STRONG><BR>Instance = <STRONG><FONT COLOR=#00AF00>[param not passed in call]</FONT></STRONG></CENTER>]]></Details>
<Time><![CDATA[7/26/2021 - 15:46:51]]></Time>
<TimeTick>1627314411</TimeTick>
<NodeArgs eType="General" icon="6" nRep="39" >
<Disp><![CDATA[Service: Reg Save Param RegExp]]></Disp>
</NodeArgs>
</Step>
<Step rID="T34">
<Obj plainTxt="False" ><![CDATA[Submit Data: frmCorCCCnsLogin.aspx_2]]></Obj>
<Details plainTxt="False" ><![CDATA[<CENTER><STRONG><FONT COLOR=#009A63>Step completed successfully</FONT></STRONG></CENTER>]]></Details>
<Time><![CDATA[7/26/2021 - 15:46:57]]></Time>
<TimeTick>1627314417</TimeTick>
<NodeArgs eType="General" icon="8" nRep="40" status="Passed" >
<Disp><![CDATA[Submit Data: frmCorCCCnsLogin.aspx_2]]></Disp>
<BtmPane vType="HTMLSNSH" >
<Path><![CDATA[\Iteration2\t6.inf]]></Path>
</BtmPane>
</NodeArgs>
</Step>
<Step rID="T35">
<Obj plainTxt="False" ><![CDATA[Service: Reg Save Param RegExp]]></Obj>
<Details plainTxt="False" ><![CDATA[<CENTER>ParamName = <STRONG><FONT COLOR=#00AF00>c_VState2</FONT></STRONG><BR>RegExp = <STRONG><FONT COLOR=#00AF00>id="__VSTATE"\ value="(.*?)" /></FONT></STRONG><BR>Instance = <STRONG><FONT COLOR=#00AF00>[param not passed in call]</FONT></STRONG></CENTER>]]></Details>
<Time><![CDATA[7/26/2021 - 15:46:57]]></Time>
<TimeTick>1627314417</TimeTick>
<NodeArgs eType="General" icon="6" nRep="41" >
<Disp><![CDATA[Service: Reg Save Param RegExp]]></Disp>
</NodeArgs>
</Step>
<Step rID="T36">
<Obj plainTxt="False" ><![CDATA[Service: Reg Save Param RegExp]]></Obj>
<Details plainTxt="False" ><![CDATA[<CENTER>ParamName = <STRONG><FONT COLOR=#00AF00>c_EventValidation2</FONT></STRONG><BR>RegExp = <STRONG><FONT COLOR=#00AF00>id="__EVENTVALIDATION"\ value="(.*?)" /></FONT></STRONG><BR>Instance = <STRONG><FONT COLOR=#00AF00>[param not passed in call]</FONT></STRONG></CENTER>]]></Details>
<Time><![CDATA[7/26/2021 - 15:46:57]]></Time>
<TimeTick>1627314417</TimeTick>
<NodeArgs eType="General" icon="6" nRep="42" >
<Disp><![CDATA[Service: Reg Save Param RegExp]]></Disp>
</NodeArgs>
</Step>
<Step rID="T37">
<Obj plainTxt="False" ><![CDATA[Submit Data: frmMain.aspx]]></Obj>
<Details plainTxt="False" ><![CDATA[<CENTER><STRONG><FONT COLOR=#009A63>Step completed successfully</FONT></STRONG></CENTER>]]></Details>
<Time><![CDATA[7/26/2021 - 15:47:00]]></Time>
<TimeTick>1627314420</TimeTick>
<NodeArgs eType="General" icon="8" nRep="43" status="Passed" >
<Disp><![CDATA[Submit Data: frmMain.aspx]]></Disp>
<BtmPane vType="HTMLSNSH" >
<Path><![CDATA[\Iteration2\t9.inf]]></Path>
</BtmPane>
</NodeArgs>
</Step>
<Step rID="T38">
<Obj plainTxt="False" ><![CDATA[Service: Reg Save Param RegExp]]></Obj>
<Details plainTxt="False" ><![CDATA[<CENTER>ParamName = <STRONG><FONT COLOR=#00AF00>c_VState3</FONT></STRONG><BR>RegExp = <STRONG><FONT COLOR=#00AF00>id="__VSTATE"\ value="(.*?)" /></FONT></STRONG><BR>Instance = <STRONG><FONT COLOR=#00AF00>[param not passed in call]</FONT></STRONG></CENTER>]]></Details>
<Time><![CDATA[7/26/2021 - 15:47:00]]></Time>
<TimeTick>1627314420</TimeTick>
<NodeArgs eType="General" icon="6" nRep="44" >
<Disp><![CDATA[Service: Reg Save Param RegExp]]></Disp>
</NodeArgs>
</Step>
<Step rID="T39">
<Obj plainTxt="False" ><![CDATA[Submit Data: frmConAtSrcConsorciado.aspx]]></Obj>
<Details plainTxt="False" ><![CDATA[<CENTER><STRONG><FONT COLOR=#009A63>Step completed successfully</FONT></STRONG></CENTER>]]></Details>
<Time><![CDATA[7/26/2021 - 15:47:08]]></Time>
<TimeTick>1627314428</TimeTick>
<NodeArgs eType="General" icon="8" nRep="45" status="Passed" >
<Disp><![CDATA[Submit Data: frmConAtSrcConsorciado.aspx]]></Disp>
<BtmPane vType="HTMLSNSH" >
<Path><![CDATA[\Iteration2\t11.inf]]></Path>
</BtmPane>
</NodeArgs>
</Step>
<Step rID="T40">
<Obj plainTxt="False" ><![CDATA[Submit Data: frmConAtCnsAtendimento.aspx]]></Obj>
<Details plainTxt="False" ><![CDATA[<CENTER><STRONG><FONT COLOR=#009A63>Step completed successfully</FONT></STRONG></CENTER>]]></Details>
<Time><![CDATA[7/26/2021 - 15:47:11]]></Time>
<TimeTick>1627314431</TimeTick>
<NodeArgs eType="General" icon="8" nRep="46" status="Passed" >
<Disp><![CDATA[Submit Data: frmConAtCnsAtendimento.aspx]]></Disp>
<BtmPane vType="HTMLSNSH" >
<Path><![CDATA[\Iteration2\t12.inf]]></Path>
</BtmPane>
</NodeArgs>
</Step>
<Step rID="T41">
<Obj plainTxt="False" ><![CDATA[Service: Add Cookie]]></Obj>
<Details plainTxt="False" ><![CDATA[<CENTER>Add the following cookie: <STRONG><FONT COLOR=#00AF00>trigger_state=menu_trigger_6; DOMAIN=prodnewconweb.gmfinancialdirect.com</FONT></STRONG></CENTER>]]></Details>
<Time><![CDATA[7/26/2021 - 15:47:12]]></Time>
<TimeTick>1627314432</TimeTick>
<NodeArgs eType="General" icon="5" nRep="47" >
<Disp><![CDATA[Service: Add Cookie]]></Disp>
</NodeArgs>
</Step>
<Step rID="T42">
<Obj plainTxt="False" ><![CDATA[Service: Reg Save Param Attrib]]></Obj>
<Details plainTxt="False" ><![CDATA[<CENTER>ParamName = <STRONG><FONT COLOR=#00AF00>__EVENTVALIDATION</FONT></STRONG><BR>TagName = <STRONG><FONT COLOR=#00AF00>input</FONT></STRONG><BR>Extract = <STRONG><FONT COLOR=#00AF00>value</FONT></STRONG></CENTER>]]></Details>
<Time><![CDATA[7/26/2021 - 15:47:12]]></Time>
<TimeTick>1627314432</TimeTick>
<NodeArgs eType="General" icon="6" nRep="48" >
<Disp><![CDATA[Service: Reg Save Param Attrib]]></Disp>
</NodeArgs>
</Step>
<Step rID="T43">
<Obj plainTxt="False" ><![CDATA[Url: frmMain.aspx_2]]></Obj>
<Details plainTxt="False" ><![CDATA[<CENTER><STRONG><FONT COLOR=#009A63>Step completed successfully</FONT></STRONG></CENTER>]]></Details>
<Time><![CDATA[7/26/2021 - 15:47:15]]></Time>
<TimeTick>1627314435</TimeTick>
<NodeArgs eType="General" icon="7" nRep="49" status="Passed" >
<Disp><![CDATA[Url: frmMain.aspx_2]]></Disp>
<BtmPane vType="HTMLSNSH" >
<Path><![CDATA[\Iteration2\t14.inf]]></Path>
</BtmPane>
</NodeArgs>
</Step>
<Step rID="T44">
<Obj plainTxt="False" ><![CDATA[Submit Data: frmMain.aspx_3]]></Obj>
<Details plainTxt="False" ><![CDATA[<CENTER><STRONG><FONT COLOR=#009A63>Step completed successfully</FONT></STRONG></CENTER>]]></Details>
<Time><![CDATA[7/26/2021 - 15:47:18]]></Time>
<TimeTick>1627314438</TimeTick>
<NodeArgs eType="General" icon="8" nRep="50" status="Passed" >
<Disp><![CDATA[Submit Data: frmMain.aspx_3]]></Disp>
<BtmPane vType="HTMLSNSH" >
<Path><![CDATA[\Iteration2\t15.inf]]></Path>
</BtmPane>
</NodeArgs>
</Step>
<Summary sTime="7/26/2021 - 15:46:45" eTime="7/26/2021 - 15:47:18" passed="7" failed="0" warnings="0" ></Summary>
<NodeArgs eType="StartAction" icon="2" nRep="31" status="Passed" >
<Disp><![CDATA[Action Summary]]></Disp>
</NodeArgs>
</Action>
<NodeArgs eType="StartIteration" icon="3" nRep="30" status="Passed" >
<Disp><![CDATA[ID1033_BW_FaseAnalise Iteration 2 (Row 2)]]></Disp>
</NodeArgs>
</DIter>
<DIter rID="T45" iterID="3" >
<Action rID="T46">
<AName><![CDATA[Action]]></AName>
<Step rID="T47">
<Obj plainTxt="False" ><![CDATA[Service: Set Sockets Option]]></Obj>
<Details plainTxt="False" ><![CDATA[<CENTER>Set socket option <STRONG><FONT COLOR=#00AF00>SSL_VERSION</FONT></STRONG> with value <STRONG><FONT COLOR=#00AF00>AUTO</FONT></STRONG></CENTER>]]></Details>
<Time><![CDATA[7/26/2021 - 15:47:18]]></Time>
<TimeTick>1627314438</TimeTick>
<NodeArgs eType="General" icon="4" nRep="55" >
<Disp><![CDATA[Service: Set Sockets Option]]></Disp>
</NodeArgs>
</Step>
<Step rID="T48">
<Obj plainTxt="False" ><![CDATA[Service: Add Cookie]]></Obj>
<Details plainTxt="False" ><![CDATA[<CENTER>Add the following cookie: <STRONG><FONT COLOR=#00AF00>SN_AcessoSiebel=N; DOMAIN=prodnewconweb.gmfinancialdirect.com</FONT></STRONG></CENTER>]]></Details>
<Time><![CDATA[7/26/2021 - 15:47:19]]></Time>
<TimeTick>1627314439</TimeTick>
<NodeArgs eType="General" icon="5" nRep="56" >
<Disp><![CDATA[Service: Add Cookie]]></Disp>
</NodeArgs>
</Step>
<Step rID="T49">
<Obj plainTxt="False" ><![CDATA[Service: Reg Save Param RegExp]]></Obj>
<Details plainTxt="False" ><![CDATA[<CENTER>ParamName = <STRONG><FONT COLOR=#00AF00>c_ViewState</FONT></STRONG><BR>RegExp = <STRONG><FONT COLOR=#00AF00>id="__VIEWSTATE"\ value="(.*?)" /></FONT></STRONG><BR>Instance = <STRONG><FONT COLOR=#00AF00>[param not passed in call]</FONT></STRONG></CENTER>]]></Details>
<Time><![CDATA[7/26/2021 - 15:47:19]]></Time>
<TimeTick>1627314439</TimeTick>
<NodeArgs eType="General" icon="6" nRep="57" >
<Disp><![CDATA[Service: Reg Save Param RegExp]]></Disp>
</NodeArgs>
</Step>
<Step rID="T50">
<Obj plainTxt="False" ><![CDATA[Service: Reg Save Param RegExp]]></Obj>
<Details plainTxt="False" ><![CDATA[<CENTER>ParamName = <STRONG><FONT COLOR=#00AF00>c_EventValidation</FONT></STRONG><BR>RegExp = <STRONG><FONT COLOR=#00AF00>id="__EVENTVALIDATION"\ value="(.*?)" /></FONT></STRONG><BR>Instance = <STRONG><FONT COLOR=#00AF00>[param not passed in call]</FONT></STRONG></CENTER>]]></Details>
<Time><![CDATA[7/26/2021 - 15:47:19]]></Time>
<TimeTick>1627314439</TimeTick>
<NodeArgs eType="General" icon="6" nRep="58" >
<Disp><![CDATA[Service: Reg Save Param RegExp]]></Disp>
</NodeArgs>
</Step>
<Step rID="T51">
<Obj plainTxt="False" ><![CDATA[Url: frmCorCCCnsLogin.aspx]]></Obj>
<Details plainTxt="False" ><![CDATA[<CENTER><STRONG><FONT COLOR=#009A63>Step completed successfully</FONT></STRONG></CENTER>]]></Details>
<Time><![CDATA[7/26/2021 - 15:47:24]]></Time>
<TimeTick>1627314444</TimeTick>
<NodeArgs eType="General" icon="7" nRep="59" status="Passed" >
<Disp><![CDATA[Url: frmCorCCCnsLogin.aspx]]></Disp>
<BtmPane vType="HTMLSNSH" >
<Path><![CDATA[\Iteration3\t3.inf]]></Path>
</BtmPane>
</NodeArgs>
</Step>
<Step rID="T52">
<Obj plainTxt="False" ><![CDATA[Service: Add Cookie]]></Obj>
<Details plainTxt="False" ><![CDATA[<CENTER>Add the following cookie: <STRONG><FONT COLOR=#00AF00>trigger_state=Li1; DOMAIN=prodnewconweb.gmfinancialdirect.com</FONT></STRONG></CENTER>]]></Details>
<Time><![CDATA[7/26/2021 - 15:47:25]]></Time>
<TimeTick>1627314445</TimeTick>
<NodeArgs eType="General" icon="5" nRep="60" >
<Disp><![CDATA[Service: Add Cookie]]></Disp>
</NodeArgs>
</Step>
<Step rID="T53">
<Obj plainTxt="False" ><![CDATA[Service: Reg Save Param RegExp]]></Obj>
<Details plainTxt="False" ><![CDATA[<CENTER>ParamName = <STRONG><FONT COLOR=#00AF00>c_VState</FONT></STRONG><BR>RegExp = <STRONG><FONT COLOR=#00AF00>id="__VSTATE"\ value="(.*?)" /></FONT></STRONG><BR>Instance = <STRONG><FONT COLOR=#00AF00>[param not passed in call]</FONT></STRONG></CENTER>]]></Details>
<Time><![CDATA[7/26/2021 - 15:47:25]]></Time>
<TimeTick>1627314445</TimeTick>
<NodeArgs eType="General" icon="6" nRep="61" >
<Disp><![CDATA[Service: Reg Save Param RegExp]]></Disp>
</NodeArgs>
</Step>
<Step rID="T54">
<Obj plainTxt="False" ><![CDATA[Service: Reg Save Param RegExp]]></Obj>
<Details plainTxt="False" ><![CDATA[<CENTER>ParamName = <STRONG><FONT COLOR=#00AF00>c_EventValidation</FONT></STRONG><BR>RegExp = <STRONG><FONT COLOR=#00AF00>id="__EVENTVALIDATION"\ value="(.*?)" /></FONT></STRONG><BR>Instance = <STRONG><FONT COLOR=#00AF00>[param not passed in call]</FONT></STRONG></CENTER>]]></Details>
<Time><![CDATA[7/26/2021 - 15:47:25]]></Time>
<TimeTick>1627314445</TimeTick>
<NodeArgs eType="General" icon="6" nRep="62" >
<Disp><![CDATA[Service: Reg Save Param RegExp]]></Disp>
</NodeArgs>
</Step>
<Step rID="T55">
<Obj plainTxt="False" ><![CDATA[Submit Data: frmCorCCCnsLogin.aspx_2]]></Obj>
<Details plainTxt="False" ><![CDATA[<CENTER><STRONG><FONT COLOR=#009A63>Step completed successfully</FONT></STRONG></CENTER>]]></Details>
<Time><![CDATA[7/26/2021 - 15:47:31]]></Time>
<TimeTick>1627314451</TimeTick>
<NodeArgs eType="General" icon="8" nRep="63" status="Passed" >
<Disp><![CDATA[Submit Data: frmCorCCCnsLogin.aspx_2]]></Disp>
<BtmPane vType="HTMLSNSH" >
<Path><![CDATA[\Iteration3\t6.inf]]></Path>
</BtmPane>
</NodeArgs>
</Step>
<Step rID="T56">
<Obj plainTxt="False" ><![CDATA[Service: Reg Save Param RegExp]]></Obj>
<Details plainTxt="False" ><![CDATA[<CENTER>ParamName = <STRONG><FONT COLOR=#00AF00>c_VState2</FONT></STRONG><BR>RegExp = <STRONG><FONT COLOR=#00AF00>id="__VSTATE"\ value="(.*?)" /></FONT></STRONG><BR>Instance = <STRONG><FONT COLOR=#00AF00>[param not passed in call]</FONT></STRONG></CENTER>]]></Details>
<Time><![CDATA[7/26/2021 - 15:47:31]]></Time>
<TimeTick>1627314451</TimeTick>
<NodeArgs eType="General" icon="6" nRep="64" >
<Disp><![CDATA[Service: Reg Save Param RegExp]]></Disp>
</NodeArgs>
</Step>
<Step rID="T57">
<Obj plainTxt="False" ><![CDATA[Service: Reg Save Param RegExp]]></Obj>
<Details plainTxt="False" ><![CDATA[<CENTER>ParamName = <STRONG><FONT COLOR=#00AF00>c_EventValidation2</FONT></STRONG><BR>RegExp = <STRONG><FONT COLOR=#00AF00>id="__EVENTVALIDATION"\ value="(.*?)" /></FONT></STRONG><BR>Instance = <STRONG><FONT COLOR=#00AF00>[param not passed in call]</FONT></STRONG></CENTER>]]></Details>
<Time><![CDATA[7/26/2021 - 15:47:31]]></Time>
<TimeTick>1627314451</TimeTick>
<NodeArgs eType="General" icon="6" nRep="65" >
<Disp><![CDATA[Service: Reg Save Param RegExp]]></Disp>
</NodeArgs>
</Step>
<Step rID="T58">
<Obj plainTxt="False" ><![CDATA[Submit Data: frmMain.aspx]]></Obj>
<Details plainTxt="False" ><![CDATA[<CENTER><STRONG><FONT COLOR=#009A63>Step completed successfully</FONT></STRONG></CENTER>]]></Details>
<Time><![CDATA[7/26/2021 - 15:47:34]]></Time>
<TimeTick>1627314454</TimeTick>
<NodeArgs eType="General" icon="8" nRep="66" status="Passed" >
<Disp><![CDATA[Submit Data: frmMain.aspx]]></Disp>
<BtmPane vType="HTMLSNSH" >
<Path><![CDATA[\Iteration3\t9.inf]]></Path>
</BtmPane>
</NodeArgs>
</Step>
<Step rID="T59">
<Obj plainTxt="False" ><![CDATA[Service: Reg Save Param RegExp]]></Obj>
<Details plainTxt="False" ><![CDATA[<CENTER>ParamName = <STRONG><FONT COLOR=#00AF00>c_VState3</FONT></STRONG><BR>RegExp = <STRONG><FONT COLOR=#00AF00>id="__VSTATE"\ value="(.*?)" /></FONT></STRONG><BR>Instance = <STRONG><FONT COLOR=#00AF00>[param not passed in call]</FONT></STRONG></CENTER>]]></Details>
<Time><![CDATA[7/26/2021 - 15:47:35]]></Time>
<TimeTick>1627314455</TimeTick>
<NodeArgs eType="General" icon="6" nRep="67" >
<Disp><![CDATA[Service: Reg Save Param RegExp]]></Disp>
</NodeArgs>
</Step>
<Step rID="T60">
<Obj plainTxt="False" ><![CDATA[Submit Data: frmConAtSrcConsorciado.aspx]]></Obj>
<Details plainTxt="False" ><![CDATA[<CENTER><STRONG><FONT COLOR=#009A63>Step completed successfully</FONT></STRONG></CENTER>]]></Details>
<Time><![CDATA[7/26/2021 - 15:47:43]]></Time>
<TimeTick>1627314463</TimeTick>
<NodeArgs eType="General" icon="8" nRep="68" status="Passed" >
<Disp><![CDATA[Submit Data: frmConAtSrcConsorciado.aspx]]></Disp>
<BtmPane vType="HTMLSNSH" >
<Path><![CDATA[\Iteration3\t11.inf]]></Path>
</BtmPane>
</NodeArgs>
</Step>
<Step rID="T61">
<Obj plainTxt="False" ><![CDATA[Submit Data: frmConAtCnsAtendimento.aspx]]></Obj>
<Details plainTxt="False" ><![CDATA[<CENTER><STRONG><FONT COLOR=#009A63>Step completed successfully</FONT></STRONG></CENTER>]]></Details>
<Time><![CDATA[7/26/2021 - 15:47:48]]></Time>
<TimeTick>1627314468</TimeTick>
<NodeArgs eType="General" icon="8" nRep="69" status="Passed" >
<Disp><![CDATA[Submit Data: frmConAtCnsAtendimento.aspx]]></Disp>
<BtmPane vType="HTMLSNSH" >
<Path><![CDATA[\Iteration3\t12.inf]]></Path>
</BtmPane>
</NodeArgs>
</Step>
<Step rID="T62">
<Obj plainTxt="False" ><![CDATA[Service: Add Cookie]]></Obj>
<Details plainTxt="False" ><![CDATA[<CENTER>Add the following cookie: <STRONG><FONT COLOR=#00AF00>trigger_state=menu_trigger_6; DOMAIN=prodnewconweb.gmfinancialdirect.com</FONT></STRONG></CENTER>]]></Details>
<Time><![CDATA[7/26/2021 - 15:47:49]]></Time>
<TimeTick>1627314469</TimeTick>
<NodeArgs eType="General" icon="5" nRep="70" >
<Disp><![CDATA[Service: Add Cookie]]></Disp>
</NodeArgs>
</Step>
<Step rID="T63">
<Obj plainTxt="False" ><![CDATA[Service: Reg Save Param Attrib]]></Obj>
<Details plainTxt="False" ><![CDATA[<CENTER>ParamName = <STRONG><FONT COLOR=#00AF00>__EVENTVALIDATION</FONT></STRONG><BR>TagName = <STRONG><FONT COLOR=#00AF00>input</FONT></STRONG><BR>Extract = <STRONG><FONT COLOR=#00AF00>value</FONT></STRONG></CENTER>]]></Details>
<Time><![CDATA[7/26/2021 - 15:47:49]]></Time>
<TimeTick>1627314469</TimeTick>
<NodeArgs eType="General" icon="6" nRep="71" >
<Disp><![CDATA[Service: Reg Save Param Attrib]]></Disp>
</NodeArgs>
</Step>
<Step rID="T64">
<Obj plainTxt="False" ><![CDATA[Url: frmMain.aspx_2]]></Obj>
<Details plainTxt="False" ><![CDATA[<CENTER><STRONG><FONT COLOR=#009A63>Step completed successfully</FONT></STRONG></CENTER>]]></Details>
<Time><![CDATA[7/26/2021 - 15:47:52]]></Time>
<TimeTick>1627314472</TimeTick>
<NodeArgs eType="General" icon="7" nRep="72" status="Passed" >
<Disp><![CDATA[Url: frmMain.aspx_2]]></Disp>
<BtmPane vType="HTMLSNSH" >
<Path><![CDATA[\Iteration3\t14.inf]]></Path>
</BtmPane>
</NodeArgs>
</Step>
<Step rID="T65">
<Obj plainTxt="False" ><![CDATA[Submit Data: frmMain.aspx_3]]></Obj>
<Details plainTxt="False" ><![CDATA[<CENTER><STRONG><FONT COLOR=#009A63>Step completed successfully</FONT></STRONG></CENTER>]]></Details>
<Time><![CDATA[7/26/2021 - 15:47:56]]></Time>
<TimeTick>1627314476</TimeTick>
<NodeArgs eType="General" icon="8" nRep="73" status="Passed" >
<Disp><![CDATA[Submit Data: frmMain.aspx_3]]></Disp>
<BtmPane vType="HTMLSNSH" >
<Path><![CDATA[\Iteration3\t15.inf]]></Path>
</BtmPane>
</NodeArgs>
</Step>
<Summary sTime="7/26/2021 - 15:47:18" eTime="7/26/2021 - 15:47:56" passed="7" failed="0" warnings="0" ></Summary>
<NodeArgs eType="StartAction" icon="2" nRep="54" status="Passed" >
<Disp><![CDATA[Action Summary]]></Disp>
</NodeArgs>
</Action>
<NodeArgs eType="StartIteration" icon="3" nRep="53" status="Passed" >
<Disp><![CDATA[ID1033_BW_FaseAnalise Iteration 3 (Row 3)]]></Disp>
</NodeArgs>
</DIter>
<Action rID="T66">
<AName><![CDATA[vuser_end]]></AName>
<Summary sTime="7/26/2021 - 15:47:56" eTime="7/26/2021 - 15:47:56" passed="0" failed="0" warnings="0" ></Summary>
<NodeArgs eType="StartAction" icon="2" nRep="76" >
<Disp><![CDATA[vuser_end Summary]]></Disp>
</NodeArgs>
</Action>
<Summary sTime="7/26/2021 - 15:46:04" eTime="7/26/2021 - 15:48:00" passed="21" failed="0" warnings="0" ></Summary>
<NodeArgs eType="StartTest" icon="1" nRep="4" status="Passed" >
<Disp><![CDATA[Test ID1033_BW_FaseAnalise Summary]]></Disp>
</NodeArgs>
</Doc>
</Report>