[
    {
        "actionName": "Action",
        "steps": [
            {
                "stepId": "STEP1",
                "stepName": "Url: frmCorCCCnsLogin.aspx",
                "infFile": "t3.inf",
                "time": 1627314050982
            },
            {
                "stepId": "STEP2",
                "stepName": "Submit Data: frmCorCCCnsLogin.aspx_2",
                "infFile": "t5.inf",
                "time": 1627314066803
            },
            {
                "stepId": "STEP3",
                "stepName": "Url: frmMain.aspx",
                "infFile": "t6.inf",
                "time": 1627314077460
            },
            {
                "stepId": "STEP4",
                "stepName": "Url: frmMainMenu.aspx",
                "infFile": "t7.inf",
                "time": 1627314089809
            },
            {
                "stepId": "STEP5",
                "stepName": "Link: Posição do Consorciado",
                "infFile": "t10.inf",
                "time": 1627314104105
            },
            {
                "stepId": "STEP6",
                "stepName": "Submit Data: frmConAtSrcConsorciado.aspx",
                "infFile": "t12.inf",
                "time": 1627314122675
            },
            {
                "stepId": "STEP7",
                "stepName": "Url: frmConCpCadCredenciamentoLance.aspx",
                "infFile": "t17.inf",
                "time": 1627314148299
            },
            {
                "stepId": "STEP8",
                "stepName": "Submit Data: frmConCpCadCredenciamentoLance.aspx_2",
                "infFile": "t19.inf",
                "time": 1627314166256
            },
            {
                "stepId": "STEP9",
                "stepName": "Submit Data: frmConCpCadCredenciamentoLance.aspx_3",
                "infFile": "t21.inf",
                "time": 1627314187758
            },
            {
                "stepId": "STEP10",
                "stepName": "Submit Data: frmConCpCadCredenciamentoLance.aspx_4",
                "infFile": "t22.inf",
                "time": 1627314194523
            },
            {
                "stepId": "STEP11",
                "stepName": "Url: frmConCpCadCredenciamentoLance.aspx_5",
                "infFile": "t25.inf",
                "time": 1627314212705
            },
            {
                "stepId": "STEP12",
                "stepName": "Url: frmConCmNewconReports.aspx",
                "infFile": "t26.inf",
                "time": 1627314215157
            },
            {
                "stepId": "STEP13",
                "stepName": "Url: frmConCmNewconReports.aspx_2",
                "infFile": "t27.inf",
                "time": 1627314218554
            },
            {
                "stepId": "STEP14",
                "stepName": "Submit Data: frmConCmNewconReports.aspx_3",
                "infFile": "t28.inf",
                "time": 1627314237877
            },
            {
                "stepId": "STEP15",
                "stepName": "Url: frmMain.aspx_2",
                "infFile": "t31.inf",
                "time": 1627314251507
            },
            {
                "stepId": "STEP16",
                "stepName": "Submit Data: frmMain.aspx_3",
                "infFile": "t32.inf",
                "time": 1627314263533
            }
        ],
        "transactions": [
            {
                "transactionName": "ID500_BW_01_LoadURL",
                "rawStartTime": 1627314041988,
                "rawEndTime": 1627314050984,
                "thinkTime": 0.0,
                "wastedTime": 2.6184988021850588
            },
            {
                "transactionName": "ID500_BW_02_Login",
                "rawStartTime": 1627314051105,
                "rawEndTime": 1627314066805,
                "thinkTime": 0.0,
                "wastedTime": 7.262721538543701
            },
            {
                "transactionName": "ID500_BW_03_MenuAtendimento",
                "rawStartTime": 1627314066922,
                "rawEndTime": 1627314089811,
                "thinkTime": 0.0,
                "wastedTime": 10.0131356716156
            },
            {
                "transactionName": "ID500_BW_04_MenuPosicao",
                "rawStartTime": 1627314089960,
                "rawEndTime": 1627314104107,
                "thinkTime": 0.0,
                "wastedTime": 6.965864181518555
            },
            {
                "transactionName": "ID500_BW_05_LocalizarConsorciado",
                "rawStartTime": 1627314104224,
                "rawEndTime": 1627314122677,
                "thinkTime": 0.0,
                "wastedTime": 5.517019510269165
            },
            {
                "transactionName": "ID500_BW_06_MenuOfertaLance",
                "rawStartTime": 1627314122815,
                "rawEndTime": 1627314166258,
                "thinkTime": 0.0,
                "wastedTime": 18.120866060256959
            },
            {
                "transactionName": "ID500_BW_07_SimularLance",
                "rawStartTime": 1627314166412,
                "rawEndTime": 1627314187760,
                "thinkTime": 0.0,
                "wastedTime": 10.386801719665528
            },
            {
                "transactionName": "ID500_BW_08_ConfirmarLance",
                "rawStartTime": 1627314187871,
                "rawEndTime": 1627314218556,
                "thinkTime": 0.0,
                "wastedTime": 5.282494783401489
            },
            {
                "transactionName": "ID500_BW_09_VoltarParaOferta",
                "rawStartTime": 1627314218697,
                "rawEndTime": 1627314237879,
                "thinkTime": 0.0,
                "wastedTime": 6.9121787548065189
            },
            {
                "transactionName": "ID500_BW_10_VoltarAoInicio",
                "rawStartTime": 1627314238039,
                "rawEndTime": 1627314251509,
                "thinkTime": 0.0,
                "wastedTime": 4.650262355804443
            },
            {
                "transactionName": "ID500_BW_11_Logout",
                "rawStartTime": 1627314251616,
                "rawEndTime": 1627314263536,
                "thinkTime": 0.0,
                "wastedTime": 4.458132743835449
            }
        ]
    }
]