[
    {
        "actionName": "Action",
        "steps": [
            {
                "stepId": "STEP1",
                "stepName": "Url: frmCorCCCnsLogin.aspx",
                "infFile": "t3.inf",
                "time": 1627314373224
            },
            {
                "stepId": "STEP2",
                "stepName": "Submit Data: frmCorCCCnsLogin.aspx_2",
                "infFile": "t6.inf",
                "time": 1627314379538
            },
            {
                "stepId": "STEP3",
                "stepName": "Submit Data: frmMain.aspx",
                "infFile": "t9.inf",
                "time": 1627314382702
            },
            {
                "stepId": "STEP4",
                "stepName": "Submit Data: frmConAtSrcConsorciado.aspx",
                "infFile": "t11.inf",
                "time": 1627314390286
            },
            {
                "stepId": "STEP5",
                "stepName": "Submit Data: frmConAtCnsAtendimento.aspx",
                "infFile": "t12.inf",
                "time": 1627314397964
            },
            {
                "stepId": "STEP6",
                "stepName": "Url: frmMain.aspx_2",
                "infFile": "t14.inf",
                "time": 1627314401598
            },
            {
                "stepId": "STEP7",
                "stepName": "Submit Data: frmMain.aspx_3",
                "infFile": "t15.inf",
                "time": 1627314404545
            }
        ],
        "transactions": [
            {
                "transactionName": "ID1033_BW_01_LoadURL",
                "rawStartTime": 1627314367497,
                "rawEndTime": 1627314373226,
                "thinkTime": 0.0,
                "wastedTime": 2.0399580001831056
            },
            {
                "transactionName": "ID1033_BW_02_Login",
                "rawStartTime": 1627314373363,
                "rawEndTime": 1627314379540,
                "thinkTime": 0.0,
                "wastedTime": 1.2387731075286866
            },
            {
                "transactionName": "ID1033_BW_03_Atendimento",
                "rawStartTime": 1627314379676,
                "rawEndTime": 1627314382704,
                "thinkTime": 0.0,
                "wastedTime": 0.3093447685241699
            },
            {
                "transactionName": "ID1033_BW_04_LocalizarConsorciado",
                "rawStartTime": 1627314382844,
                "rawEndTime": 1627314390287,
                "thinkTime": 0.0,
                "wastedTime": 0.6179347038269043
            },
            {
                "transactionName": "ID1033_BW_05_FaseAnalise",
                "rawStartTime": 1627314390432,
                "rawEndTime": 1627314397966,
                "thinkTime": 0.0,
                "wastedTime": 0.2753262519836426
            },
            {
                "transactionName": "ID1033_BW_06_Sistema",
                "rawStartTime": 1627314398114,
                "rawEndTime": 1627314401600,
                "thinkTime": 0.0,
                "wastedTime": 0.45372796058654787
            },
            {
                "transactionName": "ID1033_BW_07_Logout",
                "rawStartTime": 1627314401800,
                "rawEndTime": 1627314404547,
                "thinkTime": 0.0,
                "wastedTime": 0.2532005310058594
            }
        ]
    }
]