[
    {
        "actionName": "Action",
        "steps": [
            {
                "stepId": "STEP29",
                "stepName": "Url: frmMain.aspx",
                "infFile": "t6.inf",
                "time": 1627260528119
            },
            {
                "stepId": "STEP30",
                "stepName": "Url: frmMainMenu.aspx",
                "infFile": "t7.inf",
                "time": 1627260530485
            },
            {
                "stepId": "STEP31",
                "stepName": "Url: frmConAtSrcConsorciado.aspx",
                "infFile": "t10.inf",
                "time": 1627260533535
            },
            {
                "stepId": "STEP32",
                "stepName": "Submit Data: frmConAtSrcConsorciado.aspx_2",
                "infFile": "t12.inf",
                "time": 1627260540217
            },
            {
                "stepId": "STEP33",
                "stepName": "Url: Oferta de Lance",
                "infFile": "t17.inf",
                "time": 1627260546390
            },
            {
                "stepId": "STEP34",
                "stepName": "Submit Data: frmConCpCadCredenciamentoLance.aspx",
                "infFile": "t19.inf",
                "time": 1627260548797
            },
            {
                "stepId": "STEP35",
                "stepName": "Submit Data: frmConCpCadCredenciamentoLance.aspx_2",
                "infFile": "t21.inf",
                "time": 1627260550716
            },
            {
                "stepId": "STEP36",
                "stepName": "Submit Data: frmConCpCadCredenciamentoLance.aspx_3",
                "infFile": "t23.inf",
                "time": 1627260553742
            },
            {
                "stepId": "STEP37",
                "stepName": "Submit Data: frmConCpCadCredenciamentoLance.aspx_4",
                "infFile": "t24.inf",
                "time": 1627260556757
            },
            {
                "stepId": "STEP38",
                "stepName": "Url: frmConCpCadCredenciamentoLance.aspx_5",
                "infFile": "t27.inf",
                "time": 1627260566223
            },
            {
                "stepId": "STEP39",
                "stepName": "Url: frmConCmNewconReports.aspx_2",
                "infFile": "t28.inf",
                "time": 1627260569321
            },
            {
                "stepId": "STEP40",
                "stepName": "Submit Data: frmConCmNewconReports.aspx_8",
                "infFile": "t29.inf",
                "time": 1627260579306
            },
            {
                "stepId": "STEP41",
                "stepName": "Url: frmMain.aspx_2",
                "infFile": "t32.inf",
                "time": 1627260581482
            }
        ],
        "transactions": [
            {
                "transactionName": "ID500_DW_03_MenuAtendimento",
                "rawStartTime": 1627260526809,
                "rawEndTime": 1627260530501,
                "thinkTime": 0.0,
                "wastedTime": 0.2614765167236328
            },
            {
                "transactionName": "ID500_DW_04_MenuPosicao",
                "rawStartTime": 1627260530532,
                "rawEndTime": 1627260533548,
                "thinkTime": 0.0,
                "wastedTime": 0.18111681938171388
            },
            {
                "transactionName": "ID500_DW_05_LocalizarConsorciado",
                "rawStartTime": 1627260533579,
                "rawEndTime": 1627260540224,
                "thinkTime": 0.0,
                "wastedTime": 0.22343158721923829
            },
            {
                "transactionName": "ID500_DW_06_MenuOfertaLance",
                "rawStartTime": 1627260540255,
                "rawEndTime": 1627260546401,
                "thinkTime": 0.0,
                "wastedTime": 0.19821405410766602
            },
            {
                "transactionName": "ID500_DW_07_SimularLance",
                "rawStartTime": 1627260546432,
                "rawEndTime": 1627260553745,
                "thinkTime": 0.0,
                "wastedTime": 0.4859471321105957
            },
            {
                "transactionName": "ID500_DW_08_ConfirmarLance",
                "rawStartTime": 1627260553776,
                "rawEndTime": 1627260570628,
                "thinkTime": 0.0,
                "wastedTime": 0.8755402565002441
            },
            {
                "transactionName": "ID500_DW_09_VoltarParaOferta",
                "rawStartTime": 1627260570659,
                "rawEndTime": 1627260579316,
                "thinkTime": 0.0,
                "wastedTime": 0.2361438274383545
            },
            {
                "transactionName": "ID500_DW_10_VoltarAoInicio",
                "rawStartTime": 1627260579348,
                "rawEndTime": 1627260581488,
                "thinkTime": 0.0,
                "wastedTime": 0.19151639938354493
            }
        ]
    }
]