[
    {
        "actionName": "Action",
        "steps": [
            {
                "stepId": "STEP3",
                "stepName": "Custom Request: REQ21_WS_AtualizarEndereco",
                "infFile": "t1.inf",
                "time": 1627401231626
            }
        ],
        "transactions": [
            {
                "transactionName": "REQ21_WS_AtualizarEndereco",
                "rawStartTime": 1627401216341,
                "rawEndTime": 1627401231669,
                "thinkTime": 0.0,
                "wastedTime": 2.0067338943481447
            }
        ]
    }
]