[
    {
        "actionName": "Action",
        "steps": [
            {
                "stepId": "STEP1",
                "stepName": "Custom Request: REQ10_WS_CobrancasPendentes",
                "infFile": "t1.inf",
                "time": 1627579350092
            }
        ],
        "transactions": [
            {
                "transactionName": "REQ10_WS_CobrancasPendentes",
                "rawStartTime": 1627579328280,
                "rawEndTime": 1627579350114,
                "thinkTime": 0.0,
                "wastedTime": 0.1680011749267578
            }
        ]
    }
]