[
    {
        "actionName": "Action",
        "steps": [
            {
                "stepId": "STEP1",
                "stepName": "Url: frmCorCCCnsLogin.aspx",
                "infFile": "t3.inf",
                "time": 1627305342143
            },
            {
                "stepId": "STEP2",
                "stepName": "Submit Data: frmCorCCCnsLogin.aspx_2",
                "infFile": "t6.inf",
                "time": 1627305347765
            },
            {
                "stepId": "STEP3",
                "stepName": "Submit Data: frmMain.aspx",
                "infFile": "t9.inf",
                "time": 1627305350972
            },
            {
                "stepId": "STEP4",
                "stepName": "Submit Data: frmConAtSrcConsorciado.aspx",
                "infFile": "t10.inf",
                "time": 1627305358735
            },
            {
                "stepId": "STEP5",
                "stepName": "Url: Emissão de Cobrança",
                "infFile": "t13.inf",
                "time": 1627305364489
            },
            {
                "stepId": "STEP6",
                "stepName": "Submit Data: frmConCoRelBoletoAvulso.aspx",
                "infFile": "t15.inf",
                "time": 1627305367644
            },
            {
                "stepId": "STEP7",
                "stepName": "Submit Data: frmConCoRelBoletoAvulso.aspx_2",
                "infFile": "t16.inf",
                "time": 1627305373597
            },
            {
                "stepId": "STEP8",
                "stepName": "Url: frmMain.aspx_2",
                "infFile": "t18.inf",
                "time": 1627305375695
            },
            {
                "stepId": "STEP9",
                "stepName": "Submit Data: frmMain.aspx_3",
                "infFile": "t19.inf",
                "time": 1627305378000
            }
        ],
        "transactions": [
            {
                "transactionName": "ID1005_BW_01_LoadURL",
                "rawStartTime": 1627305335827,
                "rawEndTime": 1627305342146,
                "thinkTime": 0.0,
                "wastedTime": 1.5887997150421143
            },
            {
                "transactionName": "ID1005_BW_02_Login",
                "rawStartTime": 1627305342286,
                "rawEndTime": 1627305347767,
                "thinkTime": 0.0,
                "wastedTime": 0.9389693737030029
            },
            {
                "transactionName": "ID1005_BW_03_Atendimento",
                "rawStartTime": 1627305347916,
                "rawEndTime": 1627305350974,
                "thinkTime": 0.0,
                "wastedTime": 0.24261951446533204
            },
            {
                "transactionName": "ID1005_BW_04_LocalizarConsorciado",
                "rawStartTime": 1627305351095,
                "rawEndTime": 1627305358737,
                "thinkTime": 0.0,
                "wastedTime": 0.24809718132019044
            },
            {
                "transactionName": "ID1005_BW_05_EmissaoCobranca",
                "rawStartTime": 1627305358847,
                "rawEndTime": 1627305364491,
                "thinkTime": 0.0,
                "wastedTime": 0.4221177101135254
            },
            {
                "transactionName": "ID1005_BW_06_SelecionarPendencia",
                "rawStartTime": 1627305364609,
                "rawEndTime": 1627305367646,
                "thinkTime": 0.0,
                "wastedTime": 0.19025588035583497
            },
            {
                "transactionName": "ID1005_BW_07_EmitirCobranca",
                "rawStartTime": 1627305367790,
                "rawEndTime": 1627305373599,
                "thinkTime": 0.0,
                "wastedTime": 0.19023847579956056
            },
            {
                "transactionName": "ID1005_BW_08_Sistema",
                "rawStartTime": 1627305373743,
                "rawEndTime": 1627305375696,
                "thinkTime": 0.0,
                "wastedTime": 0.1688232421875
            },
            {
                "transactionName": "ID1005_BW_09_Logout",
                "rawStartTime": 1627305375821,
                "rawEndTime": 1627305378002,
                "thinkTime": 0.0,
                "wastedTime": 0.23316025733947755
            }
        ]
    }
]