[
    {
        "actionName": "Action",
        "steps": [
            {
                "stepId": "STEP8",
                "stepName": "Custom Request: wstransaction",
                "infFile": "t1.inf",
                "time": 1627273147760
            }
        ],
        "transactions": [
            {
                "transactionName": "URA009_WS_01_transaction",
                "rawStartTime": 1627273132954,
                "rawEndTime": 1627273149128,
                "thinkTime": 0.0,
                "wastedTime": 3.1066285476684567
            }
        ]
    }
]