[
    {
        "actionName": "Action",
        "steps": [
            {
                "stepId": "STEP4",
                "stepName": "Custom Request: REQ21_WS_AtualizarEndereco",
                "infFile": "t1.inf",
                "time": 1627401259881
            }
        ],
        "transactions": [
            {
                "transactionName": "REQ21_WS_AtualizarEndereco",
                "rawStartTime": 1627401245247,
                "rawEndTime": 1627401259919,
                "thinkTime": 0.0,
                "wastedTime": 2.0389933586120607
            }
        ]
    }
]