{"OutputFileHashSum":"7AE0CB6ACB8A26C7AC50C7138371F93132CAFA97BF64444268BCCBC8A72B8904","Converted":true,"OutputModifyDate":"2021-07-29T17:22:30.8706469Z","Metadatas":[],"MetadataTypes":[{"CategoryName":"VuGen.Replay","MetadataTypeName":"HP.LR.Vugen.NotifySavingParameter","Id":1},{"CategoryName":"VuGen.Replay","MetadataTypeName":"HP.LR.Vugen.Iteration","Id":2},{"CategoryName":"VuGen.Replay","MetadataTypeName":"HP.LR.Vugen.NotifyAny","Id":3},{"CategoryName":"VuGen.Replay","MetadataTypeName":"HP.LR.Vugen.NotifyTransaction","Id":4},{"CategoryName":"VuGen.Replay","MetadataTypeName":"Utt.Debugger.Error","Id":5},{"CategoryName":"VuGen.Replay","MetadataTypeName":"HP.LR.Vugen.Warning","Id":6}]}