<soapenv:Envelope xmlns:soapenv="http://schemas.xmlsoap.org/soap/envelope/" xmlns:v1="http://gis.gmfapps.gmfinancial.com/schemas/CRMNewcon/V1_0" xmlns:ser="http://gis.gmfapps.gmfinancial.com/schemas/CRMNewcon/V1_0/Servicos" xmlns:ser1="http://gis.gmfapps.gmfinancial.com/schemas/CRMNewcon/V1_0/Servicos.Entidades">

<soapenv:Header soapenv:actor="">
	<wsse:Security xmlns:wsse="http://docs.oasis-open.org/wss/2004/01/oasis-200401-wss-wssecurity-secext-1.0.xsd" soapenv:mustUnderstand="">
		<wsse:UsernameToken>
			<wsse:Username>dynamics</wsse:Username>
			<wsse:Password Type="http://docs.oasis-open.org/wss/2004/01/oasis-200401-wss-username-token-profile-1.0#PasswordText">h$A\%AYR5t;7'R_~</wsse:Password>
		</wsse:UsernameToken>
	</wsse:Security>
</soapenv:Header>
   <soapenv:Body>
      <v1:cnsGMFCobrancasPendentes>
         <!--Optional:-->
         <v1:entrada>
            <!--Optional:-->
            <ser:codigoCota>0020</ser:codigoCota>
            <!--Optional:-->
            <ser:codigoGrupo>040040</ser:codigoGrupo>
            <!--Optional:-->
            <ser:idCota>0</ser:idCota>
            <!--Optional:-->
            <ser:versao>00</ser:versao>
            <!--Optional:-->
            <ser1:qtdRegistros>0</ser1:qtdRegistros>
         </v1:entrada>
      </v1:cnsGMFCobrancasPendentes>
   </soapenv:Body>
</soapenv:Envelope>