<soapenv:Envelope xmlns:soapenv="http://schemas.xmlsoap.org/soap/envelope/" xmlns:v1="http://gis.gmfapps.gmfinancial.com/schemas/CRMNewcon/V1_0" xmlns:ser="http://gis.gmfapps.gmfinancial.com/schemas/CRMNewcon/V1_0/Servicos" xmlns:ser1="http://gis.gmfapps.gmfinancial.com/schemas/CRMNewcon/V1_0/Servicos.Entidades">

<soapenv:Header soapenv:actor="">
	<wsse:Security xmlns:wsse="http://docs.oasis-open.org/wss/2004/01/oasis-200401-wss-wssecurity-secext-1.0.xsd" soapenv:mustUnderstand="">
		<wsse:UsernameToken>
			<wsse:Username>dynamics</wsse:Username>
			<wsse:Password Type="http://docs.oasis-open.org/wss/2004/01/oasis-200401-wss-username-token-profile-1.0#PasswordText">h$A\%AYR5t;7'R_~</wsse:Password>
		</wsse:UsernameToken>
	</wsse:Security>
</soapenv:Header>

   <soapenv:Body>
      <v1:prcGMFGeraBoleto>
         <!--Optional:-->
         <v1:entrada>
            <!--Optional:-->
            <ser:codigoCota>0020</ser:codigoCota>
            <!--Optional:-->
            <ser:codigoGrupo>040040</ser:codigoGrupo>
            <!--Optional:-->
            <ser:idCota>0</ser:idCota>
            <!--Optional:-->
            <ser:versao>00</ser:versao>
            <!--Optional:-->
            <ser1:celular>1150701799</ser1:celular>
            <!--Optional:-->
            <ser1:codigoUsuario>0</ser1:codigoUsuario>
            <!--Optional:-->
            <ser1:dataVencimento>2021-07-09T00:00:00</ser1:dataVencimento>
            <!--Optional:-->
            <ser1:descricaoAvisos>P000218074</ser1:descricaoAvisos>
            <!--Optional:-->
            <ser1:descricaoMensagem>Parcela</ser1:descricaoMensagem>
            <!--Optional:-->
            <ser1:email></ser1:email>
            <!--Optional:-->
            <ser1:formaEnvio>X</ser1:formaEnvio>
            <!--Optional:-->
            <ser1:tipoBoleto>p</ser1:tipoBoleto>
            <!--Optional:-->
            <ser1:valorAntecipacao>0</ser1:valorAntecipacao>
         </v1:entrada>
      </v1:prcGMFGeraBoleto>
   </soapenv:Body>
</soapenv:Envelope>