<?xml version="1.0" encoding="utf-8"?>
<VugenScriptMetadata>
  <ScriptName>REQ27_WS_GerarBoleto</ScriptName>
  <Protocol>Web - HTTP/HTML</Protocol>
  <ActionFiles>
    <FileEntry Name="vuser_init.c" Filter="2" />
    <FileEntry Name="Action.c" Filter="2" />
    <FileEntry Name="vuser_end.c" Filter="2" />
  </ActionFiles>
  <GeneralFiles>
    <FileEntry Name="REQ27_WS_GerarBoleto.usr" Filter="4" />
    <FileEntry Name="default.cfg" Filter="4" />
    <FileEntry Name="default.usp" Filter="4" />
    <FileEntry Name="REQ27_WS_GerarBoleto.prm" Filter="2" />
    <FileEntry Name="globals.h" Filter="2" />
    <FileEntry Name="endPoint.dat" Filter="2" />
    <FileEntry Name="pCota.dat" Filter="2" />
    <FileEntry Name="request.xml" Filter="2" />
    <FileEntry Name="Watches.xml" Filter="2" />
    <FileEntry Name="request2.xml" Filter="2" />
    <FileEntry Name="Bookmarks.xml" Filter="1" />
    <FileEntry Name="Breakpoints.xml" Filter="1" />
    <FileEntry Name="CompilerLogMetadata.xml" Filter="1" />
    <FileEntry Name="logfile.log" Filter="1" />
    <FileEntry Name="mdrv.log" Filter="1" />
    <FileEntry Name="mdrv_cmd.txt" Filter="1" />
    <FileEntry Name="options.txt" Filter="1" />
    <FileEntry Name="output.bak" Filter="1" />
    <FileEntry Name="output.txt" Filter="1" />
    <FileEntry Name="OutputColoringDatabase.json" Filter="1" />
    <FileEntry Name="RAT3.0_GetRescheduleAppointment_NewInstall_07d.prm.bak" Filter="1" />
    <FileEntry Name="ReplaySummaryReport.xml" Filter="1" />
    <FileEntry Name="REQ21_WS_AtualizarEndereco.prm.bak" Filter="1" />
    <FileEntry Name="REQ21_WS_AtualizarEndereco_v1.prm.bak" Filter="1" />
    <FileEntry Name="REQ27_WS_GerarBoleto.bak" Filter="1" />
    <FileEntry Name="REQ27_WS_GerarBoleto_v0 PREPROD.prm.bak" Filter="1" />
    <FileEntry Name="REQ27_WS_GerarBoleto_v0 PROD.prm.bak" Filter="1" />
    <FileEntry Name="REQ27_WS_GerarBoleto_v0.prm.bak" Filter="1" />
    <FileEntry Name="REQ6_WS_DadosContrato.prm.bak" Filter="1" />
    <FileEntry Name="ScriptUploadMetadata.xml" Filter="1" />
    <FileEntry Name="shunra.shunra" Filter="1" />
    <FileEntry Name="URA002_WS_DadosContrato.prm.bak" Filter="1" />
    <FileEntry Name="UserTasks.xml" Filter="1" />
    <FileEntry Name="result1\" Filter="1" />
  </GeneralFiles>
</VugenScriptMetadata>