<?xml version="1.0" encoding="UTF-8"?><SLA Version="1.0"><TxList><Tx>ID500_AA_05_NaoRepetir</Tx><Tx>ID1005_BC_14_FecharBoleto</Tx><Tx>ID500_DW_07_SimularLance</Tx><Tx>ID603_DW_03_Credito</Tx><Tx>ID500_DW_02_Login</Tx><Tx>ID500_BW_07_SimularLance</Tx><Tx>ID603_BW_01_LoadURL</Tx><Tx>ID500_AA_06_ReduzirParcela</Tx><Tx>ID500_DW_11_Logout</Tx><Tx>ID500_DW_09_VoltarParaOferta</Tx><Tx>vuser_end_Transaction</Tx><Tx>ID500_BW_10_VoltarAoInicio</Tx><Tx>ID1033_DW_04_LocalizarConsorciado</Tx><Tx>ID1033_BW_04_LocalizarConsorciado</Tx><Tx>ID603_BW_03_Credito</Tx><Tx>ID603_BW_06_Selecionar</Tx><Tx>ID500_AA_07_ConfirmarLance</Tx><Tx>ID1005_AA_02_Login</Tx><Tx>ID1005_AA_06_GerarBoleto</Tx><Tx>ID1005_BW_04_LocalizarConsorciado</Tx><Tx>ID1005_BW_06_SelecionarPendencia</Tx><Tx>ID1005_DW_06_SelecionarPendencia</Tx><Tx>ID1005_DW_04_LocalizarConsorciado</Tx><Tx>ID1005_BC_15_NaoEmitirOutro</Tx><Tx>ID603_DW_04_ConcessaoCredito</Tx><Tx>ID1005_BC_19_DesconectarRDP</Tx><Tx>ID1005_BC_13_OK_Enviado</Tx><Tx>ID500_DW_04_MenuPosicao</Tx><Tx>ID1033_DW_05_FaseAnalise</Tx><Tx>ID1033_BW_05_FaseAnalise</Tx><Tx>ID603_DW_08_Sistema</Tx><Tx>ID500_BW_01_LoadURL</Tx><Tx>ID603_BW_08_Sistema</Tx><Tx>ID603_BW_02_Login</Tx><Tx>ID603_BW_07_DetalhesContemplacao</Tx><Tx>ID603_DW_09_Logout</Tx><Tx>ID603_DW_07_DetalhesContemplacao</Tx><Tx>ID500_BW_05_LocalizarConsorciado</Tx><Tx>ID603_BW_05_ProcessoContemplacao</Tx><Tx>ID1005_BW_05_EmissaoCobranca</Tx><Tx>ID1005_DW_05_EmissaoCobranca</Tx><Tx>ID1005_BC_02_OK</Tx><Tx>ID1005_BC_11_SelecionarPendencia</Tx><Tx>ID1005_BC_04_NewCon</Tx><Tx>ID1005_BC_09_EmissaoCobranca</Tx><Tx>ID603_DW_05_ProcessoContemplacao</Tx><Tx>ID500_DW_10_VoltarAoInicio</Tx><Tx>ID500_DW_05_LocalizarConsorciado</Tx><Tx>ID1033_DW_02_Login</Tx><Tx>ID1033_BW_02_Login</Tx><Tx>vuser_init_Transaction</Tx><Tx>ID1005_BW_02_Login</Tx><Tx>ID1005_DW_02_Login</Tx><Tx>ID500_BW_03_MenuAtendimento</Tx><Tx>ID1005_BW_09_Logout</Tx><Tx>ID1005_DW_09_Logout</Tx><Tx>ID1005_BC_10_LocalizarPendencias</Tx><Tx>ID500_BW_09_VoltarParaOferta</Tx><Tx>ID603_BW_09_Logout</Tx><Tx>ID500_AA_03_LinkLanceLivre</Tx><Tx>ID500_AA_04_LinkValor</Tx><Tx>ID1005_AA_09_Confirmar</Tx><Tx>ID1005_AA_03_SelecionarCota</Tx><Tx>ID1005_BC_17_EncessarSessao</Tx><Tx>ID1005_BC_03_LoginRDP</Tx><Tx>ID500_BW_04_MenuPosicao</Tx><Tx>ID500_BW_02_Login</Tx><Tx>ID500_BW_08_ConfirmarLance</Tx><Tx>ID500_AA_09_Logout</Tx><Tx>ID1005_AA_01_LoadURL</Tx><Tx>ID1005_BW_01_LoadURL</Tx><Tx>ID1005_BW_03_Atendimento</Tx><Tx>ID1005_DW_01_LoadURL</Tx><Tx>ID1005_DW_03_Atendimento</Tx><Tx>ID1005_BC_01_IniciaRDP</Tx><Tx>ID1005_BC_07_Atendimento</Tx><Tx>ID603_DW_02_Login</Tx><Tx>ID500_DW_08_ConfirmarLance</Tx><Tx>ID1033_DW_03_Atendimento</Tx><Tx>ID1033_DW_01_LoadURL</Tx><Tx>ID1033_BW_03_Atendimento</Tx><Tx>ID1033_BW_07_Logout</Tx><Tx>ID1033_BW_01_LoadURL</Tx><Tx>ID603_BW_04_ConcessaoCredito</Tx><Tx>ID500_AA_02_Login</Tx><Tx>ID1005_BW_07_EmitirCobranca</Tx><Tx>ID1005_DW_07_EmitirCobranca</Tx><Tx>ID1005_BC_08_LocalizarConsorciado</Tx><Tx>ID603_DW_01_LoadURL</Tx><Tx>ID500_DW_06_MenuOfertaLance</Tx><Tx>ID500_DW_01_LoadURL</Tx><Tx>ID500_BW_11_Logout</Tx><Tx>ID500_AA_08_ImprimirComprovante</Tx><Tx>ID1005_AA_07_ImprimirBoleto</Tx><Tx>ID1005_AA_04_Boletos</Tx><Tx>ID1005_BC_05_LoginNewCon</Tx><Tx>ID1005_BC_12_ImprimirBoleto</Tx><Tx>ID603_DW_06_Selecionar</Tx><Tx>ID500_BW_06_MenuOfertaLance</Tx><Tx>ID1005_AA_05_SelecionarBoleto</Tx><Tx>ID1005_AA_10_Logout</Tx><Tx>ID1005_BW_08_Sistema</Tx><Tx>ID1005_DW_08_Sistema</Tx><Tx>ID1005_BC_16_FecharJanelas</Tx><Tx>ID1033_BW_06_Sistema</Tx><Tx>ID500_AA_01_LoadURL</Tx><Tx>Lib-View_Transaction</Tx><Tx>ID1005_BC_06_SistemaNewCon</Tx><Tx>ID1005_BC_18_Sair</Tx><Tx>ID500_DW_03_MenuAtendimento</Tx><Tx>Action_Transaction</Tx></TxList><SLARules><TrackingPeriodType>Default</TrackingPeriodType><TrackingPeriodValue></TrackingPeriodValue><TrackingPeriodTimeScale></TrackingPeriodTimeScale></SLARules></SLA>