[
    {
        "actionName": "Action",
        "steps": [
            {
                "stepId": "STEP1",
                "stepName": "Custom Request: REQ21_WS_AtualizarEndereco",
                "infFile": "t1.inf",
                "time": 1627401169537
            }
        ],
        "transactions": [
            {
                "transactionName": "REQ21_WS_AtualizarEndereco",
                "rawStartTime": 1627401151982,
                "rawEndTime": 1627401169575,
                "thinkTime": 0.0,
                "wastedTime": 2.1251261234283449
            }
        ]
    }
]