<?xml version='1.0' encoding='UTF-8'?><soapenv:Envelope xmlns:soapenv="http://schemas.xmlsoap.org/soap/envelope/" xmlns:tns="http://gis.gmfapps.gmfinancial.com/schemas/CRMNewcon/V1_0" xmlns:tns1="http://gis.gmfapps.gmfinancial.com/schemas/CRMNewcon/V1_0/Servicos" xmlns:xsi="http://www.w3.org/2001/XMLSchema-instance"><soapenv:Body><tns:prcGMFAtualizaEnderecoResponse><tns:prcGMFAtualizaEnderecoResult><tns1:codigoErro>0</tns1:codigoErro><tns1:mensagemErro xmlns:i="http://www.w3.org/2001/XMLSchema-instance" i:nil="true" /></tns:prcGMFAtualizaEnderecoResult></tns:prcGMFAtualizaEnderecoResponse></soapenv:Body></soapenv:Envelope>