[
    {
        "actionName": "Action",
        "steps": [
            {
                "stepId": "STEP2",
                "stepName": "Custom Request: REQ21_WS_AtualizarEndereco",
                "infFile": "t1.inf",
                "time": 1627401198899
            }
        ],
        "transactions": [
            {
                "transactionName": "REQ21_WS_AtualizarEndereco",
                "rawStartTime": 1627401184013,
                "rawEndTime": 1627401198936,
                "thinkTime": 0.0,
                "wastedTime": 1.996586561203003
            }
        ]
    }
]