<?xml version="1.0" encoding="UTF-8" ?> 
<soapenv:Envelope 
	xmlns:soapenv="http://schemas.xmlsoap.org/soap/envelope/" 
	xmlns:oas="http://docs.oasis-open.org/wss/2004/01/oasis-200401-wss-wssecurity-secext-1.0.xsd" 
	xmlns:oas1="http://docs.oasis-open.org/wss/2004/01/oasis-200401-wss-wssecurity-utility-1.0.xsd" 
	xmlns:v1="http://gis.gmfapps.gmfinancial.com/schemas/IVRNewcon/V1_0">   
   
      <soapenv:Header>
      <oas:Security>
         <oas:UsernameToken oas1:Id="UsernameToken-2">
            <oas:Username oas1:Id="Username">gisuserpp</oas:Username>
            <oas:Password oas1:Id="Password" Type="http://docs.oasis-open.org/wss/2004/01/oasis-200401-wss-username-token-profile-1.0#PasswordText">w3rg3n1us</oas:Password>
         </oas:UsernameToken>
      </oas:Security>
	</soapenv:Header>
	

   
   <soapenv:Body>
      <v1:GMUra002Entrada>
         <!--Optional:-->
         <v1:CD_Cota>0044</v1:CD_Cota>
         <!--Optional:-->
         <v1:CD_Grupo>084711</v1:CD_Grupo>
         <!--Optional:-->
         <v1:CD_Transacao>0002</v1:CD_Transacao>
      </v1:GMUra002Entrada>
   </soapenv:Body>
</soapenv:Envelope>
