<?xml version="1.0" encoding="UTF-8" ?> 
<soapenv:Envelope 
	xmlns:soapenv="http://schemas.xmlsoap.org/soap/envelope/" 
	xmlns:oas="http://docs.oasis-open.org/wss/2004/01/oasis-200401-wss-wssecurity-secext-1.0.xsd" 
	xmlns:oas1="http://docs.oasis-open.org/wss/2004/01/oasis-200401-wss-wssecurity-utility-1.0.xsd" 
	xmlns:v1="http://gis.gmfapps.gmfinancial.com/schemas/IVRNewcon/V1_0">   
   
   <soapenv:Header>
      <wsse:Security soapenv:actor="" soapenv:mustUnderstand="" xmlns:wsse="http://docs.oasis-open.org/wss/2004/01/oasis-200401-wss-wssecurity-secext-1.0.xsd">
         <wsse:UsernameToken>
            <wsse:Username>dynamics</wsse:Username>
            <wsse:Password Type="http://docs.oasis-open.org/wss/2004/01/oasis-200401-wss-username-token-profile-1.0#PasswordText">h$A\%AYR5t;7'R_~</wsse:Password>
         </wsse:UsernameToken>
      </wsse:Security>
   </soapenv:Header>

   <soapenv:Body>
      <v1:GMUra002Entrada>
         <!--Optional:-->
         <v1:CD_Cota>0044</v1:CD_Cota>
         <!--Optional:-->
         <v1:CD_Grupo>084711</v1:CD_Grupo>
         <!--Optional:-->
         <v1:CD_Transacao>0002</v1:CD_Transacao>
      </v1:GMUra002Entrada>
   </soapenv:Body>
</soapenv:Envelope>
