<?xml version="1.0" encoding="UTF-8" ?> 
<soapenv:Envelope 
	xmlns:soapenv="http://schemas.xmlsoap.org/soap/envelope/" 
	xmlns:oas="http://docs.oasis-open.org/wss/2004/01/oasis-200401-wss-wssecurity-secext-1.0.xsd" 
	xmlns:oas1="http://docs.oasis-open.org/wss/2004/01/oasis-200401-wss-wssecurity-utility-1.0.xsd" 
	xmlns:v1="http://gis.gmfapps.gmfinancial.com/schemas/IVRNewcon/V1_0">   
   
   <soapenv:Header soapenv:actor="">
      <wsse:Security soapenv:mustUnderstand="" xmlns:wsse="http://docs.oasis-open.org/wss/2004/01/oasis-200401-wss-wssecurity-secext-1.0.xsd">
         <wsse:UsernameToken>
            <wsse:Username>dynamics</wsse:Username>
            <wsse:Password Type="http://docs.oasis-open.org/wss/2004/01/oasis-200401-wss-username-token-profile-1.0#PasswordText">h$A\%AYR5t;7'R_~</wsse:Password>
         </wsse:UsernameToken>
      </wsse:Security>
   </soapenv:Header>

   <soapenv:Body>
      <v1:GMUra009Entrada>
         <!--Optional:-->
         <v1:CD_Cota>0000</v1:CD_Cota>
         <!--Optional:-->
         <v1:CD_Grupo>000000</v1:CD_Grupo>
         <!--Optional:-->
         <v1:CD_Transacao>0000</v1:CD_Transacao>
         <!--Optional:-->
         <v1:Celular>11900001111</v1:Celular>
         <!--Optional:-->
         <v1:ST_Tipo_Boleto>1</v1:ST_Tipo_Boleto>
         <!--Optional:-->
         <v1:ST_Tipo_Envio>3</v1:ST_Tipo_Envio>
         <!--Optional:-->
         <v1:VL_Antecipacao>0</v1:VL_Antecipacao>
      </v1:GMUra009Entrada>
   </soapenv:Body>
</soapenv:Envelope>
