<?xml version="1.0" encoding="utf-8"?>
<VugenScriptMetadata>
  <ScriptName>URA009_WS_GeraBoleto</ScriptName>
  <Protocol>Web Services</Protocol>
  <ActionFiles>
    <FileEntry Name="vuser_init.c" Filter="2" />
    <FileEntry Name="Action.c" Filter="2" />
    <FileEntry Name="vuser_end.c" Filter="2" />
  </ActionFiles>
  <GeneralFiles>
    <FileEntry Name="URA009_WS_GeraBoleto.usr" Filter="4" />
    <FileEntry Name="default.cfg" Filter="4" />
    <FileEntry Name="default.usp" Filter="4" />
    <FileEntry Name="URA009_WS_GeraBoleto.prm" Filter="2" />
    <FileEntry Name="globals.h" Filter="2" />
    <FileEntry Name="boleto.dat" Filter="2" />
    <FileEntry Name="endPoint.dat" Filter="2" />
    <FileEntry Name="cota.dat" Filter="2" />
    <FileEntry Name="envio.dat" Filter="2" />
    <FileEntry Name="dxcutils.c" Filter="2" />
    <FileEntry Name="req_new.xml" Filter="2" />
    <FileEntry Name="req_pre.xml" Filter="2" />
    <FileEntry Name="request.xml" Filter="2" />
    <FileEntry Name="script_operations.xml" Filter="2" />
    <FileEntry Name="WSDL\" Filter="2" />
    <FileEntry Name="Bookmarks.xml" Filter="1" />
    <FileEntry Name="Breakpoints.xml" Filter="1" />
    <FileEntry Name="CompilerLogMetadata.xml" Filter="1" />
    <FileEntry Name="cota1.dat" Filter="1" />
    <FileEntry Name="custom_body_variables.txt" Filter="1" />
    <FileEntry Name="logfile.log" Filter="1" />
    <FileEntry Name="lrw_custom_body.h" Filter="1" />
    <FileEntry Name="mdrv.log" Filter="1" />
    <FileEntry Name="mdrv_cmd.txt" Filter="1" />
    <FileEntry Name="options.txt" Filter="1" />
    <FileEntry Name="output.bak" Filter="1" />
    <FileEntry Name="output.txt" Filter="1" />
    <FileEntry Name="OutputColoringDatabase.json" Filter="1" />
    <FileEntry Name="ReplaySummaryReport.xml" Filter="1" />
    <FileEntry Name="report_view.xsl" Filter="1" />
    <FileEntry Name="ScriptUploadMetadata.xml" Filter="1" />
    <FileEntry Name="URA009_WS_GeraBoleto.prm.bak" Filter="1" />
    <FileEntry Name="URA009_WS_GeraBoleto_02.prm.bak" Filter="1" />
    <FileEntry Name="UserTasks.xml" Filter="1" />
    <FileEntry Name="result1\" Filter="1" />
  </GeneralFiles>
</VugenScriptMetadata>