[
    {
        "actionName": "Action",
        "steps": [
            {
                "stepId": "STEP1",
                "stepName": "Url: frmCorCCCnsLogin.aspx",
                "infFile": "t3.inf",
                "time": 1627338475644
            },
            {
                "stepId": "STEP2",
                "stepName": "Submit Data: frmCorCCCnsLogin.aspx_2",
                "infFile": "t4.inf",
                "time": 1627338485208
            },
            {
                "stepId": "STEP3",
                "stepName": "Url: frmMain.aspx",
                "infFile": "t7.inf",
                "time": 1627338491579
            },
            {
                "stepId": "STEP4",
                "stepName": "Url: frmMainMenu.aspx",
                "infFile": "t9.inf",
                "time": 1627338498661
            },
            {
                "stepId": "STEP5",
                "stepName": "Link: Processo de Contemplação",
                "infFile": "t13.inf",
                "time": 1627338505689
            },
            {
                "stepId": "STEP6",
                "stepName": "Submit Data: frmConCrCnsProcessoContemplacao.aspx",
                "infFile": "t16.inf",
                "time": 1627338542038
            },
            {
                "stepId": "STEP7",
                "stepName": "Submit Data: frmConCrCnsProcessoContemplacao.aspx_2",
                "infFile": "t17.inf",
                "time": 1627338549681
            },
            {
                "stepId": "STEP8",
                "stepName": "Url: frmMain.aspx",
                "infFile": "t20.inf",
                "time": 1627338556310
            },
            {
                "stepId": "STEP9",
                "stepName": "Submit Data: frmMain.aspx_2",
                "infFile": "t21.inf",
                "time": 1627338563589
            }
        ],
        "transactions": [
            {
                "transactionName": "ID603_BW_01_LoadURL",
                "rawStartTime": 1627338466793,
                "rawEndTime": 1627338475646,
                "thinkTime": 0.0,
                "wastedTime": 1.8945934772491456
            },
            {
                "transactionName": "ID603_BW_02_Login",
                "rawStartTime": 1627338475779,
                "rawEndTime": 1627338485210,
                "thinkTime": 0.0,
                "wastedTime": 1.2042596340179444
            },
            {
                "transactionName": "ID603_BW_03_Credito",
                "rawStartTime": 1627338485473,
                "rawEndTime": 1627338491581,
                "thinkTime": 0.0,
                "wastedTime": 0.31754231452941897
            },
            {
                "transactionName": "ID603_BW_04_ConcessaoCredito",
                "rawStartTime": 1627338491728,
                "rawEndTime": 1627338498662,
                "thinkTime": 0.0,
                "wastedTime": 0.40812158584594729
            },
            {
                "transactionName": "ID603_BW_05_ProcessoContemplacao",
                "rawStartTime": 1627338498800,
                "rawEndTime": 1627338505691,
                "thinkTime": 0.0,
                "wastedTime": 0.4580812454223633
            },
            {
                "transactionName": "ID603_BW_06_Selecionar",
                "rawStartTime": 1627338505870,
                "rawEndTime": 1627338542062,
                "thinkTime": 0.0,
                "wastedTime": 0.3887183666229248
            },
            {
                "transactionName": "ID603_BW_07_DetalhesContemplacao",
                "rawStartTime": 1627338542216,
                "rawEndTime": 1627338549682,
                "thinkTime": 0.0,
                "wastedTime": 0.1493537425994873
            },
            {
                "transactionName": "ID603_BW_08_Sistema",
                "rawStartTime": 1627338549818,
                "rawEndTime": 1627338556312,
                "thinkTime": 0.0,
                "wastedTime": 0.23868680000305177
            },
            {
                "transactionName": "ID603_BW_09_Logout",
                "rawStartTime": 1627338556457,
                "rawEndTime": 1627338563591,
                "thinkTime": 0.0,
                "wastedTime": 0.1981813907623291
            }
        ]
    }
]