[
    {
        "actionName": "Action",
        "steps": [
            {
                "stepId": "STEP4",
                "stepName": "Custom Request: wstransaction",
                "infFile": "t1.inf",
                "time": 1627272944292
            }
        ],
        "transactions": [
            {
                "transactionName": "URA009_WS_01_transaction",
                "rawStartTime": 1627272929672,
                "rawEndTime": 1627272945641,
                "thinkTime": 0.0,
                "wastedTime": 3.0651845684051515
            }
        ]
    }
]