[
    {
        "actionName": "Action",
        "steps": [
            {
                "stepId": "STEP81",
                "stepName": "Url: frmMain.aspx",
                "infFile": "t6.inf",
                "time": 1627260734339
            },
            {
                "stepId": "STEP82",
                "stepName": "Url: frmMainMenu.aspx",
                "infFile": "t7.inf",
                "time": 1627260736555
            },
            {
                "stepId": "STEP83",
                "stepName": "Url: frmConAtSrcConsorciado.aspx",
                "infFile": "t10.inf",
                "time": 1627260738872
            },
            {
                "stepId": "STEP84",
                "stepName": "Submit Data: frmConAtSrcConsorciado.aspx_2",
                "infFile": "t12.inf",
                "time": 1627260744988
            },
            {
                "stepId": "STEP85",
                "stepName": "Url: Oferta de Lance",
                "infFile": "t17.inf",
                "time": 1627260750765
            },
            {
                "stepId": "STEP86",
                "stepName": "Submit Data: frmConCpCadCredenciamentoLance.aspx",
                "infFile": "t19.inf",
                "time": 1627260752745
            },
            {
                "stepId": "STEP87",
                "stepName": "Submit Data: frmConCpCadCredenciamentoLance.aspx_2",
                "infFile": "t21.inf",
                "time": 1627260754809
            },
            {
                "stepId": "STEP88",
                "stepName": "Submit Data: frmConCpCadCredenciamentoLance.aspx_3",
                "infFile": "t23.inf",
                "time": 1627260757861
            },
            {
                "stepId": "STEP89",
                "stepName": "Submit Data: frmConCpCadCredenciamentoLance.aspx_4",
                "infFile": "t24.inf",
                "time": 1627260760904
            },
            {
                "stepId": "STEP90",
                "stepName": "Url: frmConCpCadCredenciamentoLance.aspx_5",
                "infFile": "t27.inf",
                "time": 1627260768979
            },
            {
                "stepId": "STEP91",
                "stepName": "Url: frmConCmNewconReports.aspx_2",
                "infFile": "t28.inf",
                "time": 1627260771455
            },
            {
                "stepId": "STEP92",
                "stepName": "Submit Data: frmConCmNewconReports.aspx_8",
                "infFile": "t29.inf",
                "time": 1627260780275
            },
            {
                "stepId": "STEP93",
                "stepName": "Url: frmMain.aspx_2",
                "infFile": "t32.inf",
                "time": 1627260782252
            }
        ],
        "transactions": [
            {
                "transactionName": "ID500_DW_03_MenuAtendimento",
                "rawStartTime": 1627260732916,
                "rawEndTime": 1627260736556,
                "thinkTime": 0.0,
                "wastedTime": 0.3384547233581543
            },
            {
                "transactionName": "ID500_DW_04_MenuPosicao",
                "rawStartTime": 1627260736588,
                "rawEndTime": 1627260738886,
                "thinkTime": 0.0,
                "wastedTime": 0.1593916416168213
            },
            {
                "transactionName": "ID500_DW_05_LocalizarConsorciado",
                "rawStartTime": 1627260738917,
                "rawEndTime": 1627260744996,
                "thinkTime": 0.0,
                "wastedTime": 0.21540451049804688
            },
            {
                "transactionName": "ID500_DW_06_MenuOfertaLance",
                "rawStartTime": 1627260745028,
                "rawEndTime": 1627260750778,
                "thinkTime": 0.0,
                "wastedTime": 0.20137476921081544
            },
            {
                "transactionName": "ID500_DW_07_SimularLance",
                "rawStartTime": 1627260750809,
                "rawEndTime": 1627260757873,
                "thinkTime": 0.0,
                "wastedTime": 0.5428483486175537
            },
            {
                "transactionName": "ID500_DW_08_ConfirmarLance",
                "rawStartTime": 1627260757904,
                "rawEndTime": 1627260773170,
                "thinkTime": 0.0,
                "wastedTime": 1.2571988105773926
            },
            {
                "transactionName": "ID500_DW_09_VoltarParaOferta",
                "rawStartTime": 1627260773201,
                "rawEndTime": 1627260780280,
                "thinkTime": 0.0,
                "wastedTime": 0.21494746208190919
            },
            {
                "transactionName": "ID500_DW_10_VoltarAoInicio",
                "rawStartTime": 1627260780311,
                "rawEndTime": 1627260782264,
                "thinkTime": 0.0,
                "wastedTime": 0.15409374237060548
            }
        ]
    }
]