﻿<DataObject comparison="Ordinal">
  <Section id="">
    <Subsections>
      <Section id="General">
        <Subsections />
        <Entries>
          <Entry key="ElapsedTime">
            <double>310.0999562</double>
          </Entry>
          <Entry key="StartedAt">
            <dateTime>2021-07-27T12:50:32.7341554-03:00</dateTime>
          </Entry>
          <Entry key="EndedAt">
            <dateTime>2021-07-27T12:55:42.8341116-03:00</dateTime>
          </Entry>
          <Entry key="ReplayStatus">
            <LastReplayRunStatus>Passed</LastReplayRunStatus>
          </Entry>
          <Entry key="NumberOfReplayErrors">
            <int>0</int>
          </Entry>
          <Entry key="NumberOfReplayCriticalErrors">
            <int>0</int>
          </Entry>
          <Entry key="NumberOfCompilationErrors">
            <int>0</int>
          </Entry>
        </Entries>
      </Section>
    </Subsections>
    <Entries>
      <Entry key="Iterations">
        <int>6</int>
      </Entry>
    </Entries>
  </Section>
</DataObject>