<soapenv:Envelope xmlns:soapenv="http://schemas.xmlsoap.org/soap/envelope/" xmlns:v1="http://gis.gmfapps.gmfinancial.com/schemas/CRMNewcon/V1_0" xmlns:ser="http://gis.gmfapps.gmfinancial.com/schemas/CRMNewcon/V1_0/Servicos" xmlns:ser1="http://gis.gmfapps.gmfinancial.com/schemas/CRMNewcon/V1_0/Servicos.Entidades">

   <soapenv:Header soapenv:actor="">
      <wsse:Security soapenv:mustUnderstand="" xmlns:wsse="http://docs.oasis-open.org/wss/2004/01/oasis-200401-wss-wssecurity-secext-1.0.xsd">
         <wsse:UsernameToken>
            <wsse:Username>dynamics</wsse:Username>
            <wsse:Password Type="http://docs.oasis-open.org/wss/2004/01/oasis-200401-wss-username-token-profile-1.0#PasswordText">h$A\%AYR5t;7'R_~</wsse:Password>
         </wsse:UsernameToken>
      </wsse:Security>
   </soapenv:Header>

<!--
<soapenv:Header>
	<wsse:Security soapenv:mustUnderstand="1" xmlns:wsse="http://docs.oasis-open.org/wss/2004/01/oasis-200401-wss-wssecurity-secext-1.0.xsd">
	<wsse:UsernameToken wsu:Id="UsernameToken-2" xmlns:wsu="http://docs.oasis-open.org/wss/2004/01/oasis-200401-wss-wssecurity-utility-1.0.xsd">
	<wsse:Username>gisuserpp</wsse:Username>
	<wsse:Password Type="http://docs.oasis-open.org/wss/2004/01/oasis-200401-wss-username-token-profile-1.0#PasswordText">w3rg3n1us</wsse:Password>
	</wsse:UsernameToken>
	</wsse:Security>
</soapenv:Header>
-->
   <soapenv:Body>
      <v1:prcGMFAtualizaEndereco>
         <!--Optional:-->
         <v1:entrada>
            <!--Optional:-->
            <ser:codigoCota>0055</ser:codigoCota>
            <!--Optional:-->
            <ser:codigoGrupo>025002</ser:codigoGrupo>
            <!--Optional:-->
            <ser:idCota>0</ser:idCota>
            <!--Optional:-->
            <ser:versao>00</ser:versao>
            <!--Optional:-->
            <ser1:bairro>planalto paulista</ser1:bairro>
            <!--Optional:-->
            <ser1:caixaPostal></ser1:caixaPostal>
            <!--Optional:-->
            <ser1:cep>04062003</ser1:cep>
            <!--Optional:-->
            <ser1:complemento>bloco b</ser1:complemento>
            <!--Optional:-->
            <ser1:endereco>avenida indianopolis</ser1:endereco>
            <!--Optional:-->
            <ser1:idCidade>55351</ser1:idCidade>
            <!--Optional:-->
            <ser1:idEndereco>0</ser1:idEndereco>
            <!--Optional:-->
            <ser1:idTipoEndereco>1</ser1:idTipoEndereco>
            <!--Optional:-->
            <ser1:idUF>sp</ser1:idUF>
            <!--Optional:-->
            <ser1:nomeCidade>sao paulo</ser1:nomeCidade>
            <!--Optional:-->
            <ser1:numeroEndereco>3096</ser1:numeroEndereco>
         </v1:entrada>
      </v1:prcGMFAtualizaEndereco>
   </soapenv:Body>
</soapenv:Envelope>