[
    {
        "actionName": "Action",
        "steps": [
            {
                "stepId": "STEP94",
                "stepName": "Url: frmMain.aspx",
                "infFile": "t6.inf",
                "time": 1627260784012
            },
            {
                "stepId": "STEP95",
                "stepName": "Url: frmMainMenu.aspx",
                "infFile": "t7.inf",
                "time": 1627260786537
            },
            {
                "stepId": "STEP96",
                "stepName": "Url: frmConAtSrcConsorciado.aspx",
                "infFile": "t10.inf",
                "time": 1627260789045
            },
            {
                "stepId": "STEP97",
                "stepName": "Submit Data: frmConAtSrcConsorciado.aspx_2",
                "infFile": "t12.inf",
                "time": 1627260795093
            },
            {
                "stepId": "STEP98",
                "stepName": "Url: Oferta de Lance",
                "infFile": "t17.inf",
                "time": 1627260801499
            },
            {
                "stepId": "STEP99",
                "stepName": "Submit Data: frmConCpCadCredenciamentoLance.aspx",
                "infFile": "t19.inf",
                "time": 1627260803559
            },
            {
                "stepId": "STEP100",
                "stepName": "Submit Data: frmConCpCadCredenciamentoLance.aspx_2",
                "infFile": "t21.inf",
                "time": 1627260805496
            },
            {
                "stepId": "STEP101",
                "stepName": "Submit Data: frmConCpCadCredenciamentoLance.aspx_3",
                "infFile": "t23.inf",
                "time": 1627260808392
            },
            {
                "stepId": "STEP102",
                "stepName": "Submit Data: frmConCpCadCredenciamentoLance.aspx_4",
                "infFile": "t24.inf",
                "time": 1627260813500
            },
            {
                "stepId": "STEP103",
                "stepName": "Url: frmConCpCadCredenciamentoLance.aspx_5",
                "infFile": "t27.inf",
                "time": 1627260821806
            },
            {
                "stepId": "STEP104",
                "stepName": "Url: frmConCmNewconReports.aspx_2",
                "infFile": "t28.inf",
                "time": 1627260823988
            },
            {
                "stepId": "STEP105",
                "stepName": "Submit Data: frmConCmNewconReports.aspx_8",
                "infFile": "t29.inf",
                "time": 1627260832129
            },
            {
                "stepId": "STEP106",
                "stepName": "Url: frmMain.aspx_2",
                "infFile": "t32.inf",
                "time": 1627260834008
            }
        ],
        "transactions": [
            {
                "transactionName": "ID500_DW_03_MenuAtendimento",
                "rawStartTime": 1627260782748,
                "rawEndTime": 1627260786545,
                "thinkTime": 0.0,
                "wastedTime": 0.2872741222381592
            },
            {
                "transactionName": "ID500_DW_04_MenuPosicao",
                "rawStartTime": 1627260786576,
                "rawEndTime": 1627260789061,
                "thinkTime": 0.0,
                "wastedTime": 0.1860506534576416
            },
            {
                "transactionName": "ID500_DW_05_LocalizarConsorciado",
                "rawStartTime": 1627260789092,
                "rawEndTime": 1627260795108,
                "thinkTime": 0.0,
                "wastedTime": 0.26903796195983889
            },
            {
                "transactionName": "ID500_DW_06_MenuOfertaLance",
                "rawStartTime": 1627260795139,
                "rawEndTime": 1627260801515,
                "thinkTime": 0.0,
                "wastedTime": 0.20858311653137208
            },
            {
                "transactionName": "ID500_DW_07_SimularLance",
                "rawStartTime": 1627260801546,
                "rawEndTime": 1627260808407,
                "thinkTime": 0.0,
                "wastedTime": 0.556729793548584
            },
            {
                "transactionName": "ID500_DW_08_ConfirmarLance",
                "rawStartTime": 1627260808438,
                "rawEndTime": 1627260825346,
                "thinkTime": 0.0,
                "wastedTime": 0.9771809577941895
            },
            {
                "transactionName": "ID500_DW_09_VoltarParaOferta",
                "rawStartTime": 1627260825377,
                "rawEndTime": 1627260832143,
                "thinkTime": 0.0,
                "wastedTime": 0.22110390663146974
            },
            {
                "transactionName": "ID500_DW_10_VoltarAoInicio",
                "rawStartTime": 1627260832174,
                "rawEndTime": 1627260834018,
                "thinkTime": 0.0,
                "wastedTime": 0.1804521083831787
            }
        ]
    }
]