[
    {
        "actionName": "Action",
        "steps": [
            {
                "stepId": "STEP8",
                "stepName": "Url: frmCorCCCnsLogin.aspx",
                "infFile": "t3.inf",
                "time": 1627314410720
            },
            {
                "stepId": "STEP9",
                "stepName": "Submit Data: frmCorCCCnsLogin.aspx_2",
                "infFile": "t6.inf",
                "time": 1627314417372
            },
            {
                "stepId": "STEP10",
                "stepName": "Submit Data: frmMain.aspx",
                "infFile": "t9.inf",
                "time": 1627314420513
            },
            {
                "stepId": "STEP11",
                "stepName": "Submit Data: frmConAtSrcConsorciado.aspx",
                "infFile": "t11.inf",
                "time": 1627314428558
            },
            {
                "stepId": "STEP12",
                "stepName": "Submit Data: frmConAtCnsAtendimento.aspx",
                "infFile": "t12.inf",
                "time": 1627314431730
            },
            {
                "stepId": "STEP13",
                "stepName": "Url: frmMain.aspx_2",
                "infFile": "t14.inf",
                "time": 1627314435348
            },
            {
                "stepId": "STEP14",
                "stepName": "Submit Data: frmMain.aspx_3",
                "infFile": "t15.inf",
                "time": 1627314438295
            }
        ],
        "transactions": [
            {
                "transactionName": "ID1033_BW_01_LoadURL",
                "rawStartTime": 1627314405358,
                "rawEndTime": 1627314410721,
                "thinkTime": 0.0,
                "wastedTime": 1.6015148162841797
            },
            {
                "transactionName": "ID1033_BW_02_Login",
                "rawStartTime": 1627314410880,
                "rawEndTime": 1627314417374,
                "thinkTime": 0.0,
                "wastedTime": 1.305968999862671
            },
            {
                "transactionName": "ID1033_BW_03_Atendimento",
                "rawStartTime": 1627314417525,
                "rawEndTime": 1627314420515,
                "thinkTime": 0.0,
                "wastedTime": 0.27419424057006838
            },
            {
                "transactionName": "ID1033_BW_04_LocalizarConsorciado",
                "rawStartTime": 1627314420678,
                "rawEndTime": 1627314428560,
                "thinkTime": 0.0,
                "wastedTime": 0.5663414001464844
            },
            {
                "transactionName": "ID1033_BW_05_FaseAnalise",
                "rawStartTime": 1627314428726,
                "rawEndTime": 1627314431732,
                "thinkTime": 0.0,
                "wastedTime": 0.24499773979187013
            },
            {
                "transactionName": "ID1033_BW_06_Sistema",
                "rawStartTime": 1627314431883,
                "rawEndTime": 1627314435349,
                "thinkTime": 0.0,
                "wastedTime": 0.44329237937927248
            },
            {
                "transactionName": "ID1033_BW_07_Logout",
                "rawStartTime": 1627314435522,
                "rawEndTime": 1627314438297,
                "thinkTime": 0.0,
                "wastedTime": 0.2518014907836914
            }
        ]
    }
]